{"type":"FeatureCollection","features":[{"type":"Feature","properties":{"FID":6286,"MSOA21CD":"E02006534","MSOA21NM":"Adur 001","MSOA21NMW":" ","BNG_E":523436,"BNG_N":107159,"LAT":50.8508,"LONG":-0.2478,"Shape__Area":6536771.2155,"Shape__Length":16481.529,"GlobalID":"f0e0cc3d-d4b0-4171-a053-214db2f019e3","msoa21hclnm":"Hillside","localauthorityname":"Adur","type":"Present in 2011","Life_expectancy_at_birth_male":81.5421,"Life_expectancy_at_birth_female":83.8273,"Healthy_life_expectancy_male":67.1,"Healthy_life_expectancy_female":67.6,"Area_Name":"Hillside","Life_expectancy_at_birth_male_compared_to_england":"Better","Life_expectancy_at_birth_female_compared_to_england":"Similar","Healthy_life_expectancy_male_compared_to_england":"Better","Healthy_life_expectancy_female_compared_to_england":"Similar"},"geometry":{"type":"MultiPolygon","coordinates":[[[[-0.2398,50.862],[-0.239,50.8587],[-0.2364,50.8575],[-0.236,50.8566],[-0.2359,50.8538],[-0.2354,50.8524],[-0.2327,50.8498],[-0.2321,50.8493],[-0.2306,50.8483],[-0.2302,50.8476],[-0.2298,50.8471],[-0.2293,50.8457],[-0.2285,50.8457],[-0.2281,50.8452],[-0.2279,50.8448],[-0.2259,50.8429],[-0.2253,50.8418],[-0.2233,50.8395],[-0.2229,50.8391],[-0.2215,50.8375],[-0.22,50.8358],[-0.2198,50.8356],[-0.2224,50.8356],[-0.2266,50.8364],[-0.2276,50.8365],[-0.2276,50.8362],[-0.2268,50.8359],[-0.2271,50.8344],[-0.2265,50.8344],[-0.2261,50.8336],[-0.2291,50.8333],[-0.2297,50.8338],[-0.2285,50.8344],[-0.229,50.8356],[-0.2329,50.8359],[-0.2343,50.8367],[-0.2343,50.8368],[-0.2363,50.8364],[-0.2371,50.8372],[-0.2367,50.8382],[-0.2374,50.8384],[-0.2373,50.8385],[-0.2383,50.8386],[-0.2381,50.8378],[-0.2392,50.8377],[-0.2397,50.8374],[-0.2402,50.8377],[-0.242,50.8376],[-0.243,50.8377],[-0.2426,50.8375],[-0.2441,50.8373],[-0.2441,50.8374],[-0.2485,50.8376],[-0.2484,50.8383],[-0.2489,50.8383],[-0.2495,50.8389],[-0.2488,50.8393],[-0.2496,50.8401],[-0.2522,50.8402],[-0.2523,50.8395],[-0.255,50.8398],[-0.2549,50.8407],[-0.2555,50.841],[-0.2554,50.8418],[-0.2547,50.8418],[-0.2507,50.8414],[-0.2498,50.8416],[-0.2493,50.8414],[-0.2484,50.8416],[-0.2486,50.8423],[-0.2494,50.8424],[-0.2526,50.845],[-0.2528,50.8452],[-0.2559,50.8474],[-0.2592,50.8492],[-0.2617,50.8502],[-0.2628,50.8486],[-0.2638,50.8491],[-0.2649,50.8503],[-0.2647,50.8525],[-0.2653,50.8544],[-0.2672,50.8572],[-0.2701,50.86],[-0.2752,50.8612],[-0.2757,50.8617],[-0.2761,50.8634],[-0.2695,50.8637],[-0.2622,50.8623],[-0.2592,50.8622],[-0.2566,50.8623],[-0.2564,50.8659],[-0.2589,50.8712],[-0.2553,50.8716],[-0.2497,50.871],[-0.249,50.8706],[-0.2496,50.868],[-0.2485,50.8641],[-0.245,50.8638],[-0.2447,50.8634],[-0.2415,50.8629],[-0.2398,50.862]]]]}},{"type":"Feature","properties":{"FID":6287,"MSOA21CD":"E02006535","MSOA21NM":"Adur 002","MSOA21NMW":" ","BNG_E":521518,"BNG_N":106985,"LAT":50.8496,"LONG":-0.2751,"Shape__Area":5853839.6137,"Shape__Length":15836.6574,"GlobalID":"5b010f83-c4a2-4c3c-9e88-b06b2951e50c","msoa21hclnm":"Buckingham","localauthorityname":"Adur","type":"Present in 2011","Life_expectancy_at_birth_male":81.8395,"Life_expectancy_at_birth_female":85.7645,"Healthy_life_expectancy_male":70.6,"Healthy_life_expectancy_female":71.8,"Area_Name":"Buckingham","Life_expectancy_at_birth_male_compared_to_england":"Better","Life_expectancy_at_birth_female_compared_to_england":"Better","Healthy_life_expectancy_male_compared_to_england":"Better","Healthy_life_expectancy_female_compared_to_england":"Better"},"geometry":{"type":"MultiPolygon","coordinates":[[[[-0.2999,50.8647],[-0.2995,50.8642],[-0.2964,50.8642],[-0.2925,50.8629],[-0.2909,50.8627],[-0.2904,50.8638],[-0.288,50.8642],[-0.28,50.8632],[-0.2761,50.8634],[-0.2757,50.8617],[-0.2752,50.8612],[-0.2701,50.86],[-0.2672,50.8572],[-0.2653,50.8544],[-0.2647,50.8525],[-0.2649,50.8503],[-0.2638,50.8491],[-0.2628,50.8486],[-0.2617,50.8502],[-0.2592,50.8492],[-0.2559,50.8474],[-0.2528,50.8452],[-0.2526,50.845],[-0.2494,50.8424],[-0.2486,50.8423],[-0.2484,50.8416],[-0.2493,50.8414],[-0.2498,50.8416],[-0.2507,50.8414],[-0.2547,50.8418],[-0.2554,50.8418],[-0.258,50.8417],[-0.2587,50.8416],[-0.259,50.8402],[-0.2592,50.8373],[-0.2592,50.8373],[-0.2605,50.8374],[-0.2606,50.8369],[-0.261,50.8368],[-0.2616,50.8375],[-0.2614,50.8387],[-0.2623,50.8388],[-0.2633,50.8382],[-0.2627,50.8376],[-0.2629,50.8365],[-0.2645,50.8366],[-0.2654,50.8367],[-0.2655,50.8365],[-0.2656,50.8363],[-0.2686,50.8368],[-0.269,50.836],[-0.2673,50.8358],[-0.2672,50.8354],[-0.2676,50.835],[-0.267,50.8349],[-0.2673,50.8338],[-0.2723,50.8344],[-0.2723,50.8346],[-0.2718,50.8345],[-0.2718,50.8351],[-0.2711,50.8353],[-0.2709,50.8358],[-0.2704,50.8373],[-0.2722,50.8375],[-0.2719,50.8383],[-0.2723,50.8389],[-0.2726,50.8387],[-0.2746,50.8389],[-0.275,50.838],[-0.2757,50.8381],[-0.2758,50.8383],[-0.2758,50.8384],[-0.2776,50.8377],[-0.279,50.8366],[-0.2793,50.8366],[-0.2796,50.8362],[-0.2834,50.8386],[-0.2829,50.839],[-0.2829,50.839],[-0.283,50.8398],[-0.2804,50.8397],[-0.2801,50.8406],[-0.2809,50.8408],[-0.2795,50.8417],[-0.2791,50.8422],[-0.2837,50.8435],[-0.2844,50.8428],[-0.2852,50.8427],[-0.2862,50.841],[-0.2869,50.841],[-0.2867,50.8405],[-0.2877,50.8406],[-0.2873,50.8412],[-0.2871,50.8439],[-0.2874,50.8462],[-0.289,50.8472],[-0.2912,50.8476],[-0.2922,50.8481],[-0.2921,50.849],[-0.2903,50.8498],[-0.2903,50.851],[-0.2931,50.8533],[-0.2953,50.8541],[-0.295,50.8548],[-0.293,50.856],[-0.2927,50.8585],[-0.2942,50.8597],[-0.296,50.8605],[-0.2963,50.8606],[-0.2986,50.8611],[-0.301,50.8608],[-0.3016,50.861],[-0.3018,50.8616],[-0.3011,50.8642],[-0.2999,50.8647]]]]}},{"type":"Feature","properties":{"FID":6288,"MSOA21CD":"E02006536","MSOA21NM":"Adur 003","MSOA21NMW":" ","BNG_E":518466,"BNG_N":106780,"LAT":50.8484,"LONG":-0.3185,"Shape__Area":10605563.1452,"Shape__Length":17287.2077,"GlobalID":"58994130-359d-4235-a51f-b7dfd760ee90","msoa21hclnm":"North Lancing","localauthorityname":"Adur","type":"Present in 2011","Life_expectancy_at_birth_male":82.2618,"Life_expectancy_at_birth_female":86.0979,"Healthy_life_expectancy_male":67,"Healthy_life_expectancy_female":68.9,"Area_Name":"North Lancing","Life_expectancy_at_birth_male_compared_to_england":"Better","Life_expectancy_at_birth_female_compared_to_england":"Better","Healthy_life_expectancy_male_compared_to_england":"Better","Healthy_life_expectancy_female_compared_to_england":"Better"},"geometry":{"type":"MultiPolygon","coordinates":[[[[-0.3076,50.8665],[-0.3029,50.8661],[-0.2987,50.8663],[-0.2992,50.8651],[-0.3015,50.8644],[-0.3022,50.8613],[-0.3013,50.8605],[-0.2987,50.8609],[-0.2963,50.8603],[-0.2962,50.8602],[-0.2932,50.8586],[-0.2934,50.8564],[-0.2954,50.8552],[-0.2961,50.8542],[-0.2956,50.8536],[-0.2932,50.8527],[-0.2912,50.8509],[-0.293,50.8489],[-0.2937,50.8492],[-0.2952,50.8492],[-0.293,50.8488],[-0.2923,50.8472],[-0.2884,50.8458],[-0.2881,50.8442],[-0.2882,50.8442],[-0.2882,50.8442],[-0.2886,50.844],[-0.2886,50.844],[-0.2886,50.8441],[-0.2883,50.8443],[-0.2887,50.8444],[-0.2888,50.844],[-0.2888,50.8439],[-0.2888,50.8439],[-0.2986,50.8408],[-0.3087,50.839],[-0.3145,50.8376],[-0.3172,50.8369],[-0.3177,50.8347],[-0.3171,50.8347],[-0.3179,50.8321],[-0.3186,50.8313],[-0.3178,50.8312],[-0.3176,50.8316],[-0.3169,50.8317],[-0.3162,50.8315],[-0.3157,50.8306],[-0.316,50.8302],[-0.3169,50.8301],[-0.318,50.8308],[-0.3185,50.8305],[-0.3189,50.831],[-0.3188,50.8316],[-0.3196,50.8315],[-0.3201,50.831],[-0.3212,50.8311],[-0.3208,50.8312],[-0.3209,50.8314],[-0.3233,50.8315],[-0.3225,50.8319],[-0.3243,50.832],[-0.3246,50.8315],[-0.3268,50.8316],[-0.3274,50.8321],[-0.3279,50.8308],[-0.3286,50.8309],[-0.3296,50.8309],[-0.3292,50.8318],[-0.3298,50.832],[-0.3297,50.8322],[-0.3311,50.832],[-0.3316,50.8324],[-0.3301,50.8352],[-0.3293,50.8367],[-0.3291,50.8371],[-0.3289,50.8378],[-0.3287,50.8383],[-0.3327,50.8392],[-0.3335,50.839],[-0.3341,50.8396],[-0.3345,50.8398],[-0.3359,50.8386],[-0.3362,50.8376],[-0.338,50.8377],[-0.3428,50.8377],[-0.342,50.8405],[-0.3425,50.8426],[-0.344,50.8452],[-0.3441,50.8486],[-0.3451,50.8506],[-0.3452,50.8531],[-0.3459,50.8551],[-0.3436,50.8586],[-0.3435,50.8596],[-0.3414,50.8594],[-0.3433,50.8629],[-0.3397,50.8625],[-0.3316,50.8631],[-0.3255,50.8638],[-0.3204,50.8654],[-0.3161,50.8647],[-0.3136,50.8645],[-0.3135,50.8649],[-0.3114,50.8648],[-0.3095,50.8652],[-0.3076,50.8665]]]]}},{"type":"Feature","properties":{"FID":6289,"MSOA21CD":"E02006537","MSOA21NM":"Adur 004","MSOA21NMW":" ","BNG_E":523451,"BNG_N":105254,"LAT":50.8337,"LONG":-0.2483,"Shape__Area":2964287.7952,"Shape__Length":14211.1157,"GlobalID":"a6e38c52-1615-42d5-b710-9536ccab697d","msoa21hclnm":"Kingston & Southwick","localauthorityname":"Adur","type":"Present in 2011","Life_expectancy_at_birth_male":79.3095,"Life_expectancy_at_birth_female":82.2758,"Healthy_life_expectancy_male":62.9,"Healthy_life_expectancy_female":63.6,"Area_Name":"Kingston & Southwick","Life_expectancy_at_birth_male_compared_to_england":"Similar","Life_expectancy_at_birth_female_compared_to_england":"Similar","Healthy_life_expectancy_male_compared_to_england":"Worse","Healthy_life_expectancy_female_compared_to_england":"Worse"},"geometry":{"type":"MultiPolygon","coordinates":[[[[-0.255,50.8398],[-0.2523,50.8395],[-0.2522,50.8402],[-0.2496,50.8401],[-0.2488,50.8393],[-0.2495,50.8389],[-0.2489,50.8383],[-0.2484,50.8383],[-0.2485,50.8376],[-0.2441,50.8374],[-0.2441,50.8373],[-0.2426,50.8375],[-0.243,50.8377],[-0.242,50.8376],[-0.2402,50.8377],[-0.2397,50.8374],[-0.2392,50.8377],[-0.2381,50.8378],[-0.2383,50.8386],[-0.2373,50.8385],[-0.2374,50.8384],[-0.2367,50.8382],[-0.2371,50.8372],[-0.2363,50.8364],[-0.2343,50.8368],[-0.2343,50.8367],[-0.2329,50.8359],[-0.229,50.8356],[-0.2285,50.8344],[-0.2297,50.8338],[-0.2291,50.8333],[-0.2261,50.8336],[-0.2265,50.8344],[-0.2271,50.8344],[-0.2268,50.8359],[-0.2276,50.8362],[-0.2276,50.8365],[-0.2266,50.8364],[-0.2224,50.8356],[-0.2198,50.8356],[-0.2194,50.8352],[-0.2183,50.8339],[-0.218,50.8337],[-0.2176,50.833],[-0.2167,50.833],[-0.2166,50.8308],[-0.2153,50.8304],[-0.216,50.8276],[-0.2292,50.8287],[-0.2302,50.8288],[-0.2372,50.8287],[-0.2379,50.8285],[-0.2379,50.8281],[-0.2379,50.828],[-0.238,50.828],[-0.2408,50.8284],[-0.2416,50.8281],[-0.245,50.8282],[-0.2451,50.8281],[-0.2463,50.8262],[-0.2457,50.8273],[-0.2451,50.8282],[-0.246,50.8284],[-0.2464,50.828],[-0.2465,50.828],[-0.2465,50.828],[-0.2465,50.828],[-0.2461,50.8285],[-0.2458,50.8287],[-0.2451,50.8288],[-0.244,50.8292],[-0.2391,50.8294],[-0.2388,50.8292],[-0.238,50.8294],[-0.238,50.8297],[-0.2392,50.8297],[-0.2387,50.83],[-0.2398,50.83],[-0.2382,50.8302],[-0.2382,50.8305],[-0.2416,50.8308],[-0.2453,50.8307],[-0.2472,50.8307],[-0.2487,50.83],[-0.248,50.8291],[-0.2496,50.8305],[-0.252,50.8311],[-0.2521,50.8311],[-0.2521,50.8311],[-0.258,50.8317],[-0.2644,50.8317],[-0.2649,50.8322],[-0.2646,50.8329],[-0.2657,50.8329],[-0.2673,50.8329],[-0.2674,50.8334],[-0.2673,50.8338],[-0.267,50.8349],[-0.2676,50.835],[-0.2672,50.8354],[-0.2673,50.8358],[-0.269,50.836],[-0.2686,50.8368],[-0.2656,50.8363],[-0.2655,50.8365],[-0.2654,50.8367],[-0.2645,50.8366],[-0.2629,50.8365],[-0.2627,50.8376],[-0.2633,50.8382],[-0.2623,50.8388],[-0.2614,50.8387],[-0.2616,50.8375],[-0.261,50.8368],[-0.2606,50.8369],[-0.2605,50.8374],[-0.2592,50.8373],[-0.2592,50.8373],[-0.259,50.8402],[-0.2587,50.8416],[-0.258,50.8417],[-0.2554,50.8418],[-0.2555,50.841],[-0.2549,50.8407],[-0.255,50.8398]]]]}},{"type":"Feature","properties":{"FID":6290,"MSOA21CD":"E02006538","MSOA21NM":"Adur 005","MSOA21NMW":" ","BNG_E":522442,"BNG_N":104769,"LAT":50.8295,"LONG":-0.2628,"Shape__Area":2189412.1609,"Shape__Length":18790.8529,"GlobalID":"dc79ce2b-091e-4b61-ad85-06bc9175816b","msoa21hclnm":"Shoreham Central & Beach","localauthorityname":"Adur","type":"Present in 2011","Life_expectancy_at_birth_male":82.8979,"Life_expectancy_at_birth_female":86.1703,"Healthy_life_expectancy_male":69.6,"Healthy_life_expectancy_female":70.9,"Area_Name":"Shoreham Central & Beach","Life_expectancy_at_birth_male_compared_to_england":"Better","Life_expectancy_at_birth_female_compared_to_england":"Better","Healthy_life_expectancy_male_compared_to_england":"Better","Healthy_life_expectancy_female_compared_to_england":"Better"},"geometry":{"type":"MultiPolygon","coordinates":[[[[-0.2802,50.8295],[-0.2802,50.8295],[-0.2802,50.8295],[-0.2792,50.8298],[-0.2792,50.8295],[-0.2802,50.8295]]],[[[-0.2775,50.8296],[-0.2783,50.8294],[-0.2782,50.8299],[-0.2778,50.8299],[-0.2781,50.8302],[-0.2774,50.8302],[-0.2775,50.8296]]],[[[-0.2735,50.8301],[-0.274,50.83],[-0.2741,50.8302],[-0.2735,50.8301]]],[[[-0.2815,50.8302],[-0.281,50.8299],[-0.2804,50.8299],[-0.2795,50.83],[-0.2804,50.8299],[-0.2819,50.8297],[-0.2819,50.8301],[-0.2822,50.8297],[-0.283,50.8297],[-0.2817,50.8303],[-0.2815,50.8302]]],[[[-0.2752,50.8301],[-0.2751,50.8298],[-0.2761,50.8299],[-0.2761,50.8303],[-0.2752,50.8301]]],[[[-0.2742,50.8302],[-0.2746,50.8298],[-0.2751,50.83],[-0.2751,50.8302],[-0.2748,50.8302],[-0.2742,50.8302]]],[[[-0.2764,50.8296],[-0.2769,50.8296],[-0.2772,50.8302],[-0.2762,50.8303],[-0.2763,50.83],[-0.2764,50.8296]]],[[[-0.279,50.8308],[-0.2774,50.8304],[-0.2793,50.83],[-0.2799,50.8301],[-0.2797,50.8303],[-0.2796,50.8305],[-0.2796,50.8305],[-0.2798,50.8307],[-0.2797,50.8305],[-0.2797,50.8305],[-0.28,50.8304],[-0.28,50.8304],[-0.2803,50.8305],[-0.2801,50.8303],[-0.2801,50.8302],[-0.2804,50.8301],[-0.2805,50.8301],[-0.2813,50.8304],[-0.2803,50.8312],[-0.2791,50.8309],[-0.279,50.8308]]],[[[-0.2856,50.8334],[-0.2842,50.8333],[-0.2845,50.8336],[-0.2845,50.8336],[-0.2847,50.834],[-0.2843,50.8336],[-0.2843,50.8336],[-0.2803,50.8314],[-0.2846,50.8297],[-0.2854,50.8304],[-0.2866,50.8303],[-0.2865,50.8298],[-0.2851,50.8297],[-0.2839,50.8291],[-0.28,50.8292],[-0.2794,50.8292],[-0.2789,50.8294],[-0.2791,50.8298],[-0.2787,50.83],[-0.2785,50.8297],[-0.2784,50.8301],[-0.2785,50.8293],[-0.2754,50.8294],[-0.2742,50.8299],[-0.2727,50.83],[-0.2727,50.83],[-0.2728,50.8304],[-0.2724,50.83],[-0.2722,50.8299],[-0.2719,50.83],[-0.271,50.8303],[-0.2698,50.8303],[-0.2705,50.8305],[-0.2698,50.8307],[-0.2695,50.8304],[-0.2688,50.8307],[-0.2671,50.8306],[-0.267,50.8307],[-0.2669,50.831],[-0.2641,50.831],[-0.2612,50.8309],[-0.2586,50.8308],[-0.2568,50.8308],[-0.2554,50.8304],[-0.2544,50.8301],[-0.2514,50.8303],[-0.2511,50.8291],[-0.2505,50.8285],[-0.25,50.828],[-0.249,50.8279],[-0.2485,50.8266],[-0.2492,50.8265],[-0.2494,50.826],[-0.2492,50.8259],[-0.2489,50.8255],[-0.2495,50.8261],[-0.2521,50.8259],[-0.2568,50.8261],[-0.2611,50.8262],[-0.265,50.8264],[-0.2762,50.8268],[-0.279,50.8265],[-0.2905,50.8251],[-0.2905,50.8256],[-0.2906,50.8263],[-0.2914,50.8268],[-0.2889,50.8278],[-0.2875,50.8285],[-0.2866,50.8289],[-0.287,50.8312],[-0.2858,50.8333],[-0.2859,50.8347],[-0.2856,50.8334],[-0.2856,50.8334]]],[[[-0.2853,50.835],[-0.2846,50.8342],[-0.2852,50.8343],[-0.285,50.8339],[-0.2855,50.8339],[-0.2859,50.8347],[-0.2853,50.835],[-0.2853,50.835]]],[[[-0.2795,50.8417],[-0.2809,50.8408],[-0.2801,50.8406],[-0.2804,50.8397],[-0.283,50.8398],[-0.2829,50.839],[-0.2829,50.839],[-0.2834,50.8386],[-0.2796,50.8362],[-0.2793,50.8366],[-0.279,50.8366],[-0.2776,50.8377],[-0.2758,50.8384],[-0.2758,50.8383],[-0.2757,50.8381],[-0.275,50.838],[-0.2746,50.8389],[-0.2726,50.8387],[-0.2723,50.8389],[-0.2719,50.8383],[-0.2722,50.8375],[-0.2704,50.8373],[-0.2709,50.8358],[-0.2711,50.8353],[-0.2718,50.8351],[-0.2718,50.8345],[-0.2723,50.8346],[-0.2723,50.8344],[-0.2673,50.8338],[-0.2674,50.8334],[-0.2673,50.8329],[-0.2657,50.8329],[-0.2646,50.8329],[-0.2649,50.8322],[-0.2644,50.8317],[-0.2694,50.8317],[-0.2702,50.8319],[-0.271,50.8319],[-0.2712,50.8316],[-0.2721,50.8315],[-0.2727,50.8317],[-0.2739,50.8316],[-0.2759,50.8314],[-0.2771,50.8316],[-0.2792,50.8322],[-0.2799,50.8327],[-0.2816,50.834],[-0.2817,50.834],[-0.2817,50.834],[-0.2848,50.8374],[-0.287,50.8398],[-0.2877,50.8406],[-0.2877,50.8406],[-0.2867,50.8405],[-0.2869,50.841],[-0.2862,50.841],[-0.2852,50.8427],[-0.2844,50.8428],[-0.2837,50.8435],[-0.2791,50.8422],[-0.2795,50.8417]]]]}},{"type":"Feature","properties":{"FID":6291,"MSOA21CD":"E02006539","MSOA21NM":"Adur 006","MSOA21NMW":" ","BNG_E":516230,"BNG_N":106353,"LAT":50.845,"LONG":-0.3504,"Shape__Area":8299587.4381,"Shape__Length":16882.432,"GlobalID":"b6abbd0f-546e-47d4-8250-fd9f843e498c","msoa21hclnm":"Cokeham & Sompting","localauthorityname":"Adur","type":"Present in 2011","Life_expectancy_at_birth_male":80.9536,"Life_expectancy_at_birth_female":83.7583,"Healthy_life_expectancy_male":65.1,"Healthy_life_expectancy_female":64.7,"Area_Name":"Cokeham & Sompting","Life_expectancy_at_birth_male_compared_to_england":"Better","Life_expectancy_at_birth_female_compared_to_england":"Similar","Healthy_life_expectancy_male_compared_to_england":"Similar","Healthy_life_expectancy_female_compared_to_england":"Worse"},"geometry":{"type":"MultiPolygon","coordinates":[[[[-0.3665,50.8747],[-0.366,50.8744],[-0.3646,50.8745],[-0.3599,50.8725],[-0.3558,50.8695],[-0.353,50.8683],[-0.3519,50.8674],[-0.3491,50.866],[-0.3487,50.8652],[-0.3491,50.8644],[-0.3446,50.864],[-0.3438,50.8629],[-0.3433,50.8629],[-0.3414,50.8594],[-0.3435,50.8596],[-0.3436,50.8586],[-0.3459,50.8551],[-0.3452,50.8531],[-0.3451,50.8506],[-0.3441,50.8486],[-0.344,50.8452],[-0.3425,50.8426],[-0.342,50.8405],[-0.3428,50.8377],[-0.338,50.8377],[-0.3362,50.8376],[-0.3359,50.8386],[-0.3345,50.8398],[-0.3341,50.8396],[-0.3335,50.839],[-0.3327,50.8392],[-0.3287,50.8383],[-0.3289,50.8378],[-0.3291,50.8371],[-0.3293,50.8367],[-0.3301,50.8352],[-0.3316,50.8324],[-0.3324,50.8308],[-0.3333,50.829],[-0.3336,50.8282],[-0.3337,50.8281],[-0.3338,50.8279],[-0.3346,50.8261],[-0.3352,50.825],[-0.336,50.8232],[-0.3372,50.821],[-0.3387,50.8221],[-0.3408,50.8224],[-0.3409,50.8227],[-0.3425,50.8224],[-0.3429,50.8223],[-0.3439,50.8227],[-0.3442,50.8234],[-0.3494,50.8225],[-0.3507,50.8229],[-0.3518,50.8249],[-0.3533,50.8252],[-0.3538,50.826],[-0.3542,50.826],[-0.3543,50.8268],[-0.3553,50.827],[-0.3557,50.8277],[-0.3545,50.8282],[-0.3532,50.829],[-0.3546,50.8297],[-0.3583,50.8306],[-0.3571,50.8343],[-0.3588,50.8342],[-0.3589,50.8346],[-0.3591,50.8356],[-0.3596,50.8367],[-0.3593,50.838],[-0.3597,50.8382],[-0.3594,50.8397],[-0.3596,50.841],[-0.3595,50.8424],[-0.3585,50.8435],[-0.3602,50.8462],[-0.3621,50.8465],[-0.3621,50.8469],[-0.3655,50.8469],[-0.3667,50.8487],[-0.3672,50.8518],[-0.369,50.8553],[-0.3671,50.8562],[-0.368,50.8583],[-0.3675,50.8605],[-0.3668,50.8609],[-0.3668,50.864],[-0.3682,50.8665],[-0.3712,50.8698],[-0.3715,50.8707],[-0.3713,50.8717],[-0.3698,50.8732],[-0.3665,50.8747]]]]}},{"type":"Feature","properties":{"FID":6292,"MSOA21CD":"E02006540","MSOA21NM":"Adur 007","MSOA21NMW":" ","BNG_E":519658,"BNG_N":105021,"LAT":50.8324,"LONG":-0.3022,"Shape__Area":3956673.2939,"Shape__Length":12435.9535,"GlobalID":"340b10dc-bb4d-4b22-9732-9ef5e0abcd58","msoa21hclnm":"Marsh Barn & Widewater","localauthorityname":"Adur","type":"Present in 2011","Life_expectancy_at_birth_male":80.1316,"Life_expectancy_at_birth_female":84.7889,"Healthy_life_expectancy_male":63.7,"Healthy_life_expectancy_female":65.4,"Area_Name":"Marsh Barn & Widewater","Life_expectancy_at_birth_male_compared_to_england":"Similar","Life_expectancy_at_birth_female_compared_to_england":"Similar","Healthy_life_expectancy_male_compared_to_england":"Similar","Healthy_life_expectancy_female_compared_to_england":"Similar"},"geometry":{"type":"MultiPolygon","coordinates":[[[[-0.2895,50.8414],[-0.2892,50.8395],[-0.2898,50.8402],[-0.2897,50.8398],[-0.2874,50.8373],[-0.2877,50.8371],[-0.2871,50.8371],[-0.2863,50.8366],[-0.2864,50.8363],[-0.2858,50.8361],[-0.2866,50.8359],[-0.2858,50.8361],[-0.2859,50.8358],[-0.2854,50.8356],[-0.2862,50.8356],[-0.2853,50.8356],[-0.2853,50.835],[-0.2859,50.8347],[-0.2859,50.8347],[-0.2867,50.8355],[-0.2859,50.8347],[-0.2859,50.8347],[-0.2858,50.8333],[-0.287,50.8312],[-0.2866,50.8289],[-0.2875,50.8285],[-0.2889,50.8278],[-0.2914,50.8268],[-0.2906,50.8263],[-0.2905,50.8256],[-0.2905,50.8251],[-0.2906,50.8251],[-0.2913,50.8249],[-0.2915,50.8246],[-0.294,50.8244],[-0.2969,50.8237],[-0.297,50.8237],[-0.2976,50.8237],[-0.3007,50.8234],[-0.3032,50.8232],[-0.3093,50.8218],[-0.3124,50.8213],[-0.3162,50.8207],[-0.3164,50.8219],[-0.3168,50.822],[-0.317,50.8223],[-0.317,50.8227],[-0.3162,50.8226],[-0.3158,50.823],[-0.3153,50.8248],[-0.3149,50.8244],[-0.3151,50.8237],[-0.3144,50.8239],[-0.3144,50.8243],[-0.3149,50.8245],[-0.3146,50.8248],[-0.3122,50.8245],[-0.3112,50.8246],[-0.3113,50.8258],[-0.3108,50.8266],[-0.3117,50.8275],[-0.3125,50.828],[-0.3121,50.8284],[-0.3126,50.8288],[-0.3137,50.8287],[-0.3156,50.8283],[-0.3199,50.8276],[-0.3204,50.8275],[-0.3222,50.8272],[-0.3227,50.8271],[-0.3227,50.8273],[-0.3224,50.8284],[-0.3244,50.8287],[-0.3253,50.8289],[-0.3249,50.8304],[-0.3248,50.8309],[-0.3246,50.8315],[-0.3243,50.832],[-0.3225,50.8319],[-0.3233,50.8315],[-0.3209,50.8314],[-0.3208,50.8312],[-0.3212,50.8311],[-0.3201,50.831],[-0.3196,50.8315],[-0.3188,50.8316],[-0.3189,50.831],[-0.3185,50.8305],[-0.318,50.8308],[-0.3169,50.8301],[-0.316,50.8302],[-0.3157,50.8306],[-0.3162,50.8315],[-0.3169,50.8317],[-0.3176,50.8316],[-0.3178,50.8312],[-0.3186,50.8313],[-0.3179,50.8321],[-0.3171,50.8347],[-0.3177,50.8347],[-0.3172,50.8369],[-0.3145,50.8376],[-0.3087,50.839],[-0.2986,50.8408],[-0.2888,50.8439],[-0.2895,50.8414]]],[[[-0.2882,50.8442],[-0.2885,50.8437],[-0.2888,50.8438],[-0.2886,50.844],[-0.2882,50.8442]]]]}},{"type":"Feature","properties":{"FID":6293,"MSOA21CD":"E02006541","MSOA21NM":"Adur 008","MSOA21NMW":" ","BNG_E":518050,"BNG_N":104147,"LAT":50.8248,"LONG":-0.3253,"Shape__Area":1699145.3917,"Shape__Length":6931.3137,"GlobalID":"dd5228c7-5b1f-4ea3-b396-9b6944b4b34b","msoa21hclnm":"South Lancing","localauthorityname":"Adur","type":"Present in 2011","Life_expectancy_at_birth_male":79.6273,"Life_expectancy_at_birth_female":81.944,"Healthy_life_expectancy_male":65.3,"Healthy_life_expectancy_female":65.6,"Area_Name":"South Lancing","Life_expectancy_at_birth_male_compared_to_england":"Similar","Life_expectancy_at_birth_female_compared_to_england":"Similar","Healthy_life_expectancy_male_compared_to_england":"Similar","Healthy_life_expectancy_female_compared_to_england":"Similar"},"geometry":{"type":"MultiPolygon","coordinates":[[[[-0.3316,50.8324],[-0.3311,50.832],[-0.3297,50.8322],[-0.3298,50.832],[-0.3292,50.8318],[-0.3296,50.8309],[-0.3286,50.8309],[-0.3279,50.8308],[-0.3274,50.8321],[-0.3268,50.8316],[-0.3246,50.8315],[-0.3248,50.8309],[-0.3249,50.8304],[-0.3253,50.8289],[-0.3244,50.8287],[-0.3224,50.8284],[-0.3227,50.8273],[-0.3227,50.8271],[-0.3222,50.8272],[-0.3204,50.8275],[-0.3199,50.8276],[-0.3156,50.8283],[-0.3137,50.8287],[-0.3126,50.8288],[-0.3121,50.8284],[-0.3125,50.828],[-0.3117,50.8275],[-0.3108,50.8266],[-0.3113,50.8258],[-0.3112,50.8246],[-0.3122,50.8245],[-0.3146,50.8248],[-0.3149,50.8245],[-0.3144,50.8243],[-0.3144,50.8239],[-0.3151,50.8237],[-0.3149,50.8244],[-0.3153,50.8248],[-0.3158,50.823],[-0.3162,50.8226],[-0.317,50.8227],[-0.317,50.8223],[-0.3168,50.822],[-0.3164,50.8219],[-0.3162,50.8207],[-0.3204,50.8201],[-0.3239,50.8195],[-0.324,50.8195],[-0.3241,50.8195],[-0.3255,50.8193],[-0.3281,50.8189],[-0.3281,50.8189],[-0.3286,50.8187],[-0.3325,50.8175],[-0.333,50.8177],[-0.3332,50.818],[-0.3342,50.8191],[-0.3372,50.821],[-0.336,50.8232],[-0.3352,50.825],[-0.3346,50.8261],[-0.3338,50.8279],[-0.3337,50.8281],[-0.3336,50.8282],[-0.3333,50.829],[-0.3324,50.8308],[-0.3316,50.8324]]]]}},{"type":"Feature","properties":{"FID":6294,"MSOA21CD":"E02006542","MSOA21NM":"Arun 001","MSOA21NMW":" ","BNG_E":499041,"BNG_N":108594,"LAT":50.8684,"LONG":-0.5939,"Shape__Area":72770585.5087,"Shape__Length":78222.3786,"GlobalID":"f731bc5a-a6a4-4cc1-8d77-c17ad3c25615","msoa21hclnm":"Arundel","localauthorityname":"Arun","type":"Present in 2011","Life_expectancy_at_birth_male":81.8243,"Life_expectancy_at_birth_female":88.0446,"Healthy_life_expectancy_male":70.2,"Healthy_life_expectancy_female":73.7,"Area_Name":"Arundel","Life_expectancy_at_birth_male_compared_to_england":"Similar","Life_expectancy_at_birth_female_compared_to_england":"Better","Healthy_life_expectancy_male_compared_to_england":"Better","Healthy_life_expectancy_female_compared_to_england":"Better"},"geometry":{"type":"MultiPolygon","coordinates":[[[[-0.5639,50.8394],[-0.5636,50.839],[-0.5648,50.8398],[-0.565,50.8403],[-0.5639,50.8394]]],[[[-0.5643,50.8412],[-0.5646,50.8403],[-0.5652,50.8404],[-0.5648,50.8413],[-0.5643,50.8412]]],[[[-0.5261,50.867],[-0.5293,50.8654],[-0.5296,50.8656],[-0.5295,50.8653],[-0.5313,50.8645],[-0.5329,50.8645],[-0.5394,50.8659],[-0.5373,50.8664],[-0.5361,50.8676],[-0.5357,50.8724],[-0.5369,50.8737],[-0.5323,50.8734],[-0.5284,50.8709],[-0.5279,50.8706],[-0.5259,50.8686],[-0.526,50.8675],[-0.5261,50.867]]],[[[-0.5598,50.8892],[-0.56,50.889],[-0.5599,50.8891],[-0.5598,50.8892]]],[[[-0.5442,50.89],[-0.5454,50.8895],[-0.5462,50.8896],[-0.5472,50.89],[-0.5473,50.8922],[-0.5485,50.8929],[-0.5485,50.8929],[-0.5463,50.8954],[-0.5434,50.8964],[-0.5433,50.8953],[-0.544,50.8948],[-0.5431,50.8936],[-0.5429,50.8914],[-0.5442,50.89]]],[[[-0.5436,50.8969],[-0.5442,50.8963],[-0.5441,50.8968],[-0.5436,50.8969]]],[[[-0.4944,50.8909],[-0.4931,50.8853],[-0.4908,50.8853],[-0.4924,50.8913],[-0.4933,50.8914],[-0.493,50.8925],[-0.4915,50.8933],[-0.4912,50.894],[-0.4905,50.8941],[-0.4893,50.8948],[-0.488,50.8959],[-0.4881,50.8962],[-0.4862,50.8969],[-0.4867,50.8974],[-0.4838,50.8981],[-0.4836,50.8979],[-0.4828,50.8991],[-0.4803,50.8984],[-0.4796,50.8963],[-0.482,50.8944],[-0.4753,50.8943],[-0.4766,50.8851],[-0.4794,50.8803],[-0.4797,50.8786],[-0.4813,50.8758],[-0.4846,50.8763],[-0.4871,50.8759],[-0.4875,50.875],[-0.4873,50.8744],[-0.4894,50.8739],[-0.4903,50.8728],[-0.4913,50.8698],[-0.4943,50.8681],[-0.4928,50.867],[-0.4969,50.8644],[-0.4983,50.8623],[-0.4976,50.8615],[-0.4982,50.8606],[-0.4983,50.8589],[-0.4978,50.8565],[-0.4955,50.8558],[-0.4976,50.853],[-0.4971,50.8499],[-0.4977,50.8488],[-0.4977,50.8474],[-0.4985,50.8462],[-0.5038,50.8449],[-0.5078,50.8444],[-0.5064,50.8454],[-0.5085,50.846],[-0.5099,50.8457],[-0.5124,50.8456],[-0.5142,50.8458],[-0.5183,50.8471],[-0.5203,50.8471],[-0.5212,50.8478],[-0.5229,50.8479],[-0.5242,50.8475],[-0.5253,50.848],[-0.5263,50.8456],[-0.5283,50.8455],[-0.5287,50.8431],[-0.5283,50.8403],[-0.526,50.8375],[-0.5269,50.8373],[-0.5269,50.8366],[-0.5283,50.8365],[-0.529,50.8352],[-0.5297,50.8304],[-0.5371,50.8307],[-0.5383,50.8309],[-0.5405,50.8302],[-0.5471,50.8298],[-0.5528,50.8293],[-0.556,50.8293],[-0.56,50.8286],[-0.5619,50.8287],[-0.5638,50.8279],[-0.5653,50.828],[-0.5666,50.8291],[-0.5666,50.8291],[-0.5664,50.8304],[-0.5676,50.832],[-0.5704,50.833],[-0.5706,50.8346],[-0.5702,50.8357],[-0.5694,50.8362],[-0.5646,50.837],[-0.5632,50.8378],[-0.5634,50.8391],[-0.5646,50.8401],[-0.5642,50.8413],[-0.5647,50.8417],[-0.5649,50.8418],[-0.5652,50.8437],[-0.5625,50.8488],[-0.5614,50.8501],[-0.5605,50.8513],[-0.5598,50.8516],[-0.5592,50.8519],[-0.5532,50.8533],[-0.5517,50.8537],[-0.5502,50.8533],[-0.5499,50.8528],[-0.5489,50.8515],[-0.5468,50.8511],[-0.5463,50.8512],[-0.5419,50.8526],[-0.5409,50.8533],[-0.5398,50.8558],[-0.5388,50.8558],[-0.5388,50.8558],[-0.539,50.8562],[-0.5392,50.856],[-0.5396,50.8561],[-0.5387,50.8573],[-0.539,50.8582],[-0.541,50.8592],[-0.5454,50.8597],[-0.5463,50.8603],[-0.5451,50.8637],[-0.5442,50.8661],[-0.5432,50.8663],[-0.5421,50.8662],[-0.5326,50.8642],[-0.5326,50.8639],[-0.5307,50.8643],[-0.5287,50.8651],[-0.529,50.8653],[-0.5272,50.8663],[-0.5254,50.8668],[-0.5257,50.8669],[-0.5254,50.8674],[-0.5257,50.869],[-0.5273,50.8708],[-0.5275,50.8707],[-0.529,50.8715],[-0.5294,50.8717],[-0.5297,50.8719],[-0.5312,50.8733],[-0.5319,50.8735],[-0.5319,50.8735],[-0.5335,50.8739],[-0.5358,50.8739],[-0.5405,50.8745],[-0.5415,50.8778],[-0.5399,50.8787],[-0.5397,50.8791],[-0.5391,50.8799],[-0.5392,50.8808],[-0.5401,50.8817],[-0.541,50.8819],[-0.5425,50.8819],[-0.5438,50.8814],[-0.5439,50.8814],[-0.5439,50.8814],[-0.5474,50.8836],[-0.5471,50.8845],[-0.5454,50.8849],[-0.5414,50.8852],[-0.5384,50.8862],[-0.5364,50.8862],[-0.5355,50.8856],[-0.534,50.8824],[-0.5328,50.8812],[-0.5308,50.8817],[-0.5293,50.8814],[-0.5272,50.883],[-0.5247,50.883],[-0.524,50.8839],[-0.5238,50.886],[-0.5227,50.8867],[-0.5207,50.8877],[-0.5193,50.8898],[-0.5149,50.8889],[-0.503,50.897],[-0.4999,50.8999],[-0.4985,50.8982],[-0.4944,50.8909]]],[[[-0.6174,50.9056],[-0.6081,50.9024],[-0.6073,50.9026],[-0.607,50.9024],[-0.6048,50.9015],[-0.5937,50.9028],[-0.5932,50.9017],[-0.5904,50.9018],[-0.5885,50.9013],[-0.586,50.9011],[-0.5796,50.8993],[-0.5751,50.8998],[-0.5698,50.8997],[-0.5597,50.9004],[-0.5586,50.901],[-0.5589,50.9018],[-0.5557,50.9027],[-0.5548,50.9026],[-0.5544,50.902],[-0.5535,50.9017],[-0.5533,50.9015],[-0.5505,50.8988],[-0.5498,50.8987],[-0.5477,50.8993],[-0.5473,50.8994],[-0.5462,50.8994],[-0.5438,50.898],[-0.5437,50.8974],[-0.5448,50.8964],[-0.5469,50.8953],[-0.549,50.8929],[-0.5591,50.89],[-0.5602,50.8892],[-0.5613,50.8878],[-0.559,50.8845],[-0.5554,50.8818],[-0.5488,50.88],[-0.5452,50.8805],[-0.5423,50.8817],[-0.5409,50.8816],[-0.5398,50.881],[-0.5396,50.8798],[-0.5419,50.8781],[-0.542,50.8769],[-0.5409,50.8743],[-0.5403,50.8742],[-0.5395,50.874],[-0.5378,50.8738],[-0.5363,50.8727],[-0.5365,50.8679],[-0.5369,50.8671],[-0.5386,50.8663],[-0.5398,50.8662],[-0.5429,50.8667],[-0.5449,50.8663],[-0.5467,50.8616],[-0.5471,50.8603],[-0.5471,50.8602],[-0.5463,50.8597],[-0.5408,50.8588],[-0.5395,50.858],[-0.5393,50.8573],[-0.5395,50.857],[-0.5416,50.8532],[-0.5461,50.8516],[-0.5477,50.8514],[-0.5489,50.852],[-0.5492,50.8529],[-0.5493,50.8532],[-0.552,50.854],[-0.5544,50.8534],[-0.5568,50.8528],[-0.5589,50.8522],[-0.5597,50.852],[-0.5603,50.8519],[-0.5613,50.8511],[-0.5631,50.8488],[-0.5632,50.8486],[-0.5644,50.8464],[-0.5657,50.844],[-0.5654,50.8422],[-0.5658,50.8402],[-0.5637,50.8379],[-0.5652,50.8372],[-0.5684,50.8369],[-0.5708,50.8358],[-0.5714,50.8344],[-0.5713,50.8334],[-0.5707,50.8326],[-0.5696,50.832],[-0.5703,50.8318],[-0.5765,50.8317],[-0.5814,50.8323],[-0.5828,50.8319],[-0.5841,50.8325],[-0.5925,50.8314],[-0.5962,50.8318],[-0.5998,50.8322],[-0.6028,50.8318],[-0.6036,50.8348],[-0.6036,50.8367],[-0.6045,50.8375],[-0.6042,50.8408],[-0.6045,50.8419],[-0.602,50.8439],[-0.6053,50.8452],[-0.6075,50.8467],[-0.6076,50.8473],[-0.6107,50.8471],[-0.6112,50.8477],[-0.6135,50.8482],[-0.6137,50.8478],[-0.6149,50.8479],[-0.6151,50.8483],[-0.6161,50.8484],[-0.6187,50.848],[-0.6195,50.8484],[-0.6228,50.848],[-0.6247,50.8482],[-0.6279,50.8492],[-0.6291,50.8515],[-0.63,50.8516],[-0.6325,50.8504],[-0.6343,50.8515],[-0.638,50.8529],[-0.6387,50.8535],[-0.6398,50.8533],[-0.6408,50.8535],[-0.6412,50.854],[-0.6424,50.854],[-0.6422,50.8537],[-0.6446,50.8534],[-0.648,50.8527],[-0.6506,50.8526],[-0.6491,50.855],[-0.6532,50.8558],[-0.6525,50.8575],[-0.6516,50.8597],[-0.65,50.8618],[-0.6495,50.8634],[-0.6501,50.8667],[-0.6505,50.8668],[-0.6503,50.8671],[-0.6522,50.8717],[-0.6526,50.8747],[-0.6522,50.8758],[-0.6526,50.8789],[-0.654,50.8793],[-0.6527,50.8809],[-0.6528,50.8814],[-0.6503,50.8835],[-0.6498,50.8858],[-0.6582,50.8875],[-0.6578,50.9024],[-0.6552,50.9031],[-0.6547,50.9049],[-0.6549,50.9057],[-0.652,50.9059],[-0.6486,50.9054],[-0.6488,50.904],[-0.6483,50.9024],[-0.6492,50.9],[-0.6467,50.9],[-0.6446,50.9008],[-0.6417,50.9009],[-0.6385,50.9025],[-0.6371,50.9018],[-0.6357,50.9034],[-0.6337,50.9048],[-0.6305,50.9052],[-0.6281,50.9048],[-0.6251,50.905],[-0.623,50.9046],[-0.6174,50.9056]]]]}},{"type":"Feature","properties":{"FID":6295,"MSOA21CD":"E02006543","MSOA21NM":"Arun 002","MSOA21NMW":" ","BNG_E":508408,"BNG_N":107640,"LAT":50.8581,"LONG":-0.4611,"Shape__Area":45614944.3129,"Shape__Length":49677.0307,"GlobalID":"174386c5-a283-4128-998f-9211f8339151","msoa21hclnm":"Angmering North, Patching & Findon","localauthorityname":"Arun","type":"Present in 2011","Life_expectancy_at_birth_male":82.2793,"Life_expectancy_at_birth_female":84.9008,"Healthy_life_expectancy_male":69.4,"Healthy_life_expectancy_female":70.6,"Area_Name":"Angmering North, Patching & Findon","Life_expectancy_at_birth_male_compared_to_england":"Better","Life_expectancy_at_birth_female_compared_to_england":"Similar","Healthy_life_expectancy_male_compared_to_england":"Better","Healthy_life_expectancy_female_compared_to_england":"Better"},"geometry":{"type":"MultiPolygon","coordinates":[[[[-0.4525,50.8909],[-0.4495,50.8822],[-0.4479,50.8797],[-0.4469,50.8805],[-0.44,50.8775],[-0.437,50.8825],[-0.4341,50.8854],[-0.4311,50.8895],[-0.4311,50.8928],[-0.4271,50.8931],[-0.4274,50.891],[-0.4271,50.8895],[-0.4264,50.8892],[-0.4265,50.8879],[-0.4246,50.8862],[-0.4245,50.8865],[-0.4228,50.8864],[-0.4222,50.8867],[-0.4203,50.8861],[-0.417,50.8862],[-0.4132,50.8857],[-0.4126,50.8866],[-0.4117,50.8866],[-0.4123,50.8853],[-0.4132,50.8796],[-0.4122,50.8797],[-0.4121,50.8807],[-0.4086,50.8799],[-0.4079,50.8819],[-0.406,50.8842],[-0.4015,50.8869],[-0.396,50.8919],[-0.3943,50.892],[-0.3931,50.8927],[-0.3927,50.8934],[-0.3887,50.8924],[-0.3885,50.8895],[-0.3866,50.8873],[-0.3855,50.8887],[-0.3819,50.887],[-0.3817,50.8866],[-0.3801,50.8856],[-0.3718,50.8873],[-0.3639,50.8885],[-0.3665,50.8845],[-0.3667,50.8822],[-0.3661,50.8793],[-0.3662,50.8769],[-0.364,50.8768],[-0.3635,50.8762],[-0.3646,50.8745],[-0.366,50.8744],[-0.3665,50.8747],[-0.3698,50.8732],[-0.3713,50.8717],[-0.3715,50.8707],[-0.3712,50.8698],[-0.3682,50.8665],[-0.3668,50.864],[-0.3668,50.8609],[-0.3675,50.8605],[-0.3713,50.8608],[-0.3751,50.8614],[-0.3779,50.8615],[-0.3788,50.8626],[-0.381,50.8632],[-0.3827,50.8628],[-0.3882,50.8595],[-0.3888,50.8595],[-0.3925,50.8597],[-0.3953,50.8591],[-0.3968,50.8581],[-0.3977,50.8579],[-0.4022,50.8568],[-0.4033,50.8565],[-0.4054,50.8546],[-0.4069,50.8536],[-0.4073,50.8528],[-0.4093,50.8523],[-0.4106,50.8535],[-0.4117,50.8541],[-0.4156,50.8552],[-0.4161,50.8563],[-0.4154,50.8567],[-0.4168,50.8571],[-0.42,50.8601],[-0.4217,50.8602],[-0.4228,50.8602],[-0.4243,50.8569],[-0.4241,50.8549],[-0.4229,50.8518],[-0.422,50.8509],[-0.423,50.8481],[-0.4221,50.8461],[-0.4223,50.8407],[-0.425,50.8399],[-0.4329,50.8398],[-0.4385,50.8407],[-0.446,50.8399],[-0.4433,50.8372],[-0.4455,50.8368],[-0.4457,50.8362],[-0.4465,50.8363],[-0.448,50.8363],[-0.4501,50.837],[-0.4529,50.8371],[-0.4602,50.8369],[-0.4562,50.8304],[-0.4675,50.8311],[-0.4682,50.8315],[-0.4675,50.8325],[-0.4649,50.8335],[-0.4649,50.8346],[-0.4655,50.8354],[-0.4672,50.8347],[-0.4714,50.8337],[-0.4782,50.8312],[-0.4789,50.8309],[-0.4793,50.8306],[-0.4792,50.8296],[-0.4798,50.8293],[-0.4804,50.8293],[-0.4804,50.8299],[-0.4825,50.8292],[-0.4832,50.8298],[-0.4838,50.8294],[-0.4845,50.8296],[-0.4855,50.8292],[-0.4862,50.8281],[-0.4872,50.8289],[-0.4882,50.8285],[-0.4893,50.8296],[-0.4907,50.8293],[-0.5024,50.8317],[-0.5043,50.8312],[-0.4991,50.8277],[-0.4962,50.8253],[-0.4971,50.8238],[-0.4971,50.8241],[-0.4988,50.824],[-0.5004,50.8249],[-0.5006,50.824],[-0.501,50.8241],[-0.5013,50.8223],[-0.503,50.8224],[-0.5037,50.8198],[-0.5087,50.8218],[-0.5099,50.8212],[-0.5151,50.8228],[-0.5149,50.8238],[-0.5143,50.8254],[-0.5155,50.826],[-0.5211,50.8273],[-0.5218,50.8283],[-0.5297,50.8304],[-0.529,50.8352],[-0.5283,50.8365],[-0.5269,50.8366],[-0.5269,50.8373],[-0.526,50.8375],[-0.5283,50.8403],[-0.5287,50.8431],[-0.5283,50.8455],[-0.5263,50.8456],[-0.5253,50.848],[-0.5242,50.8475],[-0.5229,50.8479],[-0.5212,50.8478],[-0.5203,50.8471],[-0.5183,50.8471],[-0.5142,50.8458],[-0.5124,50.8456],[-0.5099,50.8457],[-0.5085,50.846],[-0.5064,50.8454],[-0.5078,50.8444],[-0.5038,50.8449],[-0.4985,50.8462],[-0.4977,50.8474],[-0.4977,50.8488],[-0.4971,50.8499],[-0.4976,50.853],[-0.4955,50.8558],[-0.4978,50.8565],[-0.4983,50.8589],[-0.4982,50.8606],[-0.4976,50.8615],[-0.4983,50.8623],[-0.4969,50.8644],[-0.4928,50.867],[-0.4943,50.8681],[-0.4913,50.8698],[-0.4903,50.8728],[-0.4894,50.8739],[-0.4873,50.8744],[-0.4875,50.875],[-0.4871,50.8759],[-0.4846,50.8763],[-0.4813,50.8758],[-0.4797,50.8786],[-0.4794,50.8803],[-0.4766,50.8851],[-0.4692,50.8847],[-0.4649,50.884],[-0.4619,50.8892],[-0.4622,50.8906],[-0.4613,50.8921],[-0.4591,50.8936],[-0.4573,50.8958],[-0.4556,50.8967],[-0.4554,50.8969],[-0.4515,50.8955],[-0.4524,50.8928],[-0.4525,50.8909]]]]}},{"type":"Feature","properties":{"FID":6296,"MSOA21CD":"E02006544","MSOA21NM":"Arun 003","MSOA21NMW":" ","BNG_E":495280,"BNG_N":104963,"LAT":50.8364,"LONG":-0.6483,"Shape__Area":24784655.4332,"Shape__Length":24805.2008,"GlobalID":"fb673fc7-6564-4de5-8141-ab519ba32721","msoa21hclnm":"Westergate, Eastergate & Walberton","localauthorityname":"Arun","type":"Present in 2011","Life_expectancy_at_birth_male":80.745,"Life_expectancy_at_birth_female":82.6436,"Healthy_life_expectancy_male":68.7,"Healthy_life_expectancy_female":69.6,"Area_Name":"Westergate, Eastergate & Walberton","Life_expectancy_at_birth_male_compared_to_england":"Better","Life_expectancy_at_birth_female_compared_to_england":"Similar","Healthy_life_expectancy_male_compared_to_england":"Better","Healthy_life_expectancy_female_compared_to_england":"Better"},"geometry":{"type":"MultiPolygon","coordinates":[[[[-0.6491,50.855],[-0.6506,50.8526],[-0.648,50.8527],[-0.6446,50.8534],[-0.6422,50.8537],[-0.6424,50.854],[-0.6412,50.854],[-0.6408,50.8535],[-0.6398,50.8533],[-0.6387,50.8535],[-0.638,50.8529],[-0.6343,50.8515],[-0.6325,50.8504],[-0.63,50.8516],[-0.6291,50.8515],[-0.6279,50.8492],[-0.6247,50.8482],[-0.6228,50.848],[-0.6195,50.8484],[-0.6187,50.848],[-0.6161,50.8484],[-0.6151,50.8483],[-0.6149,50.8479],[-0.6137,50.8478],[-0.6135,50.8482],[-0.6112,50.8477],[-0.6107,50.8471],[-0.6076,50.8473],[-0.6075,50.8467],[-0.6053,50.8452],[-0.602,50.8439],[-0.6045,50.8419],[-0.6042,50.8408],[-0.6045,50.8375],[-0.6036,50.8367],[-0.6036,50.8348],[-0.6028,50.8318],[-0.6063,50.8311],[-0.6087,50.8311],[-0.6105,50.8337],[-0.6136,50.8333],[-0.6144,50.8352],[-0.6164,50.8348],[-0.6174,50.8319],[-0.6227,50.833],[-0.624,50.83],[-0.6217,50.8295],[-0.6201,50.8287],[-0.6223,50.826],[-0.6237,50.8264],[-0.6244,50.8255],[-0.6261,50.8252],[-0.6272,50.8243],[-0.6282,50.824],[-0.6295,50.8238],[-0.6309,50.8227],[-0.6328,50.8194],[-0.6382,50.8174],[-0.644,50.8141],[-0.6489,50.8121],[-0.6527,50.8108],[-0.6556,50.8087],[-0.6549,50.807],[-0.6551,50.806],[-0.6612,50.808],[-0.662,50.8074],[-0.6635,50.8078],[-0.6659,50.8084],[-0.6661,50.8093],[-0.668,50.8105],[-0.6676,50.8108],[-0.6683,50.8117],[-0.6689,50.8142],[-0.6723,50.8157],[-0.6738,50.8159],[-0.675,50.8169],[-0.6773,50.818],[-0.6823,50.8192],[-0.6844,50.8204],[-0.6866,50.8211],[-0.6862,50.8228],[-0.6877,50.8256],[-0.688,50.8287],[-0.6893,50.8308],[-0.6902,50.8329],[-0.6925,50.8354],[-0.693,50.8372],[-0.6927,50.8431],[-0.6923,50.844],[-0.6942,50.8448],[-0.6939,50.8459],[-0.6937,50.8465],[-0.691,50.8463],[-0.6906,50.8474],[-0.6909,50.8492],[-0.692,50.8497],[-0.6907,50.8496],[-0.6894,50.852],[-0.6861,50.8547],[-0.6814,50.8619],[-0.6811,50.8633],[-0.6774,50.8639],[-0.6717,50.8649],[-0.6625,50.8653],[-0.6569,50.8663],[-0.6505,50.8668],[-0.6501,50.8667],[-0.6495,50.8634],[-0.65,50.8618],[-0.6516,50.8597],[-0.6525,50.8575],[-0.6532,50.8558],[-0.6491,50.855]]]]}},{"type":"Feature","properties":{"FID":6297,"MSOA21CD":"E02006545","MSOA21NM":"Arun 004","MSOA21NMW":" ","BNG_E":501619,"BNG_N":103332,"LAT":50.8206,"LONG":-0.5587,"Shape__Area":4960765.0926,"Shape__Length":13992.2171,"GlobalID":"261aca24-18a3-4a2a-842d-ecff49ba5a14","msoa21hclnm":"Wick & Toddington","localauthorityname":"Arun","type":"Present in 2011","Life_expectancy_at_birth_male":77.9723,"Life_expectancy_at_birth_female":82.334,"Healthy_life_expectancy_male":63,"Healthy_life_expectancy_female":63.9,"Area_Name":"Wick & Toddington","Life_expectancy_at_birth_male_compared_to_england":"Similar","Life_expectancy_at_birth_female_compared_to_england":"Similar","Healthy_life_expectancy_male_compared_to_england":"Worse","Healthy_life_expectancy_female_compared_to_england":"Worse"},"geometry":{"type":"MultiPolygon","coordinates":[[[[-0.5218,50.8283],[-0.5211,50.8273],[-0.5155,50.826],[-0.5143,50.8254],[-0.5149,50.8238],[-0.5178,50.8238],[-0.5204,50.8233],[-0.5232,50.8223],[-0.5255,50.8214],[-0.5262,50.8211],[-0.529,50.82],[-0.5313,50.8204],[-0.5339,50.8208],[-0.5363,50.8209],[-0.5379,50.821],[-0.538,50.821],[-0.5381,50.8206],[-0.5387,50.8187],[-0.5393,50.8188],[-0.5396,50.8183],[-0.5395,50.8185],[-0.5401,50.8186],[-0.5403,50.818],[-0.5407,50.818],[-0.5414,50.8184],[-0.5419,50.8181],[-0.5425,50.8182],[-0.5425,50.8193],[-0.5413,50.8192],[-0.5408,50.8197],[-0.5406,50.8208],[-0.5411,50.8209],[-0.541,50.8212],[-0.5417,50.8207],[-0.5428,50.8208],[-0.5432,50.8213],[-0.544,50.8212],[-0.5439,50.8207],[-0.5441,50.8183],[-0.5442,50.8174],[-0.5444,50.8163],[-0.5445,50.8162],[-0.5445,50.8163],[-0.5451,50.8161],[-0.5452,50.8152],[-0.5469,50.8149],[-0.5478,50.8144],[-0.5462,50.8142],[-0.5466,50.8134],[-0.5468,50.8129],[-0.5483,50.8131],[-0.5486,50.8125],[-0.5481,50.8124],[-0.5482,50.812],[-0.5487,50.8119],[-0.549,50.8112],[-0.5467,50.8106],[-0.546,50.8104],[-0.5465,50.81],[-0.5482,50.8103],[-0.5558,50.814],[-0.5572,50.8141],[-0.5584,50.8137],[-0.5586,50.8139],[-0.5594,50.8123],[-0.5602,50.8132],[-0.5607,50.8154],[-0.5607,50.8167],[-0.5602,50.8169],[-0.5609,50.8182],[-0.5619,50.8189],[-0.5638,50.8194],[-0.566,50.8193],[-0.5677,50.8184],[-0.5698,50.8165],[-0.5711,50.8164],[-0.5721,50.8172],[-0.5737,50.8197],[-0.5736,50.8209],[-0.5724,50.8223],[-0.5724,50.8231],[-0.5728,50.8239],[-0.5756,50.8259],[-0.5757,50.8267],[-0.5724,50.8285],[-0.5681,50.8285],[-0.5666,50.8291],[-0.5666,50.8291],[-0.5653,50.828],[-0.5638,50.8279],[-0.5619,50.8287],[-0.56,50.8286],[-0.556,50.8293],[-0.5528,50.8293],[-0.5471,50.8298],[-0.5405,50.8302],[-0.5383,50.8309],[-0.5371,50.8307],[-0.5297,50.8304],[-0.5218,50.8283]]]]}},{"type":"Feature","properties":{"FID":6298,"MSOA21CD":"E02006546","MSOA21NM":"Arun 005","MSOA21NMW":" ","BNG_E":507268,"BNG_N":103616,"LAT":50.8222,"LONG":-0.4785,"Shape__Area":6297697.2216,"Shape__Length":17273.4833,"GlobalID":"e60499e4-1335-4a66-96b3-fafd12cf3ac2","msoa21hclnm":"Angmering South","localauthorityname":"Arun","type":"Present in 2011","Life_expectancy_at_birth_male":80.6022,"Life_expectancy_at_birth_female":84.0706,"Healthy_life_expectancy_male":67.5,"Healthy_life_expectancy_female":68.9,"Area_Name":"Angmering South","Life_expectancy_at_birth_male_compared_to_england":"Better","Life_expectancy_at_birth_female_compared_to_england":"Similar","Healthy_life_expectancy_male_compared_to_england":"Better","Healthy_life_expectancy_female_compared_to_england":"Better"},"geometry":{"type":"MultiPolygon","coordinates":[[[[-0.4562,50.8304],[-0.4554,50.8285],[-0.4555,50.8235],[-0.4557,50.8199],[-0.459,50.8196],[-0.4589,50.8179],[-0.4581,50.8177],[-0.4585,50.8166],[-0.4586,50.8148],[-0.4581,50.8146],[-0.4598,50.8144],[-0.4645,50.8126],[-0.4657,50.813],[-0.4671,50.8145],[-0.4695,50.8145],[-0.4711,50.8145],[-0.4722,50.8143],[-0.4727,50.8142],[-0.4731,50.8146],[-0.4736,50.8144],[-0.4731,50.8133],[-0.4738,50.8133],[-0.4738,50.8127],[-0.4745,50.8133],[-0.4749,50.8128],[-0.4758,50.8127],[-0.4766,50.8119],[-0.4788,50.8119],[-0.4787,50.8114],[-0.48,50.8113],[-0.4802,50.8107],[-0.4809,50.8107],[-0.4806,50.8113],[-0.4808,50.8113],[-0.4812,50.8111],[-0.4814,50.8114],[-0.4829,50.8115],[-0.4827,50.8106],[-0.4816,50.8106],[-0.4815,50.8102],[-0.4809,50.81],[-0.4821,50.8101],[-0.4827,50.8096],[-0.4837,50.8098],[-0.4836,50.8093],[-0.4846,50.8094],[-0.4844,50.8103],[-0.4849,50.8104],[-0.485,50.8099],[-0.4862,50.8101],[-0.4861,50.8109],[-0.4871,50.8113],[-0.4875,50.811],[-0.4873,50.8092],[-0.489,50.8089],[-0.4889,50.8092],[-0.4883,50.8092],[-0.4883,50.8099],[-0.4899,50.8101],[-0.4893,50.8116],[-0.4903,50.8118],[-0.4901,50.8139],[-0.4921,50.8141],[-0.4933,50.8141],[-0.4947,50.8142],[-0.4951,50.8131],[-0.4962,50.8138],[-0.4977,50.8142],[-0.4991,50.8138],[-0.4988,50.8128],[-0.4998,50.8129],[-0.4998,50.8132],[-0.5002,50.8133],[-0.5004,50.8129],[-0.5008,50.813],[-0.5013,50.8131],[-0.501,50.814],[-0.5002,50.814],[-0.4998,50.8146],[-0.4985,50.8144],[-0.4984,50.8149],[-0.499,50.8151],[-0.4995,50.8157],[-0.5005,50.8159],[-0.5005,50.8166],[-0.4995,50.8167],[-0.4991,50.8162],[-0.4981,50.8161],[-0.4979,50.8172],[-0.5015,50.8178],[-0.5013,50.8179],[-0.5026,50.8183],[-0.5099,50.8212],[-0.5087,50.8218],[-0.5037,50.8198],[-0.503,50.8224],[-0.5013,50.8223],[-0.501,50.8241],[-0.5006,50.824],[-0.5004,50.8249],[-0.4988,50.824],[-0.4971,50.8241],[-0.4971,50.8238],[-0.4962,50.8253],[-0.4991,50.8277],[-0.5043,50.8312],[-0.5024,50.8317],[-0.4907,50.8293],[-0.4893,50.8296],[-0.4882,50.8285],[-0.4872,50.8289],[-0.4862,50.8281],[-0.4855,50.8292],[-0.4845,50.8296],[-0.4838,50.8294],[-0.4832,50.8298],[-0.4825,50.8292],[-0.4804,50.8299],[-0.4804,50.8293],[-0.4798,50.8293],[-0.4792,50.8296],[-0.4793,50.8306],[-0.4789,50.8309],[-0.4782,50.8312],[-0.4714,50.8337],[-0.4672,50.8347],[-0.4655,50.8354],[-0.4649,50.8346],[-0.4649,50.8335],[-0.4675,50.8325],[-0.4682,50.8315],[-0.4675,50.8311],[-0.4562,50.8304]]]]}},{"type":"Feature","properties":{"FID":6299,"MSOA21CD":"E02006547","MSOA21NM":"Arun 006","MSOA21NMW":" ","BNG_E":498553,"BNG_N":102504,"LAT":50.8137,"LONG":-0.6025,"Shape__Area":16600511.0482,"Shape__Length":21688.456,"GlobalID":"d5370ede-ac13-4609-9798-1939315fe2b4","msoa21hclnm":"Yapton & Climping","localauthorityname":"Arun","type":"Present in 2011","Life_expectancy_at_birth_male":79.9464,"Life_expectancy_at_birth_female":82.4391,"Healthy_life_expectancy_male":65.3,"Healthy_life_expectancy_female":66.7,"Area_Name":"Yapton & Climping","Life_expectancy_at_birth_male_compared_to_england":"Similar","Life_expectancy_at_birth_female_compared_to_england":"Similar","Healthy_life_expectancy_male_compared_to_england":"Similar","Healthy_life_expectancy_female_compared_to_england":"Similar"},"geometry":{"type":"MultiPolygon","coordinates":[[[[-0.6144,50.8352],[-0.6136,50.8333],[-0.6105,50.8337],[-0.6087,50.8311],[-0.6063,50.8311],[-0.6028,50.8318],[-0.5998,50.8322],[-0.5962,50.8318],[-0.5925,50.8314],[-0.5841,50.8325],[-0.5828,50.8319],[-0.5814,50.8323],[-0.5765,50.8317],[-0.5703,50.8318],[-0.5696,50.832],[-0.5696,50.832],[-0.5695,50.832],[-0.5675,50.831],[-0.5669,50.8302],[-0.567,50.8295],[-0.5681,50.8291],[-0.5711,50.8292],[-0.5735,50.8287],[-0.576,50.8272],[-0.5764,50.8256],[-0.577,50.8255],[-0.5769,50.8253],[-0.5763,50.8255],[-0.5758,50.8253],[-0.5732,50.8232],[-0.5732,50.8223],[-0.5745,50.8203],[-0.5728,50.8167],[-0.5716,50.8159],[-0.5704,50.8159],[-0.5702,50.8158],[-0.5687,50.8165],[-0.5662,50.8185],[-0.5647,50.8189],[-0.5641,50.8189],[-0.5629,50.8188],[-0.5616,50.8177],[-0.5608,50.8126],[-0.5601,50.812],[-0.5569,50.8106],[-0.5569,50.8106],[-0.5569,50.8105],[-0.5579,50.8105],[-0.5576,50.8102],[-0.5581,50.8096],[-0.5574,50.8085],[-0.5573,50.8073],[-0.5561,50.8063],[-0.558,50.8045],[-0.5555,50.8037],[-0.5562,50.8033],[-0.5566,50.8023],[-0.5577,50.8017],[-0.5596,50.8018],[-0.5606,50.8002],[-0.5605,50.7997],[-0.5693,50.7984],[-0.5737,50.7974],[-0.5761,50.7968],[-0.5772,50.7961],[-0.581,50.7952],[-0.5825,50.795],[-0.588,50.7946],[-0.5895,50.7941],[-0.5896,50.7935],[-0.5906,50.7933],[-0.591,50.7929],[-0.5925,50.7929],[-0.5934,50.7923],[-0.5949,50.7924],[-0.596,50.7946],[-0.5954,50.7958],[-0.5957,50.7985],[-0.5951,50.7998],[-0.5925,50.8017],[-0.5948,50.8014],[-0.5981,50.8016],[-0.6018,50.8028],[-0.6044,50.8033],[-0.6075,50.8029],[-0.6096,50.8031],[-0.6119,50.804],[-0.6138,50.8042],[-0.6166,50.8056],[-0.6179,50.8059],[-0.6198,50.8058],[-0.6223,50.8068],[-0.6271,50.8062],[-0.6296,50.8067],[-0.6365,50.8092],[-0.644,50.8141],[-0.6382,50.8174],[-0.6328,50.8194],[-0.6309,50.8227],[-0.6295,50.8238],[-0.6282,50.824],[-0.6272,50.8243],[-0.6261,50.8252],[-0.6244,50.8255],[-0.6237,50.8264],[-0.6223,50.826],[-0.6201,50.8287],[-0.6217,50.8295],[-0.624,50.83],[-0.6227,50.833],[-0.6174,50.8319],[-0.6164,50.8348],[-0.6144,50.8352]]]]}},{"type":"Feature","properties":{"FID":6300,"MSOA21CD":"E02006548","MSOA21NM":"Arun 007","MSOA21NMW":" ","BNG_E":504814,"BNG_N":102916,"LAT":50.8163,"LONG":-0.5135,"Shape__Area":2089476.9004,"Shape__Length":8833.7543,"GlobalID":"19b1bda6-3968-4951-a8e5-1e67c5e34bf1","msoa21hclnm":"Rustington North","localauthorityname":"Arun","type":"Present in 2011","Life_expectancy_at_birth_male":80.1853,"Life_expectancy_at_birth_female":85.6335,"Healthy_life_expectancy_male":66.6,"Healthy_life_expectancy_female":68.4,"Area_Name":"Rustington North","Life_expectancy_at_birth_male_compared_to_england":"Similar","Life_expectancy_at_birth_female_compared_to_england":"Better","Healthy_life_expectancy_male_compared_to_england":"Similar","Healthy_life_expectancy_female_compared_to_england":"Better"},"geometry":{"type":"MultiPolygon","coordinates":[[[[-0.5099,50.8212],[-0.5026,50.8183],[-0.5013,50.8179],[-0.5015,50.8178],[-0.5026,50.816],[-0.503,50.8152],[-0.5042,50.8154],[-0.5064,50.8138],[-0.5065,50.8134],[-0.5067,50.813],[-0.508,50.8113],[-0.5081,50.811],[-0.5082,50.8105],[-0.5051,50.8102],[-0.5055,50.809],[-0.5056,50.8087],[-0.5087,50.8089],[-0.5089,50.8095],[-0.5105,50.8096],[-0.5107,50.8093],[-0.5111,50.8093],[-0.511,50.81],[-0.5111,50.8103],[-0.5142,50.8109],[-0.5141,50.8112],[-0.5136,50.8112],[-0.5144,50.8114],[-0.5153,50.8113],[-0.5159,50.8115],[-0.5166,50.812],[-0.5173,50.8114],[-0.5179,50.8115],[-0.518,50.8111],[-0.5187,50.8109],[-0.5189,50.8113],[-0.5209,50.8105],[-0.5214,50.8107],[-0.521,50.811],[-0.5226,50.8118],[-0.5229,50.8116],[-0.5237,50.8118],[-0.5235,50.8122],[-0.5246,50.8125],[-0.5254,50.8127],[-0.5255,50.8122],[-0.5261,50.8123],[-0.5266,50.8123],[-0.5266,50.8127],[-0.5277,50.8136],[-0.5276,50.8141],[-0.5262,50.814],[-0.5251,50.814],[-0.5247,50.8159],[-0.5243,50.8159],[-0.5251,50.8178],[-0.5276,50.8176],[-0.5276,50.8181],[-0.5285,50.8184],[-0.5291,50.8172],[-0.5333,50.8185],[-0.5353,50.8184],[-0.5373,50.8178],[-0.5372,50.8204],[-0.5363,50.8209],[-0.5339,50.8208],[-0.5313,50.8204],[-0.529,50.82],[-0.5262,50.8211],[-0.5255,50.8214],[-0.5232,50.8223],[-0.5204,50.8233],[-0.5178,50.8238],[-0.5149,50.8238],[-0.5151,50.8228],[-0.5099,50.8212]]]]}},{"type":"Feature","properties":{"FID":6301,"MSOA21CD":"E02006549","MSOA21NM":"Arun 008","MSOA21NMW":" ","BNG_E":508822,"BNG_N":102402,"LAT":50.8109,"LONG":-0.4568,"Shape__Area":5807491.9712,"Shape__Length":13999.8938,"GlobalID":"e6871117-9181-4a48-8f45-53ceb6868f1d","msoa21hclnm":"Ferring & Kingston Gorse","localauthorityname":"Arun","type":"Present in 2011","Life_expectancy_at_birth_male":82.3033,"Life_expectancy_at_birth_female":87.505,"Healthy_life_expectancy_male":70.6,"Healthy_life_expectancy_female":72.4,"Area_Name":"Ferring & Kingston Gorse","Life_expectancy_at_birth_male_compared_to_england":"Better","Life_expectancy_at_birth_female_compared_to_england":"Better","Healthy_life_expectancy_male_compared_to_england":"Better","Healthy_life_expectancy_female_compared_to_england":"Better"},"geometry":{"type":"MultiPolygon","coordinates":[[[[-0.4436,50.8214],[-0.4429,50.8198],[-0.4422,50.82],[-0.4427,50.8192],[-0.4419,50.8173],[-0.4413,50.8155],[-0.4412,50.8151],[-0.4411,50.8147],[-0.4401,50.8125],[-0.4393,50.8125],[-0.438,50.8095],[-0.4374,50.808],[-0.4371,50.8063],[-0.4363,50.8038],[-0.436,50.8031],[-0.436,50.8031],[-0.4395,50.8031],[-0.4403,50.8027],[-0.4444,50.8024],[-0.4448,50.8024],[-0.4507,50.8026],[-0.4529,50.8025],[-0.4529,50.8025],[-0.4561,50.802],[-0.4571,50.8021],[-0.475,50.8028],[-0.4754,50.8028],[-0.4744,50.8051],[-0.4763,50.8051],[-0.4767,50.8054],[-0.4767,50.806],[-0.4766,50.8066],[-0.4776,50.8069],[-0.4765,50.8071],[-0.4766,50.8074],[-0.4764,50.8079],[-0.4769,50.808],[-0.4768,50.8086],[-0.4762,50.8086],[-0.4762,50.8089],[-0.4769,50.809],[-0.4766,50.8101],[-0.4778,50.8102],[-0.4778,50.8114],[-0.4762,50.8115],[-0.4761,50.8119],[-0.4766,50.8119],[-0.4758,50.8127],[-0.4749,50.8128],[-0.4745,50.8133],[-0.4738,50.8127],[-0.4738,50.8133],[-0.4731,50.8133],[-0.4736,50.8144],[-0.4731,50.8146],[-0.4727,50.8142],[-0.4722,50.8143],[-0.4711,50.8145],[-0.4695,50.8145],[-0.4671,50.8145],[-0.4657,50.813],[-0.4645,50.8126],[-0.4598,50.8144],[-0.4581,50.8146],[-0.4586,50.8148],[-0.4585,50.8166],[-0.4581,50.8177],[-0.4589,50.8179],[-0.459,50.8196],[-0.4557,50.8199],[-0.4555,50.8235],[-0.4554,50.8285],[-0.4562,50.8304],[-0.4602,50.8369],[-0.4529,50.8371],[-0.4501,50.837],[-0.448,50.8363],[-0.4465,50.8363],[-0.4459,50.8348],[-0.4436,50.8331],[-0.4437,50.8316],[-0.4451,50.8275],[-0.4437,50.8215],[-0.4436,50.8214]]]]}},{"type":"Feature","properties":{"FID":6302,"MSOA21CD":"E02006550","MSOA21NM":"Arun 009","MSOA21NMW":" ","BNG_E":503682,"BNG_N":102369,"LAT":50.8116,"LONG":-0.5297,"Shape__Area":2303913.2773,"Shape__Length":13991.0259,"GlobalID":"af6a4846-893e-4384-887e-5aafef32fc01","msoa21hclnm":"Littlehampton East","localauthorityname":"Arun","type":"Present in 2011","Life_expectancy_at_birth_male":80.8516,"Life_expectancy_at_birth_female":85.5444,"Healthy_life_expectancy_male":65.4,"Healthy_life_expectancy_female":68.6,"Area_Name":"Littlehampton East","Life_expectancy_at_birth_male_compared_to_england":"Better","Life_expectancy_at_birth_female_compared_to_england":"Better","Healthy_life_expectancy_male_compared_to_england":"Similar","Healthy_life_expectancy_female_compared_to_england":"Better"},"geometry":{"type":"MultiPolygon","coordinates":[[[[-0.5428,50.8208],[-0.5417,50.8207],[-0.541,50.8212],[-0.5411,50.8209],[-0.5406,50.8208],[-0.5408,50.8197],[-0.5413,50.8192],[-0.5425,50.8193],[-0.5425,50.8182],[-0.5419,50.8181],[-0.5414,50.8184],[-0.5407,50.818],[-0.5403,50.818],[-0.5401,50.8186],[-0.5395,50.8185],[-0.5396,50.8183],[-0.5393,50.8188],[-0.5387,50.8187],[-0.5381,50.8206],[-0.538,50.821],[-0.5379,50.821],[-0.5363,50.8209],[-0.5372,50.8204],[-0.5373,50.8178],[-0.5353,50.8184],[-0.5333,50.8185],[-0.5291,50.8172],[-0.5285,50.8184],[-0.5276,50.8181],[-0.5276,50.8176],[-0.5251,50.8178],[-0.5243,50.8159],[-0.5247,50.8159],[-0.5251,50.814],[-0.5262,50.814],[-0.5276,50.8141],[-0.5277,50.8136],[-0.5266,50.8127],[-0.5266,50.8123],[-0.5261,50.8123],[-0.5255,50.8122],[-0.5254,50.8127],[-0.5246,50.8125],[-0.5235,50.8122],[-0.5237,50.8118],[-0.5229,50.8116],[-0.5226,50.8118],[-0.521,50.811],[-0.5214,50.8107],[-0.5209,50.8105],[-0.5189,50.8113],[-0.5187,50.8109],[-0.518,50.8111],[-0.5179,50.8115],[-0.5173,50.8114],[-0.5166,50.812],[-0.5159,50.8115],[-0.516,50.8112],[-0.5147,50.811],[-0.5149,50.8104],[-0.5139,50.8099],[-0.5123,50.8099],[-0.5121,50.8096],[-0.5124,50.8086],[-0.5135,50.8086],[-0.5134,50.808],[-0.5125,50.808],[-0.5126,50.8076],[-0.5113,50.8076],[-0.5117,50.806],[-0.5119,50.8049],[-0.5111,50.805],[-0.5112,50.8054],[-0.5117,50.8054],[-0.5113,50.8057],[-0.5103,50.8054],[-0.5105,50.8051],[-0.5098,50.8051],[-0.51,50.8045],[-0.5095,50.8044],[-0.5101,50.8038],[-0.5112,50.8039],[-0.5116,50.8046],[-0.5121,50.8046],[-0.5122,50.8042],[-0.5133,50.8041],[-0.5137,50.8036],[-0.5145,50.8039],[-0.5151,50.8043],[-0.5144,50.8052],[-0.5145,50.8058],[-0.5161,50.806],[-0.5163,50.8049],[-0.5169,50.8048],[-0.517,50.8041],[-0.5162,50.804],[-0.5158,50.8035],[-0.5162,50.8031],[-0.5169,50.8034],[-0.517,50.8028],[-0.5175,50.8029],[-0.5177,50.8036],[-0.5188,50.8037],[-0.5184,50.8046],[-0.5187,50.8056],[-0.5199,50.8046],[-0.5206,50.8047],[-0.5215,50.8039],[-0.5226,50.8031],[-0.5227,50.8021],[-0.5227,50.8021],[-0.5304,50.8021],[-0.5303,50.8026],[-0.5261,50.8025],[-0.5266,50.8034],[-0.5271,50.8038],[-0.528,50.8039],[-0.5285,50.8045],[-0.5286,50.8058],[-0.5279,50.8055],[-0.5274,50.8059],[-0.5294,50.8066],[-0.529,50.8074],[-0.5301,50.8076],[-0.5298,50.8072],[-0.53,50.8067],[-0.5304,50.8067],[-0.5307,50.8066],[-0.531,50.8069],[-0.5306,50.8077],[-0.5313,50.8078],[-0.5323,50.8082],[-0.5335,50.8071],[-0.5343,50.8073],[-0.535,50.807],[-0.5356,50.8072],[-0.5354,50.8076],[-0.5363,50.8076],[-0.5372,50.8077],[-0.5393,50.8079],[-0.539,50.8086],[-0.5384,50.8085],[-0.5391,50.809],[-0.5388,50.8095],[-0.5398,50.8094],[-0.5406,50.8099],[-0.5398,50.8107],[-0.5375,50.8114],[-0.5376,50.812],[-0.5389,50.8124],[-0.5397,50.8122],[-0.5406,50.813],[-0.5405,50.8134],[-0.5429,50.8137],[-0.543,50.8137],[-0.5445,50.814],[-0.5445,50.8162],[-0.5444,50.8163],[-0.5442,50.8174],[-0.5441,50.8183],[-0.5439,50.8207],[-0.544,50.8212],[-0.5432,50.8213],[-0.5428,50.8208]]]]}},{"type":"Feature","properties":{"FID":6303,"MSOA21CD":"E02006551","MSOA21NM":"Arun 010","MSOA21NMW":" ","BNG_E":505897,"BNG_N":102043,"LAT":50.8083,"LONG":-0.4984,"Shape__Area":2907266.4351,"Shape__Length":16653.7071,"GlobalID":"784a3ac5-1591-4be9-aaa5-98b3ad345d9f","msoa21hclnm":"East Preston & Rustington East","localauthorityname":"Arun","type":"Present in 2011","Life_expectancy_at_birth_male":81.0342,"Life_expectancy_at_birth_female":83.8916,"Healthy_life_expectancy_male":69,"Healthy_life_expectancy_female":69.6,"Area_Name":"East Preston & Rustington East","Life_expectancy_at_birth_male_compared_to_england":"Similar","Life_expectancy_at_birth_female_compared_to_england":"Similar","Healthy_life_expectancy_male_compared_to_england":"Better","Healthy_life_expectancy_female_compared_to_england":"Better"},"geometry":{"type":"MultiPolygon","coordinates":[[[[-0.4979,50.8172],[-0.4981,50.8161],[-0.4991,50.8162],[-0.4995,50.8167],[-0.5005,50.8166],[-0.5005,50.8159],[-0.4995,50.8157],[-0.499,50.8151],[-0.4984,50.8149],[-0.4985,50.8144],[-0.4998,50.8146],[-0.5002,50.814],[-0.501,50.814],[-0.5013,50.8131],[-0.5008,50.813],[-0.5004,50.8129],[-0.5002,50.8133],[-0.4998,50.8132],[-0.4998,50.8129],[-0.4988,50.8128],[-0.4991,50.8138],[-0.4977,50.8142],[-0.4962,50.8138],[-0.4951,50.8131],[-0.4947,50.8142],[-0.4933,50.8141],[-0.4921,50.8141],[-0.4901,50.8139],[-0.4903,50.8118],[-0.4893,50.8116],[-0.4899,50.8101],[-0.4883,50.8099],[-0.4883,50.8092],[-0.4889,50.8092],[-0.489,50.8089],[-0.4873,50.8092],[-0.4875,50.811],[-0.4871,50.8113],[-0.4861,50.8109],[-0.4862,50.8101],[-0.485,50.8099],[-0.4849,50.8104],[-0.4844,50.8103],[-0.4846,50.8094],[-0.4836,50.8093],[-0.4837,50.8098],[-0.4827,50.8096],[-0.4821,50.8101],[-0.4809,50.81],[-0.4815,50.8102],[-0.4816,50.8106],[-0.4827,50.8106],[-0.4829,50.8115],[-0.4814,50.8114],[-0.4812,50.8111],[-0.4808,50.8113],[-0.4806,50.8113],[-0.4809,50.8107],[-0.4802,50.8107],[-0.48,50.8113],[-0.4787,50.8114],[-0.4788,50.8119],[-0.4766,50.8119],[-0.4761,50.8119],[-0.4762,50.8115],[-0.4778,50.8114],[-0.4778,50.8102],[-0.4766,50.8101],[-0.4769,50.809],[-0.4762,50.8089],[-0.4762,50.8086],[-0.4768,50.8086],[-0.4769,50.808],[-0.4764,50.8079],[-0.4766,50.8074],[-0.4765,50.8071],[-0.4776,50.8069],[-0.4766,50.8066],[-0.4767,50.806],[-0.4767,50.8054],[-0.4763,50.8051],[-0.4744,50.8051],[-0.4754,50.8028],[-0.4842,50.8028],[-0.4856,50.8028],[-0.4928,50.8026],[-0.4951,50.8025],[-0.4951,50.8025],[-0.4952,50.8025],[-0.4966,50.8025],[-0.5035,50.8025],[-0.5072,50.8025],[-0.5074,50.8025],[-0.5096,50.8024],[-0.5135,50.8023],[-0.5227,50.8021],[-0.5226,50.8031],[-0.5215,50.8039],[-0.5206,50.8047],[-0.5199,50.8046],[-0.5187,50.8056],[-0.5184,50.8046],[-0.5188,50.8037],[-0.5177,50.8036],[-0.5175,50.8029],[-0.517,50.8028],[-0.5169,50.8034],[-0.5162,50.8031],[-0.5158,50.8035],[-0.5162,50.804],[-0.517,50.8041],[-0.5169,50.8048],[-0.5163,50.8049],[-0.5161,50.806],[-0.5145,50.8058],[-0.5144,50.8052],[-0.5151,50.8043],[-0.5145,50.8039],[-0.5137,50.8036],[-0.5133,50.8041],[-0.5122,50.8042],[-0.5121,50.8046],[-0.5116,50.8046],[-0.5112,50.8039],[-0.5101,50.8038],[-0.5095,50.8044],[-0.51,50.8045],[-0.5098,50.8051],[-0.5105,50.8051],[-0.5103,50.8054],[-0.5113,50.8057],[-0.5117,50.8054],[-0.5112,50.8054],[-0.5111,50.805],[-0.5119,50.8049],[-0.5117,50.806],[-0.5113,50.8076],[-0.5126,50.8076],[-0.5125,50.808],[-0.5134,50.808],[-0.5135,50.8086],[-0.5124,50.8086],[-0.5121,50.8096],[-0.5123,50.8099],[-0.5139,50.8099],[-0.5149,50.8104],[-0.5147,50.811],[-0.516,50.8112],[-0.5159,50.8115],[-0.5153,50.8113],[-0.5144,50.8114],[-0.5136,50.8112],[-0.5141,50.8112],[-0.5142,50.8109],[-0.5111,50.8103],[-0.511,50.81],[-0.5111,50.8093],[-0.5107,50.8093],[-0.5105,50.8096],[-0.5089,50.8095],[-0.5087,50.8089],[-0.5056,50.8087],[-0.5055,50.809],[-0.5051,50.8102],[-0.5082,50.8105],[-0.5081,50.811],[-0.508,50.8113],[-0.5067,50.813],[-0.5065,50.8134],[-0.5064,50.8138],[-0.5042,50.8154],[-0.503,50.8152],[-0.5026,50.816],[-0.5015,50.8178],[-0.4979,50.8172]]]]}},{"type":"Feature","properties":{"FID":6304,"MSOA21CD":"E02006552","MSOA21NM":"Arun 011","MSOA21NMW":" ","BNG_E":502771,"BNG_N":102036,"LAT":50.8088,"LONG":-0.5427,"Shape__Area":2176067.4261,"Shape__Length":14414.0217,"GlobalID":"03ce4412-48d6-442e-b09f-4370432d69b7","msoa21hclnm":"Littlehampton West and River","localauthorityname":"Arun","type":"Present in 2011","Life_expectancy_at_birth_male":73.3999,"Life_expectancy_at_birth_female":79.6947,"Healthy_life_expectancy_male":57.8,"Healthy_life_expectancy_female":62.4,"Area_Name":"Littlehampton West and River","Life_expectancy_at_birth_male_compared_to_england":"Worse","Life_expectancy_at_birth_female_compared_to_england":"Worse","Healthy_life_expectancy_male_compared_to_england":"Worse","Healthy_life_expectancy_female_compared_to_england":"Worse"},"geometry":{"type":"MultiPolygon","coordinates":[[[[-0.5519,50.8105],[-0.5496,50.8093],[-0.55,50.809],[-0.5495,50.8092],[-0.5491,50.8089],[-0.5486,50.8085],[-0.5488,50.808],[-0.5483,50.8083],[-0.5485,50.8084],[-0.548,50.8081],[-0.5485,50.8077],[-0.5472,50.8072],[-0.5471,50.8077],[-0.5465,50.8074],[-0.5454,50.8065],[-0.545,50.8056],[-0.5446,50.8056],[-0.5447,50.8043],[-0.5435,50.8037],[-0.542,50.8002],[-0.5436,50.8],[-0.5502,50.8003],[-0.5603,50.7997],[-0.5604,50.7997],[-0.5605,50.7997],[-0.5606,50.8002],[-0.5596,50.8018],[-0.5577,50.8017],[-0.5566,50.8023],[-0.5562,50.8033],[-0.5555,50.8037],[-0.558,50.8045],[-0.5561,50.8063],[-0.5573,50.8073],[-0.5574,50.8085],[-0.5581,50.8096],[-0.5576,50.8102],[-0.5579,50.8105],[-0.5569,50.8105],[-0.5569,50.8106],[-0.5568,50.8105],[-0.556,50.8104],[-0.5561,50.8108],[-0.5536,50.8108],[-0.5519,50.8105]]],[[[-0.5406,50.813],[-0.5397,50.8122],[-0.5389,50.8124],[-0.5376,50.812],[-0.5375,50.8114],[-0.5398,50.8107],[-0.5406,50.8099],[-0.5398,50.8094],[-0.5388,50.8095],[-0.5391,50.809],[-0.5384,50.8085],[-0.539,50.8086],[-0.5393,50.8079],[-0.5372,50.8077],[-0.5363,50.8076],[-0.5354,50.8076],[-0.5356,50.8072],[-0.535,50.807],[-0.5343,50.8073],[-0.5335,50.8071],[-0.5323,50.8082],[-0.5313,50.8078],[-0.5306,50.8077],[-0.531,50.8069],[-0.5307,50.8066],[-0.5304,50.8067],[-0.53,50.8067],[-0.5298,50.8072],[-0.5301,50.8076],[-0.529,50.8074],[-0.5294,50.8066],[-0.5274,50.8059],[-0.5279,50.8055],[-0.5286,50.8058],[-0.5285,50.8045],[-0.528,50.8039],[-0.5271,50.8038],[-0.5266,50.8034],[-0.5261,50.8025],[-0.5303,50.8026],[-0.5304,50.8021],[-0.5379,50.8022],[-0.538,50.8022],[-0.5381,50.8022],[-0.5417,50.8019],[-0.5418,50.8014],[-0.5433,50.8054],[-0.5434,50.8059],[-0.5447,50.8076],[-0.5445,50.8078],[-0.5454,50.8078],[-0.5461,50.8081],[-0.5473,50.8086],[-0.5474,50.8088],[-0.5495,50.8104],[-0.5527,50.8116],[-0.5562,50.8114],[-0.5594,50.8123],[-0.5594,50.8123],[-0.5586,50.8139],[-0.5584,50.8137],[-0.5572,50.8141],[-0.5558,50.814],[-0.5482,50.8103],[-0.5465,50.81],[-0.546,50.8104],[-0.5467,50.8106],[-0.549,50.8112],[-0.5487,50.8119],[-0.5482,50.812],[-0.5481,50.8124],[-0.5486,50.8125],[-0.5483,50.8131],[-0.5468,50.8129],[-0.5466,50.8134],[-0.5462,50.8142],[-0.5478,50.8144],[-0.5469,50.8149],[-0.5452,50.8152],[-0.5451,50.8161],[-0.5445,50.8163],[-0.5445,50.8162],[-0.5445,50.814],[-0.543,50.8137],[-0.5429,50.8137],[-0.5405,50.8134],[-0.5406,50.813]]]]}},{"type":"Feature","properties":{"FID":6305,"MSOA21CD":"E02006553","MSOA21NM":"Arun 012","MSOA21NMW":" ","BNG_E":492757,"BNG_N":101650,"LAT":50.807,"LONG":-0.6849,"Shape__Area":6945432.7916,"Shape__Length":16858.5853,"GlobalID":"341c734e-16ce-48e5-8c17-fbfe65f7b332","msoa21hclnm":"North Bersted","localauthorityname":"Arun","type":"Present in 2011","Life_expectancy_at_birth_male":80.5797,"Life_expectancy_at_birth_female":84.9067,"Healthy_life_expectancy_male":66.5,"Healthy_life_expectancy_female":67.6,"Area_Name":"North Bersted","Life_expectancy_at_birth_male_compared_to_england":"Similar","Life_expectancy_at_birth_female_compared_to_england":"Better","Healthy_life_expectancy_male_compared_to_england":"Better","Healthy_life_expectancy_female_compared_to_england":"Similar"},"geometry":{"type":"MultiPolygon","coordinates":[[[[-0.6689,50.8142],[-0.6683,50.8117],[-0.6676,50.8108],[-0.668,50.8105],[-0.6661,50.8093],[-0.6659,50.8084],[-0.6635,50.8078],[-0.662,50.8074],[-0.6612,50.808],[-0.6551,50.806],[-0.6553,50.8043],[-0.6562,50.8023],[-0.6578,50.8018],[-0.6589,50.8],[-0.658,50.7993],[-0.6596,50.7985],[-0.6596,50.7978],[-0.6607,50.7979],[-0.6612,50.7968],[-0.6634,50.797],[-0.6637,50.7962],[-0.6652,50.7966],[-0.6676,50.7971],[-0.6694,50.7983],[-0.6709,50.7977],[-0.671,50.7979],[-0.6718,50.7991],[-0.6737,50.8005],[-0.6759,50.8003],[-0.6759,50.8003],[-0.6742,50.8016],[-0.6716,50.8016],[-0.6714,50.8018],[-0.6718,50.8025],[-0.671,50.8028],[-0.6703,50.8018],[-0.6693,50.802],[-0.67,50.803],[-0.6697,50.8037],[-0.6752,50.8031],[-0.6752,50.8023],[-0.6759,50.8023],[-0.6764,50.8016],[-0.6778,50.8019],[-0.6785,50.8011],[-0.678,50.8011],[-0.6782,50.8008],[-0.6793,50.801],[-0.6809,50.8014],[-0.6818,50.8015],[-0.6828,50.8012],[-0.6832,50.8006],[-0.6834,50.8003],[-0.6829,50.8002],[-0.6827,50.7998],[-0.6833,50.7996],[-0.6832,50.7993],[-0.6822,50.7994],[-0.6821,50.7985],[-0.6807,50.7993],[-0.6792,50.7987],[-0.6801,50.7981],[-0.682,50.7978],[-0.6821,50.7972],[-0.6822,50.7969],[-0.684,50.7972],[-0.6853,50.7975],[-0.6867,50.7961],[-0.687,50.7958],[-0.6908,50.7969],[-0.6908,50.7963],[-0.6914,50.7948],[-0.6917,50.7945],[-0.6925,50.794],[-0.6927,50.7943],[-0.695,50.7951],[-0.6955,50.7945],[-0.696,50.7933],[-0.6999,50.7938],[-0.7004,50.7932],[-0.7007,50.793],[-0.7008,50.7946],[-0.7037,50.7932],[-0.7087,50.7936],[-0.7082,50.7951],[-0.7066,50.7976],[-0.7096,50.7973],[-0.71,50.7991],[-0.7116,50.8],[-0.7115,50.8034],[-0.7086,50.8044],[-0.7133,50.8083],[-0.7134,50.8088],[-0.7111,50.808],[-0.7099,50.8082],[-0.708,50.8098],[-0.7073,50.8109],[-0.7061,50.8116],[-0.7062,50.8118],[-0.7056,50.8117],[-0.7016,50.8129],[-0.7008,50.8134],[-0.6899,50.8128],[-0.689,50.8169],[-0.6867,50.8195],[-0.6866,50.8211],[-0.6844,50.8204],[-0.6823,50.8192],[-0.6773,50.818],[-0.675,50.8169],[-0.6738,50.8159],[-0.6723,50.8157],[-0.6689,50.8142]]]]}},{"type":"Feature","properties":{"FID":6306,"MSOA21CD":"E02006554","MSOA21NM":"Arun 013","MSOA21NMW":" ","BNG_E":497496,"BNG_N":101085,"LAT":50.8011,"LONG":-0.6178,"Shape__Area":5660476.5646,"Shape__Length":13867.2525,"GlobalID":"29e1a3fe-6615-482f-a4c0-a36f3d5e267e","msoa21hclnm":"Middleton-on-Sea","localauthorityname":"Arun","type":"Present in 2011","Life_expectancy_at_birth_male":81.6839,"Life_expectancy_at_birth_female":86.0605,"Healthy_life_expectancy_male":67.6,"Healthy_life_expectancy_female":71.5,"Area_Name":"Middleton-on-Sea","Life_expectancy_at_birth_male_compared_to_england":"Better","Life_expectancy_at_birth_female_compared_to_england":"Better","Healthy_life_expectancy_male_compared_to_england":"Better","Healthy_life_expectancy_female_compared_to_england":"Better"},"geometry":{"type":"MultiPolygon","coordinates":[[[[-0.5958,50.7914],[-0.5965,50.7911],[-0.5969,50.7911],[-0.5958,50.7914]]],[[[-0.6296,50.8067],[-0.6271,50.8062],[-0.6223,50.8068],[-0.6198,50.8058],[-0.6179,50.8059],[-0.6166,50.8056],[-0.6138,50.8042],[-0.6119,50.804],[-0.6096,50.8031],[-0.6075,50.8029],[-0.6044,50.8033],[-0.6018,50.8028],[-0.5981,50.8016],[-0.5948,50.8014],[-0.5925,50.8017],[-0.5951,50.7998],[-0.5957,50.7985],[-0.5954,50.7958],[-0.596,50.7946],[-0.5949,50.7924],[-0.5949,50.7924],[-0.5975,50.7921],[-0.5996,50.7912],[-0.6012,50.7912],[-0.6014,50.7912],[-0.6022,50.7909],[-0.6025,50.7908],[-0.6039,50.791],[-0.6054,50.7906],[-0.6059,50.7906],[-0.607,50.7908],[-0.6102,50.7906],[-0.6105,50.7906],[-0.6118,50.791],[-0.6144,50.7908],[-0.6171,50.7906],[-0.6193,50.79],[-0.6213,50.7896],[-0.6274,50.7885],[-0.6276,50.7884],[-0.6278,50.7894],[-0.6285,50.7898],[-0.6273,50.791],[-0.627,50.7922],[-0.6275,50.7924],[-0.6275,50.7933],[-0.6287,50.7939],[-0.6285,50.7957],[-0.6284,50.796],[-0.6282,50.7974],[-0.6282,50.7975],[-0.6296,50.7976],[-0.6297,50.7971],[-0.6309,50.7972],[-0.6315,50.796],[-0.6327,50.7963],[-0.6329,50.7958],[-0.6334,50.7947],[-0.6339,50.795],[-0.6364,50.7947],[-0.636,50.7959],[-0.6348,50.7963],[-0.636,50.7966],[-0.6356,50.7972],[-0.6361,50.7973],[-0.6365,50.797],[-0.6368,50.7978],[-0.6355,50.7977],[-0.635,50.7998],[-0.6349,50.8001],[-0.6371,50.8004],[-0.6388,50.7999],[-0.6415,50.8009],[-0.6416,50.8013],[-0.6434,50.8016],[-0.6442,50.8023],[-0.6459,50.8024],[-0.6495,50.8029],[-0.6553,50.8043],[-0.6551,50.806],[-0.6549,50.807],[-0.6556,50.8087],[-0.6527,50.8108],[-0.6489,50.8121],[-0.644,50.8141],[-0.6365,50.8092],[-0.6296,50.8067]]]]}},{"type":"Feature","properties":{"FID":6307,"MSOA21CD":"E02006555","MSOA21NM":"Arun 014","MSOA21NMW":" ","BNG_E":493639,"BNG_N":100420,"LAT":50.7958,"LONG":-0.6727,"Shape__Area":1453969.2448,"Shape__Length":9140.8269,"GlobalID":"7e2ff596-9ee5-434f-84ef-598b25b08cb3","msoa21hclnm":"South Bersted","localauthorityname":"Arun","type":"Present in 2011","Life_expectancy_at_birth_male":75.853,"Life_expectancy_at_birth_female":80.2953,"Healthy_life_expectancy_male":61.1,"Healthy_life_expectancy_female":63,"Area_Name":"South Bersted","Life_expectancy_at_birth_male_compared_to_england":"Worse","Life_expectancy_at_birth_female_compared_to_england":"Worse","Healthy_life_expectancy_male_compared_to_england":"Worse","Healthy_life_expectancy_female_compared_to_england":"Worse"},"geometry":{"type":"MultiPolygon","coordinates":[[[[-0.67,50.803],[-0.6693,50.802],[-0.6703,50.8018],[-0.671,50.8028],[-0.6718,50.8025],[-0.6714,50.8018],[-0.6716,50.8016],[-0.6742,50.8016],[-0.6759,50.8003],[-0.6759,50.8003],[-0.6737,50.8005],[-0.6718,50.7991],[-0.671,50.7979],[-0.6709,50.7977],[-0.6694,50.7983],[-0.6676,50.7971],[-0.6652,50.7966],[-0.6637,50.7962],[-0.6636,50.7956],[-0.6623,50.7946],[-0.6625,50.794],[-0.6626,50.7936],[-0.6617,50.7927],[-0.6616,50.7917],[-0.6603,50.7913],[-0.6635,50.792],[-0.6645,50.7914],[-0.6646,50.7902],[-0.6659,50.7905],[-0.6668,50.7907],[-0.6669,50.7905],[-0.6676,50.7904],[-0.6673,50.7901],[-0.6692,50.7891],[-0.6706,50.7894],[-0.6709,50.789],[-0.67,50.788],[-0.6711,50.7878],[-0.6723,50.7886],[-0.6723,50.7892],[-0.6726,50.7892],[-0.6736,50.7897],[-0.6731,50.79],[-0.6737,50.7905],[-0.6731,50.7911],[-0.6746,50.7917],[-0.6772,50.79],[-0.6781,50.7895],[-0.6787,50.7896],[-0.6783,50.7898],[-0.6787,50.79],[-0.678,50.7902],[-0.6784,50.7905],[-0.6795,50.7909],[-0.6801,50.7905],[-0.6814,50.7905],[-0.6816,50.7907],[-0.6801,50.7916],[-0.6807,50.7921],[-0.6823,50.7924],[-0.6829,50.792],[-0.6832,50.7922],[-0.6832,50.7936],[-0.6825,50.7948],[-0.6836,50.795],[-0.6836,50.7955],[-0.682,50.7952],[-0.6817,50.7957],[-0.682,50.7963],[-0.6835,50.7965],[-0.684,50.7972],[-0.6822,50.7969],[-0.6821,50.7972],[-0.682,50.7978],[-0.6801,50.7981],[-0.6792,50.7987],[-0.6807,50.7993],[-0.6821,50.7985],[-0.6822,50.7994],[-0.6832,50.7993],[-0.6833,50.7996],[-0.6827,50.7998],[-0.6829,50.8002],[-0.6834,50.8003],[-0.6832,50.8006],[-0.6828,50.8012],[-0.6818,50.8015],[-0.6809,50.8014],[-0.6793,50.801],[-0.6782,50.8008],[-0.678,50.8011],[-0.6785,50.8011],[-0.6778,50.8019],[-0.6764,50.8016],[-0.6759,50.8023],[-0.6752,50.8023],[-0.6752,50.8031],[-0.6697,50.8037],[-0.67,50.803]]]]}},{"type":"Feature","properties":{"FID":6308,"MSOA21CD":"E02006556","MSOA21NM":"Arun 015","MSOA21NMW":" ","BNG_E":495562,"BNG_N":100251,"LAT":50.794,"LONG":-0.6455,"Shape__Area":3543972.2094,"Shape__Length":10214.1284,"GlobalID":"3709c83f-c7c7-4e90-8d66-4c169ec3680a","msoa21hclnm":"Felpham","localauthorityname":"Arun","type":"Present in 2011","Life_expectancy_at_birth_male":81.0396,"Life_expectancy_at_birth_female":86.865,"Healthy_life_expectancy_male":68.5,"Healthy_life_expectancy_female":72,"Area_Name":"Felpham","Life_expectancy_at_birth_male_compared_to_england":"Better","Life_expectancy_at_birth_female_compared_to_england":"Better","Healthy_life_expectancy_male_compared_to_england":"Better","Healthy_life_expectancy_female_compared_to_england":"Better"},"geometry":{"type":"MultiPolygon","coordinates":[[[[-0.6415,50.8009],[-0.6388,50.7999],[-0.6371,50.8004],[-0.6349,50.8001],[-0.635,50.7998],[-0.6355,50.7977],[-0.6368,50.7978],[-0.6365,50.797],[-0.6361,50.7973],[-0.6356,50.7972],[-0.636,50.7966],[-0.6348,50.7963],[-0.636,50.7959],[-0.6364,50.7947],[-0.6339,50.795],[-0.6334,50.7947],[-0.6329,50.7958],[-0.6327,50.7963],[-0.6315,50.796],[-0.6309,50.7972],[-0.6297,50.7971],[-0.6296,50.7976],[-0.6282,50.7975],[-0.6282,50.7974],[-0.6284,50.796],[-0.6285,50.7957],[-0.6287,50.7939],[-0.6275,50.7933],[-0.6275,50.7924],[-0.627,50.7922],[-0.6273,50.791],[-0.6285,50.7898],[-0.6278,50.7894],[-0.6276,50.7884],[-0.6284,50.7881],[-0.6297,50.7879],[-0.6355,50.7876],[-0.6422,50.7874],[-0.6423,50.7874],[-0.6478,50.787],[-0.6481,50.787],[-0.6494,50.7868],[-0.6532,50.7861],[-0.6549,50.7854],[-0.6558,50.7844],[-0.6595,50.7838],[-0.6595,50.7838],[-0.6599,50.7847],[-0.6588,50.7849],[-0.658,50.7854],[-0.6569,50.7852],[-0.6564,50.7862],[-0.6567,50.7867],[-0.6585,50.7868],[-0.6614,50.7876],[-0.6598,50.7911],[-0.6603,50.7913],[-0.6616,50.7917],[-0.6617,50.7927],[-0.6626,50.7936],[-0.6625,50.794],[-0.6623,50.7946],[-0.6636,50.7956],[-0.6637,50.7962],[-0.6634,50.797],[-0.6612,50.7968],[-0.6607,50.7979],[-0.6596,50.7978],[-0.6596,50.7985],[-0.658,50.7993],[-0.6589,50.8],[-0.6578,50.8018],[-0.6562,50.8023],[-0.6553,50.8043],[-0.6495,50.8029],[-0.6459,50.8024],[-0.6442,50.8023],[-0.6434,50.8016],[-0.6416,50.8013],[-0.6415,50.8009]]]]}},{"type":"Feature","properties":{"FID":6309,"MSOA21CD":"E02006557","MSOA21NM":"Arun 016","MSOA21NMW":" ","BNG_E":492421,"BNG_N":99907,"LAT":50.7914,"LONG":-0.6901,"Shape__Area":1377008.8198,"Shape__Length":7555.2436,"GlobalID":"6b250c3a-4ee5-4a3d-acb2-ba273218ed23","msoa21hclnm":"Hawthorn Road","localauthorityname":"Arun","type":"Present in 2011","Life_expectancy_at_birth_male":76.2363,"Life_expectancy_at_birth_female":81.4439,"Healthy_life_expectancy_male":61.3,"Healthy_life_expectancy_female":63.7,"Area_Name":"Hawthorn Road","Life_expectancy_at_birth_male_compared_to_england":"Worse","Life_expectancy_at_birth_female_compared_to_england":"Worse","Healthy_life_expectancy_male_compared_to_england":"Worse","Healthy_life_expectancy_female_compared_to_england":"Worse"},"geometry":{"type":"MultiPolygon","coordinates":[[[[-0.682,50.7963],[-0.6817,50.7957],[-0.682,50.7952],[-0.6836,50.7955],[-0.6836,50.795],[-0.6825,50.7948],[-0.6832,50.7936],[-0.6832,50.7922],[-0.6829,50.792],[-0.6823,50.7924],[-0.6807,50.7921],[-0.6801,50.7916],[-0.6816,50.7907],[-0.6814,50.7905],[-0.6801,50.7905],[-0.6795,50.7909],[-0.6784,50.7905],[-0.678,50.7902],[-0.6787,50.79],[-0.6783,50.7898],[-0.6787,50.7896],[-0.6781,50.7895],[-0.6772,50.79],[-0.6746,50.7917],[-0.6731,50.7911],[-0.6737,50.7905],[-0.6745,50.7893],[-0.6754,50.7877],[-0.6759,50.786],[-0.6767,50.7863],[-0.6777,50.7869],[-0.6778,50.7869],[-0.678,50.787],[-0.6796,50.788],[-0.6804,50.7885],[-0.6804,50.7885],[-0.6808,50.7887],[-0.6815,50.7885],[-0.6814,50.7887],[-0.6828,50.788],[-0.683,50.7862],[-0.6844,50.7862],[-0.6848,50.7854],[-0.6868,50.7852],[-0.6872,50.7863],[-0.6912,50.7865],[-0.6937,50.7868],[-0.6962,50.7854],[-0.6969,50.786],[-0.6977,50.7883],[-0.6977,50.7884],[-0.698,50.7898],[-0.7006,50.7927],[-0.7007,50.793],[-0.7004,50.7932],[-0.6999,50.7938],[-0.696,50.7933],[-0.6955,50.7945],[-0.695,50.7951],[-0.6927,50.7943],[-0.6925,50.794],[-0.6917,50.7945],[-0.6914,50.7948],[-0.6908,50.7963],[-0.6908,50.7969],[-0.687,50.7958],[-0.6867,50.7961],[-0.6853,50.7975],[-0.684,50.7972],[-0.6835,50.7965],[-0.682,50.7963]]]]}},{"type":"Feature","properties":{"FID":6310,"MSOA21CD":"E02006558","MSOA21NM":"Arun 017","MSOA21NMW":" ","BNG_E":493757,"BNG_N":99287,"LAT":50.7856,"LONG":-0.6713,"Shape__Area":1806080.1767,"Shape__Length":8603.5558,"GlobalID":"de8fe2a3-4307-48f0-8916-36ca38834b3d","msoa21hclnm":"Bognor Regis Central","localauthorityname":"Arun","type":"Present in 2011","Life_expectancy_at_birth_male":72.3205,"Life_expectancy_at_birth_female":78.208,"Healthy_life_expectancy_male":58.3,"Healthy_life_expectancy_female":62.7,"Area_Name":"Bognor Regis Central","Life_expectancy_at_birth_male_compared_to_england":"Worse","Life_expectancy_at_birth_female_compared_to_england":"Worse","Healthy_life_expectancy_male_compared_to_england":"Worse","Healthy_life_expectancy_female_compared_to_england":"Worse"},"geometry":{"type":"MultiPolygon","coordinates":[[[[-0.6598,50.7911],[-0.6614,50.7876],[-0.6585,50.7868],[-0.6567,50.7867],[-0.6564,50.7862],[-0.6569,50.7852],[-0.658,50.7854],[-0.6588,50.7849],[-0.6599,50.7847],[-0.6595,50.7838],[-0.6718,50.7817],[-0.6719,50.7817],[-0.6762,50.7812],[-0.6825,50.7798],[-0.6827,50.7798],[-0.6882,50.7793],[-0.6882,50.7793],[-0.6882,50.7798],[-0.6881,50.7809],[-0.6878,50.7816],[-0.6915,50.783],[-0.6915,50.783],[-0.6931,50.784],[-0.6962,50.7854],[-0.6937,50.7868],[-0.6912,50.7865],[-0.6872,50.7863],[-0.6868,50.7852],[-0.6848,50.7854],[-0.6844,50.7862],[-0.683,50.7862],[-0.6828,50.788],[-0.6814,50.7887],[-0.6815,50.7885],[-0.6808,50.7887],[-0.6804,50.7885],[-0.6804,50.7885],[-0.6796,50.788],[-0.678,50.787],[-0.6778,50.7869],[-0.6777,50.7869],[-0.6767,50.7863],[-0.6759,50.786],[-0.6754,50.7877],[-0.6745,50.7893],[-0.6737,50.7905],[-0.6731,50.79],[-0.6736,50.7897],[-0.6726,50.7892],[-0.6723,50.7892],[-0.6723,50.7886],[-0.6711,50.7878],[-0.67,50.788],[-0.6709,50.789],[-0.6706,50.7894],[-0.6692,50.7891],[-0.6673,50.7901],[-0.6676,50.7904],[-0.6669,50.7905],[-0.6668,50.7907],[-0.6659,50.7905],[-0.6646,50.7902],[-0.6645,50.7914],[-0.6635,50.792],[-0.6603,50.7913],[-0.6598,50.7911]]]]}},{"type":"Feature","properties":{"FID":6311,"MSOA21CD":"E02006559","MSOA21NM":"Arun 018","MSOA21NMW":" ","BNG_E":491586,"BNG_N":98928,"LAT":50.7827,"LONG":-0.7022,"Shape__Area":3100323.8574,"Shape__Length":9885.5612,"GlobalID":"906546e0-acbd-4cd3-9bb2-0b6a5ded18ba","msoa21hclnm":"Aldwick","localauthorityname":"Arun","type":"Present in 2011","Life_expectancy_at_birth_male":82.1807,"Life_expectancy_at_birth_female":86.7071,"Healthy_life_expectancy_male":70.3,"Healthy_life_expectancy_female":72.8,"Area_Name":"Aldwick","Life_expectancy_at_birth_male_compared_to_england":"Better","Life_expectancy_at_birth_female_compared_to_england":"Better","Healthy_life_expectancy_male_compared_to_england":"Better","Healthy_life_expectancy_female_compared_to_england":"Better"},"geometry":{"type":"MultiPolygon","coordinates":[[[[-0.6878,50.7816],[-0.6881,50.7809],[-0.6882,50.7798],[-0.6882,50.7793],[-0.6882,50.7793],[-0.6939,50.7788],[-0.7014,50.7776],[-0.7022,50.7774],[-0.7026,50.7771],[-0.708,50.7759],[-0.7165,50.774],[-0.7165,50.774],[-0.7207,50.773],[-0.7284,50.7711],[-0.7284,50.7711],[-0.7298,50.7729],[-0.731,50.7743],[-0.7295,50.7756],[-0.7296,50.776],[-0.7284,50.7775],[-0.7277,50.7777],[-0.7276,50.7786],[-0.729,50.7792],[-0.7279,50.7796],[-0.7276,50.7796],[-0.7271,50.7796],[-0.7269,50.7801],[-0.7251,50.7797],[-0.7243,50.7801],[-0.7241,50.7798],[-0.7236,50.78],[-0.7231,50.7797],[-0.7224,50.7798],[-0.7221,50.7796],[-0.7213,50.7794],[-0.7217,50.7787],[-0.7199,50.7784],[-0.7194,50.7784],[-0.718,50.7791],[-0.7155,50.7818],[-0.714,50.7812],[-0.7131,50.7819],[-0.7139,50.7822],[-0.7139,50.7822],[-0.7141,50.7827],[-0.7134,50.7836],[-0.7162,50.7849],[-0.7155,50.7856],[-0.7157,50.7868],[-0.7145,50.7872],[-0.7123,50.7882],[-0.7103,50.7894],[-0.7087,50.7896],[-0.7072,50.7905],[-0.7037,50.7932],[-0.7008,50.7946],[-0.7007,50.793],[-0.7006,50.7927],[-0.698,50.7898],[-0.6977,50.7884],[-0.6977,50.7883],[-0.6969,50.786],[-0.6962,50.7854],[-0.6931,50.784],[-0.6915,50.783],[-0.6915,50.783],[-0.6878,50.7816]]]]}},{"type":"Feature","properties":{"FID":6312,"MSOA21CD":"E02006560","MSOA21NM":"Arun 019","MSOA21NMW":" ","BNG_E":489327,"BNG_N":99586,"LAT":50.789,"LONG":-0.7341,"Shape__Area":10765095.1091,"Shape__Length":25003.7035,"GlobalID":"3132aea4-8d68-46d1-b6aa-ba2994197583","msoa21hclnm":"Nyetimber & Pagham","localauthorityname":"Arun","type":"Present in 2011","Life_expectancy_at_birth_male":80.0477,"Life_expectancy_at_birth_female":86.0847,"Healthy_life_expectancy_male":65.1,"Healthy_life_expectancy_female":69.7,"Area_Name":"Nyetimber & Pagham","Life_expectancy_at_birth_male_compared_to_england":"Similar","Life_expectancy_at_birth_female_compared_to_england":"Better","Healthy_life_expectancy_male_compared_to_england":"Similar","Healthy_life_expectancy_female_compared_to_england":"Better"},"geometry":{"type":"MultiPolygon","coordinates":[[[[-0.7485,50.7576],[-0.75,50.7567],[-0.7511,50.7573],[-0.7483,50.7581],[-0.7485,50.7576]]],[[[-0.7513,50.7618],[-0.752,50.7613],[-0.7519,50.7614],[-0.7518,50.7616],[-0.7513,50.7619],[-0.7513,50.7619],[-0.7513,50.7618]]],[[[-0.7586,50.7715],[-0.7588,50.7713],[-0.7582,50.7714],[-0.7585,50.7708],[-0.7593,50.7707],[-0.7596,50.7709],[-0.759,50.771],[-0.7586,50.7715]]],[[[-0.7603,50.771],[-0.7609,50.7709],[-0.7603,50.7711],[-0.7603,50.7716],[-0.7603,50.771]]],[[[-0.7605,50.7722],[-0.7599,50.7722],[-0.7604,50.7719],[-0.7603,50.7722],[-0.7605,50.7722],[-0.7605,50.7717],[-0.7609,50.7716],[-0.761,50.772],[-0.7605,50.7722]]],[[[-0.7627,50.7725],[-0.762,50.7718],[-0.7621,50.7718],[-0.7625,50.7719],[-0.7627,50.7717],[-0.763,50.7723],[-0.7627,50.7725]]],[[[-0.7627,50.7725],[-0.7627,50.7725],[-0.7627,50.7725],[-0.7627,50.7725]]],[[[-0.7347,50.8094],[-0.7321,50.8089],[-0.73,50.8092],[-0.7239,50.8079],[-0.7223,50.8073],[-0.7194,50.8052],[-0.719,50.8053],[-0.7184,50.8064],[-0.7186,50.8073],[-0.7133,50.8083],[-0.7086,50.8044],[-0.7115,50.8034],[-0.7116,50.8],[-0.71,50.7991],[-0.7096,50.7973],[-0.7066,50.7976],[-0.7082,50.7951],[-0.7087,50.7936],[-0.7037,50.7932],[-0.7072,50.7905],[-0.7087,50.7896],[-0.7103,50.7894],[-0.7123,50.7882],[-0.7145,50.7872],[-0.7157,50.7868],[-0.7155,50.7856],[-0.7162,50.7849],[-0.7134,50.7836],[-0.7141,50.7827],[-0.7139,50.7822],[-0.7139,50.7822],[-0.7131,50.7819],[-0.714,50.7812],[-0.7155,50.7818],[-0.718,50.7791],[-0.7194,50.7784],[-0.7199,50.7784],[-0.7217,50.7787],[-0.7213,50.7794],[-0.7221,50.7796],[-0.7224,50.7798],[-0.7231,50.7797],[-0.7236,50.78],[-0.7241,50.7798],[-0.7243,50.7801],[-0.7251,50.7797],[-0.7269,50.7801],[-0.7271,50.7796],[-0.7276,50.7796],[-0.7279,50.7796],[-0.729,50.7792],[-0.7276,50.7786],[-0.7277,50.7777],[-0.7284,50.7775],[-0.7296,50.776],[-0.7295,50.7756],[-0.731,50.7743],[-0.7298,50.7729],[-0.7284,50.7711],[-0.7294,50.7707],[-0.736,50.7681],[-0.7371,50.7674],[-0.7409,50.7652],[-0.7427,50.7642],[-0.7436,50.7641],[-0.7458,50.7627],[-0.747,50.7609],[-0.7505,50.7585],[-0.7526,50.758],[-0.7539,50.7588],[-0.7543,50.7589],[-0.7543,50.7589],[-0.7539,50.7599],[-0.7531,50.7605],[-0.7526,50.7607],[-0.7522,50.7602],[-0.7524,50.7606],[-0.7514,50.7604],[-0.7525,50.7607],[-0.7515,50.7612],[-0.7514,50.7609],[-0.7504,50.7605],[-0.7505,50.761],[-0.7512,50.7611],[-0.7506,50.7617],[-0.7503,50.7611],[-0.7498,50.7616],[-0.7504,50.7615],[-0.7502,50.7618],[-0.7507,50.7617],[-0.751,50.762],[-0.7508,50.7621],[-0.7506,50.7623],[-0.7505,50.7624],[-0.7504,50.7626],[-0.7504,50.7626],[-0.7504,50.7626],[-0.7504,50.7626],[-0.7504,50.7626],[-0.7504,50.764],[-0.7526,50.7644],[-0.753,50.7647],[-0.7523,50.7647],[-0.7528,50.7651],[-0.754,50.7651],[-0.7555,50.766],[-0.7567,50.7674],[-0.7574,50.7698],[-0.7572,50.7698],[-0.7563,50.7703],[-0.7564,50.77],[-0.7561,50.7697],[-0.7564,50.7694],[-0.7559,50.7696],[-0.7559,50.7701],[-0.7561,50.7699],[-0.7563,50.7701],[-0.7559,50.7704],[-0.7561,50.7704],[-0.7563,50.7704],[-0.7568,50.7702],[-0.7572,50.7699],[-0.7567,50.7704],[-0.7557,50.7707],[-0.7554,50.772],[-0.7624,50.773],[-0.763,50.7728],[-0.763,50.7729],[-0.7631,50.7729],[-0.7631,50.7729],[-0.7634,50.7731],[-0.7644,50.7731],[-0.7648,50.7736],[-0.7645,50.7754],[-0.7641,50.776],[-0.7632,50.7762],[-0.7636,50.7777],[-0.7613,50.7778],[-0.7596,50.7769],[-0.759,50.7769],[-0.7588,50.7792],[-0.7598,50.7805],[-0.7583,50.7807],[-0.7577,50.7812],[-0.7575,50.7822],[-0.7568,50.7824],[-0.756,50.7838],[-0.7511,50.7814],[-0.75,50.7814],[-0.7496,50.782],[-0.7501,50.7826],[-0.7517,50.7833],[-0.751,50.7851],[-0.7516,50.7853],[-0.7528,50.785],[-0.7539,50.7852],[-0.755,50.7863],[-0.7551,50.7907],[-0.7493,50.7906],[-0.7452,50.7915],[-0.7439,50.7913],[-0.7427,50.7916],[-0.7427,50.7913],[-0.742,50.7913],[-0.7419,50.7916],[-0.7405,50.7915],[-0.7399,50.7919],[-0.7385,50.792],[-0.7389,50.793],[-0.7379,50.7937],[-0.7364,50.7939],[-0.7354,50.7933],[-0.7347,50.7938],[-0.7351,50.7947],[-0.7361,50.7956],[-0.7374,50.7962],[-0.738,50.7957],[-0.7387,50.7958],[-0.7389,50.7961],[-0.7383,50.797],[-0.7394,50.7971],[-0.7393,50.7976],[-0.7367,50.7982],[-0.7361,50.7987],[-0.734,50.8022],[-0.7339,50.8031],[-0.7353,50.8042],[-0.7355,50.8057],[-0.7362,50.8065],[-0.7361,50.807],[-0.7355,50.807],[-0.7358,50.8079],[-0.7347,50.8094]]]]}},{"type":"Feature","properties":{"FID":6313,"MSOA21CD":"E02006561","MSOA21NM":"Chichester 001","MSOA21NMW":" ","BNG_E":491710,"BNG_N":129008,"LAT":51.0531,"LONG":-0.6929,"Shape__Area":66982799.5602,"Shape__Length":50809.3055,"GlobalID":"6c04164f-4bf9-4198-8737-fab9714ba9b4","msoa21hclnm":"Fernhurst & Northchapel","localauthorityname":"Chichester","type":"Present in 2011","Life_expectancy_at_birth_male":76.7012,"Life_expectancy_at_birth_female":88.2368,"Healthy_life_expectancy_male":66.8,"Healthy_life_expectancy_female":75,"Area_Name":"Fernhurst & Northchapel","Life_expectancy_at_birth_male_compared_to_england":"Worse","Life_expectancy_at_birth_female_compared_to_england":"Better","Healthy_life_expectancy_male_compared_to_england":"Similar","Healthy_life_expectancy_female_compared_to_england":"Better"},"geometry":{"type":"MultiPolygon","coordinates":[[[[-0.6304,51.084],[-0.632,51.0803],[-0.6315,51.0787],[-0.633,51.0743],[-0.6307,51.0716],[-0.6307,51.0697],[-0.6297,51.0684],[-0.6295,51.0671],[-0.6284,51.0658],[-0.6141,51.0659],[-0.6103,51.0665],[-0.6059,51.0667],[-0.6016,51.0635],[-0.5999,51.0579],[-0.5991,51.0578],[-0.5986,51.0588],[-0.5975,51.059],[-0.5937,51.0587],[-0.5916,51.0588],[-0.5891,51.0593],[-0.5875,51.0592],[-0.5867,51.0589],[-0.5863,51.056],[-0.5874,51.0547],[-0.5927,51.055],[-0.5984,51.0532],[-0.599,51.0527],[-0.6008,51.0525],[-0.6011,51.0536],[-0.607,51.053],[-0.6094,51.0531],[-0.61,51.0535],[-0.612,51.0523],[-0.6137,51.0507],[-0.6125,51.0503],[-0.6126,51.05],[-0.6116,51.0494],[-0.6112,51.0494],[-0.6111,51.0489],[-0.6102,51.0489],[-0.61,51.048],[-0.6105,51.0479],[-0.61,51.0475],[-0.6095,51.0476],[-0.61,51.0471],[-0.6091,51.0466],[-0.6091,51.0457],[-0.6087,51.0457],[-0.6102,51.0454],[-0.6123,51.0464],[-0.6137,51.0461],[-0.615,51.0454],[-0.6156,51.0446],[-0.6155,51.0434],[-0.617,51.0426],[-0.6187,51.043],[-0.6208,51.043],[-0.6226,51.0439],[-0.6235,51.0439],[-0.6239,51.0442],[-0.6252,51.0441],[-0.6267,51.043],[-0.6276,51.0415],[-0.6297,51.041],[-0.6308,51.0403],[-0.631,51.0388],[-0.6334,51.0383],[-0.6319,51.0368],[-0.6341,51.0367],[-0.6367,51.036],[-0.6379,51.037],[-0.6405,51.037],[-0.6405,51.0356],[-0.6418,51.036],[-0.6466,51.036],[-0.646,51.0345],[-0.6446,51.0338],[-0.6376,51.0278],[-0.6336,51.0229],[-0.6328,51.0208],[-0.6353,51.0182],[-0.639,51.0193],[-0.6434,51.0199],[-0.6511,51.0184],[-0.6544,51.0169],[-0.6557,51.0168],[-0.6607,51.0168],[-0.6638,51.0182],[-0.6658,51.0174],[-0.6689,51.0175],[-0.6714,51.0185],[-0.6737,51.0187],[-0.6741,51.019],[-0.6734,51.0203],[-0.6739,51.0231],[-0.6759,51.0247],[-0.6762,51.0256],[-0.6783,51.0279],[-0.6798,51.0287],[-0.6824,51.0312],[-0.6824,51.0331],[-0.6842,51.0344],[-0.6854,51.0378],[-0.6869,51.0376],[-0.6888,51.0367],[-0.6924,51.0357],[-0.6948,51.0357],[-0.6934,51.0308],[-0.692,51.0281],[-0.6935,51.0282],[-0.6939,51.0288],[-0.6956,51.0281],[-0.6954,51.0286],[-0.6994,51.0282],[-0.7025,51.0263],[-0.7044,51.0258],[-0.7019,51.0227],[-0.703,51.0204],[-0.704,51.0198],[-0.7049,51.0205],[-0.7058,51.0204],[-0.7079,51.0212],[-0.7104,51.0215],[-0.7147,51.0212],[-0.7156,51.0217],[-0.7176,51.0216],[-0.7195,51.022],[-0.7241,51.0234],[-0.7247,51.0241],[-0.7238,51.0254],[-0.7243,51.0256],[-0.725,51.025],[-0.726,51.0255],[-0.7265,51.0251],[-0.7302,51.0268],[-0.7374,51.026],[-0.7415,51.0243],[-0.7496,51.0229],[-0.7505,51.0229],[-0.753,51.0239],[-0.7581,51.0268],[-0.7609,51.0303],[-0.762,51.0323],[-0.7617,51.0348],[-0.7621,51.0358],[-0.7627,51.0386],[-0.7641,51.0402],[-0.7636,51.0425],[-0.7642,51.0445],[-0.7711,51.0506],[-0.7726,51.053],[-0.7736,51.0534],[-0.7733,51.0603],[-0.7738,51.0605],[-0.7768,51.065],[-0.7826,51.0661],[-0.7848,51.0663],[-0.7859,51.0668],[-0.7877,51.0669],[-0.7932,51.0658],[-0.7967,51.0639],[-0.7969,51.0639],[-0.7955,51.0649],[-0.7929,51.0677],[-0.7883,51.0718],[-0.7856,51.0732],[-0.7844,51.0751],[-0.7827,51.0759],[-0.7823,51.0773],[-0.7808,51.0794],[-0.7773,51.0798],[-0.7758,51.0812],[-0.7743,51.0815],[-0.7733,51.0822],[-0.7726,51.082],[-0.7722,51.0826],[-0.771,51.0825],[-0.7706,51.0832],[-0.7693,51.0836],[-0.7688,51.0835],[-0.7685,51.084],[-0.7666,51.0846],[-0.7657,51.0847],[-0.7652,51.0844],[-0.7641,51.0851],[-0.7625,51.0855],[-0.7588,51.0854],[-0.7572,51.085],[-0.7558,51.0851],[-0.7551,51.0855],[-0.7551,51.0858],[-0.7535,51.0865],[-0.7504,51.0859],[-0.7492,51.0859],[-0.7488,51.0855],[-0.7469,51.0851],[-0.7457,51.0845],[-0.745,51.0853],[-0.7441,51.0855],[-0.7421,51.0854],[-0.7409,51.0852],[-0.739,51.0852],[-0.7384,51.085],[-0.7377,51.0851],[-0.7368,51.0846],[-0.7357,51.0847],[-0.7354,51.0845],[-0.7352,51.0841],[-0.7351,51.0838],[-0.7342,51.0837],[-0.7324,51.0837],[-0.7313,51.0828],[-0.7306,51.0808],[-0.73,51.0806],[-0.7297,51.08],[-0.7259,51.0786],[-0.7253,51.0782],[-0.7228,51.0778],[-0.7223,51.0794],[-0.7173,51.0776],[-0.713,51.0776],[-0.7128,51.0779],[-0.7118,51.0779],[-0.7108,51.0783],[-0.7106,51.0779],[-0.7074,51.0788],[-0.7062,51.0785],[-0.7045,51.0769],[-0.7019,51.0761],[-0.7005,51.0745],[-0.7,51.0747],[-0.6981,51.0738],[-0.6986,51.0731],[-0.6969,51.0727],[-0.6972,51.0716],[-0.6968,51.0715],[-0.6959,51.0723],[-0.6946,51.0724],[-0.6944,51.073],[-0.6906,51.0738],[-0.6874,51.0755],[-0.6825,51.0753],[-0.6788,51.0763],[-0.6756,51.0765],[-0.6725,51.0772],[-0.6691,51.0774],[-0.6668,51.0796],[-0.6664,51.0796],[-0.6656,51.0804],[-0.6659,51.0807],[-0.6641,51.0817],[-0.6574,51.0823],[-0.6545,51.0834],[-0.6502,51.0836],[-0.648,51.0834],[-0.6459,51.0844],[-0.6426,51.0845],[-0.6378,51.0853],[-0.6337,51.0866],[-0.6311,51.0884],[-0.6298,51.0866],[-0.6304,51.084]]]]}},{"type":"Feature","properties":{"FID":6314,"MSOA21CD":"E02006562","MSOA21NM":"Chichester 002","MSOA21NMW":" ","BNG_E":501510,"BNG_N":127646,"LAT":51.0392,"LONG":-0.5535,"Shape__Area":76888672.9415,"Shape__Length":58073.4478,"GlobalID":"e9d8b183-4db0-4b02-b668-861f213bbc4d","msoa21hclnm":"Ifold & Wisborough Green","localauthorityname":"Chichester","type":"Present in 2011","Life_expectancy_at_birth_male":82.6124,"Life_expectancy_at_birth_female":88.5408,"Healthy_life_expectancy_male":71.9,"Healthy_life_expectancy_female":76.2,"Area_Name":"Ifold & Wisborough Green","Life_expectancy_at_birth_male_compared_to_england":"Better","Life_expectancy_at_birth_female_compared_to_england":"Better","Healthy_life_expectancy_male_compared_to_england":"Better","Healthy_life_expectancy_female_compared_to_england":"Better"},"geometry":{"type":"MultiPolygon","coordinates":[[[[-0.4901,51.0897],[-0.4887,51.0866],[-0.489,51.085],[-0.4871,51.08],[-0.4874,51.0789],[-0.4867,51.0746],[-0.4868,51.0728],[-0.4865,51.0702],[-0.4851,51.0693],[-0.4851,51.0688],[-0.4842,51.0686],[-0.4845,51.068],[-0.4821,51.0681],[-0.4823,51.0676],[-0.4816,51.0674],[-0.4811,51.0677],[-0.4801,51.0678],[-0.4797,51.0673],[-0.4788,51.0673],[-0.479,51.0666],[-0.4784,51.0665],[-0.4789,51.0658],[-0.4786,51.0655],[-0.4793,51.0649],[-0.4794,51.0636],[-0.4806,51.0637],[-0.4814,51.0645],[-0.4822,51.0645],[-0.4835,51.0637],[-0.483,51.0631],[-0.484,51.0631],[-0.4845,51.0625],[-0.4834,51.0614],[-0.4843,51.061],[-0.4843,51.0607],[-0.4831,51.0604],[-0.4835,51.0598],[-0.4832,51.0588],[-0.4841,51.0589],[-0.4843,51.0587],[-0.4836,51.0573],[-0.4841,51.057],[-0.4838,51.0565],[-0.4826,51.0564],[-0.482,51.0559],[-0.4796,51.0571],[-0.4782,51.0572],[-0.4779,51.0578],[-0.4775,51.0573],[-0.4764,51.0574],[-0.4757,51.0564],[-0.4771,51.0544],[-0.477,51.0531],[-0.4778,51.0527],[-0.4777,51.0521],[-0.4765,51.0519],[-0.4781,51.0506],[-0.4781,51.0501],[-0.4776,51.05],[-0.4792,51.0482],[-0.48,51.0483],[-0.4796,51.0473],[-0.4787,51.047],[-0.479,51.045],[-0.4805,51.0438],[-0.4815,51.0438],[-0.4812,51.043],[-0.4836,51.0416],[-0.4838,51.0401],[-0.4828,51.0386],[-0.4812,51.0381],[-0.479,51.038],[-0.4777,51.0383],[-0.4773,51.0389],[-0.4762,51.0388],[-0.4754,51.0381],[-0.4759,51.0364],[-0.4756,51.036],[-0.4744,51.0357],[-0.474,51.034],[-0.4732,51.0336],[-0.4742,51.033],[-0.4755,51.033],[-0.4761,51.0325],[-0.4763,51.0308],[-0.4758,51.0301],[-0.4749,51.0298],[-0.4761,51.0285],[-0.4752,51.0284],[-0.475,51.0281],[-0.4755,51.027],[-0.4763,51.027],[-0.4766,51.0267],[-0.4751,51.0255],[-0.4758,51.0254],[-0.4759,51.0248],[-0.4767,51.0247],[-0.4765,51.0235],[-0.4776,51.0231],[-0.4771,51.0213],[-0.4761,51.0215],[-0.4759,51.021],[-0.4768,51.0206],[-0.4771,51.0199],[-0.4779,51.0195],[-0.4798,51.0195],[-0.4807,51.0194],[-0.4816,51.0184],[-0.4835,51.0179],[-0.4842,51.0182],[-0.4853,51.0165],[-0.4865,51.0168],[-0.487,51.0162],[-0.4856,51.0141],[-0.4844,51.0134],[-0.4843,51.0121],[-0.4835,51.0117],[-0.4843,51.0109],[-0.4873,51.0098],[-0.4895,51.0096],[-0.4909,51.0103],[-0.4927,51.0099],[-0.4925,51.0106],[-0.4919,51.0109],[-0.4924,51.0112],[-0.4936,51.0108],[-0.4945,51.0113],[-0.4946,51.0111],[-0.4947,51.0107],[-0.4959,51.0104],[-0.4967,51.0112],[-0.4986,51.0106],[-0.4991,51.0091],[-0.5011,51.0097],[-0.5017,51.0092],[-0.5031,51.0091],[-0.5036,51.0084],[-0.5027,51.008],[-0.504,51.0076],[-0.5044,51.0063],[-0.5048,51.0061],[-0.5061,51.0064],[-0.5075,51.0076],[-0.5093,51.0081],[-0.5107,51.0078],[-0.511,51.0067],[-0.5108,51.0059],[-0.5115,51.0051],[-0.5109,51.0039],[-0.5125,51.0024],[-0.5131,51.0022],[-0.5139,51.0024],[-0.5147,51.0014],[-0.5163,51.0007],[-0.5167,50.9996],[-0.5174,50.9992],[-0.5176,50.9986],[-0.5172,50.9972],[-0.5167,50.9971],[-0.5165,50.9975],[-0.5159,50.9975],[-0.516,50.9967],[-0.5152,50.9961],[-0.513,50.9963],[-0.5119,50.9959],[-0.5111,50.9963],[-0.5088,50.9961],[-0.5077,50.9951],[-0.5081,50.994],[-0.5071,50.9938],[-0.5074,50.9933],[-0.5067,50.993],[-0.5074,50.9904],[-0.5099,50.9899],[-0.5104,50.9902],[-0.515,50.9902],[-0.5166,50.9896],[-0.5173,50.9898],[-0.518,50.9908],[-0.5189,50.9907],[-0.5192,50.9901],[-0.5212,50.9903],[-0.5221,50.9887],[-0.5236,50.9888],[-0.5237,50.9876],[-0.5249,50.9869],[-0.5252,50.9843],[-0.5245,50.9823],[-0.5233,50.9823],[-0.5233,50.982],[-0.5247,50.9807],[-0.5248,50.9806],[-0.5251,50.9805],[-0.5287,50.9791],[-0.5287,50.9791],[-0.5288,50.9791],[-0.5288,50.9791],[-0.5291,50.9796],[-0.5311,50.9799],[-0.5327,50.9807],[-0.5394,50.9815],[-0.543,50.9834],[-0.5434,50.9841],[-0.5441,50.9843],[-0.5435,50.9845],[-0.5434,50.9849],[-0.5447,50.9852],[-0.546,50.9861],[-0.5499,50.9859],[-0.5518,50.9864],[-0.5498,50.9887],[-0.5472,50.9906],[-0.546,50.9918],[-0.5439,50.9923],[-0.5398,50.9956],[-0.5385,50.9963],[-0.5397,50.9969],[-0.5407,50.9967],[-0.544,50.9971],[-0.5462,50.9969],[-0.5465,50.9965],[-0.55,50.9951],[-0.5542,50.9939],[-0.5555,50.9952],[-0.5573,50.9952],[-0.5637,50.9974],[-0.5626,50.999],[-0.5629,51.0008],[-0.5626,51.0013],[-0.5652,51.0017],[-0.5642,51.0031],[-0.5653,51.0037],[-0.5662,51.0027],[-0.5683,51.0014],[-0.5695,51.0014],[-0.5704,51.0019],[-0.5697,51.0043],[-0.5701,51.0059],[-0.5698,51.0068],[-0.5699,51.0099],[-0.5725,51.0103],[-0.5732,51.0123],[-0.5691,51.0134],[-0.567,51.0151],[-0.5663,51.0198],[-0.5677,51.0205],[-0.5701,51.0201],[-0.5709,51.0203],[-0.572,51.022],[-0.5748,51.0236],[-0.5754,51.0258],[-0.574,51.0269],[-0.5726,51.0268],[-0.5727,51.0279],[-0.5744,51.029],[-0.5742,51.0298],[-0.5756,51.0303],[-0.5761,51.03],[-0.578,51.0301],[-0.5787,51.0304],[-0.5789,51.0309],[-0.5783,51.0313],[-0.5788,51.0315],[-0.5784,51.0322],[-0.5791,51.0323],[-0.5794,51.0328],[-0.5785,51.033],[-0.5785,51.0339],[-0.5795,51.0348],[-0.5807,51.035],[-0.5811,51.0356],[-0.5828,51.0357],[-0.5828,51.0362],[-0.5834,51.0362],[-0.5843,51.0369],[-0.5853,51.0369],[-0.5864,51.0377],[-0.5856,51.0381],[-0.5863,51.0386],[-0.5865,51.0395],[-0.5869,51.0395],[-0.5878,51.0405],[-0.5876,51.0409],[-0.5879,51.0412],[-0.5869,51.0415],[-0.5864,51.0413],[-0.5851,51.042],[-0.5846,51.0427],[-0.5844,51.0442],[-0.5852,51.0455],[-0.5848,51.0469],[-0.5853,51.0471],[-0.5849,51.0477],[-0.5859,51.0487],[-0.5875,51.0493],[-0.588,51.0499],[-0.5878,51.0506],[-0.587,51.0511],[-0.5874,51.0512],[-0.5872,51.0526],[-0.5866,51.0527],[-0.5858,51.054],[-0.5859,51.0545],[-0.5867,51.0547],[-0.5874,51.0547],[-0.5863,51.056],[-0.5867,51.0589],[-0.5875,51.0592],[-0.5891,51.0593],[-0.5916,51.0588],[-0.5937,51.0587],[-0.5975,51.059],[-0.5986,51.0588],[-0.5991,51.0578],[-0.5999,51.0579],[-0.6016,51.0635],[-0.6059,51.0667],[-0.6103,51.0665],[-0.6141,51.0659],[-0.6284,51.0658],[-0.6295,51.0671],[-0.6297,51.0684],[-0.6307,51.0697],[-0.6307,51.0716],[-0.633,51.0743],[-0.6315,51.0787],[-0.632,51.0803],[-0.6304,51.084],[-0.6298,51.0866],[-0.6311,51.0884],[-0.6291,51.089],[-0.6265,51.0885],[-0.6247,51.088],[-0.6211,51.0882],[-0.6152,51.0847],[-0.6107,51.083],[-0.6075,51.0824],[-0.604,51.0801],[-0.6006,51.0797],[-0.5978,51.0797],[-0.5948,51.0801],[-0.5938,51.0805],[-0.5905,51.0821],[-0.5883,51.0842],[-0.5872,51.0846],[-0.5776,51.0867],[-0.5698,51.0857],[-0.5686,51.0855],[-0.5681,51.0849],[-0.5671,51.0845],[-0.5631,51.0837],[-0.5617,51.0838],[-0.5614,51.0835],[-0.5585,51.083],[-0.5577,51.0837],[-0.5564,51.0846],[-0.5561,51.0843],[-0.5531,51.084],[-0.55,51.0833],[-0.5476,51.0835],[-0.5413,51.0832],[-0.5413,51.0822],[-0.5405,51.0821],[-0.5395,51.0823],[-0.5392,51.082],[-0.5386,51.0831],[-0.5375,51.0827],[-0.5373,51.0835],[-0.5355,51.0832],[-0.5351,51.0841],[-0.5326,51.0861],[-0.5345,51.0869],[-0.5361,51.0888],[-0.5359,51.0898],[-0.5366,51.0907],[-0.5356,51.0931],[-0.535,51.0936],[-0.5324,51.0932],[-0.5315,51.0922],[-0.5311,51.0923],[-0.5313,51.0928],[-0.5288,51.092],[-0.5264,51.0919],[-0.526,51.0914],[-0.5273,51.0909],[-0.5274,51.0907],[-0.5269,51.0896],[-0.5257,51.0899],[-0.5241,51.0899],[-0.5232,51.0916],[-0.5209,51.0914],[-0.5209,51.091],[-0.5204,51.0909],[-0.5185,51.0907],[-0.5184,51.091],[-0.5172,51.091],[-0.517,51.0907],[-0.5152,51.0906],[-0.5153,51.0903],[-0.5133,51.0895],[-0.5129,51.0899],[-0.5111,51.0897],[-0.5084,51.0887],[-0.5069,51.0888],[-0.5068,51.0883],[-0.5064,51.0883],[-0.503,51.0886],[-0.5033,51.0889],[-0.5023,51.0894],[-0.5016,51.0902],[-0.5002,51.0903],[-0.4977,51.0916],[-0.4961,51.0924],[-0.4955,51.0934],[-0.4921,51.0945],[-0.4913,51.0912],[-0.4901,51.0897]]]]}},{"type":"Feature","properties":{"FID":6315,"MSOA21CD":"E02006563","MSOA21NM":"Chichester 003","MSOA21NMW":" ","BNG_E":481132,"BNG_N":123611,"LAT":51.0062,"LONG":-0.845,"Shape__Area":128715129.6298,"Shape__Length":61638.6318,"GlobalID":"ea4d0bed-5ab3-4caa-9bce-d2068508be39","msoa21hclnm":"Milland & South Harting","localauthorityname":"Chichester","type":"Present in 2011","Life_expectancy_at_birth_male":81.0541,"Life_expectancy_at_birth_female":85.6978,"Healthy_life_expectancy_male":71.2,"Healthy_life_expectancy_female":74.3,"Area_Name":"Milland & South Harting","Life_expectancy_at_birth_male_compared_to_england":"Similar","Life_expectancy_at_birth_female_compared_to_england":"Better","Healthy_life_expectancy_male_compared_to_england":"Better","Healthy_life_expectancy_female_compared_to_england":"Better"},"geometry":{"type":"MultiPolygon","coordinates":[[[[-0.8273,51.0622],[-0.8264,51.0613],[-0.823,51.0619],[-0.8199,51.0607],[-0.8187,51.0607],[-0.8173,51.0612],[-0.8156,51.0624],[-0.8155,51.0655],[-0.8145,51.0667],[-0.8133,51.0656],[-0.8116,51.063],[-0.8109,51.063],[-0.8058,51.0641],[-0.8028,51.064],[-0.801,51.0635],[-0.7993,51.0633],[-0.7969,51.0639],[-0.7967,51.0639],[-0.7932,51.0658],[-0.7877,51.0669],[-0.7859,51.0668],[-0.7848,51.0663],[-0.7826,51.0661],[-0.7768,51.065],[-0.7738,51.0605],[-0.7733,51.0603],[-0.7736,51.0534],[-0.7726,51.053],[-0.7711,51.0506],[-0.7642,51.0445],[-0.7636,51.0425],[-0.7641,51.0402],[-0.7627,51.0386],[-0.7621,51.0358],[-0.7617,51.0348],[-0.762,51.0323],[-0.7609,51.0303],[-0.7581,51.0268],[-0.753,51.0239],[-0.7545,51.019],[-0.7539,51.0182],[-0.7529,51.0148],[-0.7526,51.0121],[-0.7529,51.0096],[-0.7528,51.0071],[-0.7534,51.0063],[-0.7536,51.0042],[-0.7522,51.0037],[-0.7526,51.0018],[-0.7511,51.0015],[-0.7505,50.9998],[-0.7496,50.9999],[-0.7497,50.9983],[-0.7511,50.9983],[-0.7519,50.9979],[-0.7525,50.9975],[-0.7545,50.9974],[-0.7553,50.994],[-0.7569,50.9942],[-0.756,50.9928],[-0.7524,50.9927],[-0.7524,50.9922],[-0.753,50.991],[-0.7538,50.991],[-0.7546,50.9887],[-0.7581,50.9864],[-0.7601,50.9832],[-0.7626,50.9794],[-0.7615,50.9791],[-0.7602,50.9783],[-0.7593,50.9787],[-0.7588,50.9782],[-0.7573,50.9786],[-0.7544,50.9802],[-0.7524,50.9795],[-0.754,50.9784],[-0.7571,50.9763],[-0.7568,50.9727],[-0.7602,50.9704],[-0.7647,50.9696],[-0.7641,50.9685],[-0.7658,50.9691],[-0.7665,50.968],[-0.7676,50.9661],[-0.7682,50.9619],[-0.7692,50.9604],[-0.7685,50.9578],[-0.7678,50.9575],[-0.7679,50.9567],[-0.769,50.9551],[-0.7704,50.9555],[-0.7705,50.9553],[-0.7715,50.953],[-0.7721,50.9497],[-0.7732,50.9493],[-0.7794,50.9493],[-0.7823,50.9486],[-0.7834,50.9477],[-0.7832,50.9428],[-0.7844,50.9396],[-0.7905,50.9405],[-0.7907,50.9401],[-0.798,50.941],[-0.8004,50.9399],[-0.8022,50.9382],[-0.8034,50.9375],[-0.8045,50.9376],[-0.8052,50.9382],[-0.8057,50.9416],[-0.8068,50.9404],[-0.8077,50.9402],[-0.8097,50.9412],[-0.8106,50.942],[-0.8111,50.9433],[-0.8116,50.9457],[-0.8111,50.9476],[-0.8149,50.947],[-0.8149,50.9507],[-0.8168,50.9517],[-0.8201,50.9525],[-0.8216,50.9503],[-0.8256,50.9479],[-0.8272,50.9461],[-0.8276,50.9444],[-0.8285,50.9434],[-0.8289,50.9412],[-0.8279,50.9389],[-0.8295,50.9355],[-0.8292,50.9346],[-0.8304,50.9335],[-0.8301,50.9327],[-0.8336,50.9301],[-0.8352,50.93],[-0.8371,50.9301],[-0.8406,50.9291],[-0.843,50.9305],[-0.8445,50.931],[-0.849,50.9311],[-0.8485,50.9322],[-0.8457,50.935],[-0.8448,50.9365],[-0.8447,50.9374],[-0.8452,50.9375],[-0.8454,50.9405],[-0.8448,50.9415],[-0.8499,50.9434],[-0.8482,50.9442],[-0.8476,50.9451],[-0.8464,50.9457],[-0.8467,50.9479],[-0.8474,50.9492],[-0.8508,50.9527],[-0.8524,50.9532],[-0.8543,50.9492],[-0.8554,50.9479],[-0.86,50.9473],[-0.8611,50.9477],[-0.8653,50.9472],[-0.8672,50.9458],[-0.8686,50.9452],[-0.8682,50.943],[-0.87,50.9435],[-0.8764,50.9422],[-0.8806,50.9422],[-0.8864,50.9413],[-0.8881,50.9402],[-0.8893,50.9385],[-0.8906,50.9375],[-0.8954,50.9397],[-0.898,50.94],[-0.9015,50.9395],[-0.9036,50.9399],[-0.9065,50.9399],[-0.9092,50.9393],[-0.9111,50.9385],[-0.9133,50.9382],[-0.9163,50.9369],[-0.9263,50.9366],[-0.9312,50.9353],[-0.9344,50.939],[-0.9353,50.9411],[-0.9373,50.9421],[-0.9411,50.9425],[-0.9421,50.9429],[-0.9378,50.9444],[-0.9318,50.9456],[-0.9302,50.9482],[-0.9289,50.9523],[-0.9265,50.9525],[-0.9281,50.9548],[-0.9295,50.9561],[-0.9293,50.9583],[-0.9249,50.9624],[-0.9207,50.9646],[-0.917,50.9686],[-0.9164,50.97],[-0.9155,50.9706],[-0.9152,50.9714],[-0.9178,50.9785],[-0.9169,50.9799],[-0.9152,50.9811],[-0.9137,50.9847],[-0.9124,50.9857],[-0.9117,50.9871],[-0.9107,50.988],[-0.9105,50.9887],[-0.9096,50.989],[-0.9076,50.9906],[-0.9079,50.9941],[-0.906,50.9957],[-0.9056,50.9968],[-0.9039,50.9986],[-0.9019,50.9991],[-0.9018,51.0002],[-0.9011,51.0005],[-0.9011,51.0008],[-0.8997,51.0013],[-0.898,51.0011],[-0.8969,51.0014],[-0.8967,51.0008],[-0.8958,51.0009],[-0.8947,51.0019],[-0.8947,51.0025],[-0.8934,51.0027],[-0.8934,51.0031],[-0.8934,51.0054],[-0.8944,51.0065],[-0.8943,51.0069],[-0.8968,51.0089],[-0.8978,51.0103],[-0.8971,51.0163],[-0.898,51.0168],[-0.8985,51.0177],[-0.8971,51.0219],[-0.8953,51.0234],[-0.8945,51.0235],[-0.8931,51.0238],[-0.892,51.0248],[-0.8879,51.0262],[-0.8863,51.0266],[-0.8831,51.0267],[-0.8795,51.029],[-0.8711,51.0355],[-0.8683,51.0377],[-0.8639,51.0402],[-0.8607,51.0419],[-0.8528,51.0448],[-0.8513,51.0473],[-0.8497,51.0557],[-0.8501,51.0593],[-0.846,51.0642],[-0.8437,51.0663],[-0.8428,51.0669],[-0.8384,51.0685],[-0.8373,51.0692],[-0.8314,51.0685],[-0.8291,51.0678],[-0.8297,51.0672],[-0.8299,51.0636],[-0.8273,51.0622]]]]}},{"type":"Feature","properties":{"FID":6316,"MSOA21CD":"E02006564","MSOA21NM":"Chichester 004","MSOA21NMW":" ","BNG_E":488535,"BNG_N":120781,"LAT":50.9796,"LONG":-0.7402,"Shape__Area":31943313.6626,"Shape__Length":41057.7968,"GlobalID":"aa258046-a687-414a-9323-401cf5c82c3f","msoa21hclnm":"Midhurst & Cocking","localauthorityname":"Chichester","type":"Present in 2011","Life_expectancy_at_birth_male":80.538,"Life_expectancy_at_birth_female":86.441,"Healthy_life_expectancy_male":68.8,"Healthy_life_expectancy_female":72.6,"Area_Name":"Midhurst & Cocking","Life_expectancy_at_birth_male_compared_to_england":"Similar","Life_expectancy_at_birth_female_compared_to_england":"Better","Healthy_life_expectancy_male_compared_to_england":"Better","Healthy_life_expectancy_female_compared_to_england":"Better"},"geometry":{"type":"MultiPolygon","coordinates":[[[[-0.7302,51.0268],[-0.7265,51.0251],[-0.726,51.0255],[-0.725,51.025],[-0.7243,51.0256],[-0.7238,51.0254],[-0.7247,51.0241],[-0.7241,51.0234],[-0.7195,51.022],[-0.7176,51.0216],[-0.7156,51.0217],[-0.7147,51.0212],[-0.7155,51.021],[-0.7157,51.0206],[-0.7151,51.0205],[-0.7152,51.0201],[-0.7169,51.0171],[-0.7201,51.0171],[-0.7225,51.0175],[-0.7245,51.0173],[-0.7278,51.0187],[-0.7283,51.0156],[-0.7301,51.0061],[-0.7288,51.0067],[-0.7267,51.0069],[-0.7257,51.0075],[-0.7251,51.0068],[-0.7185,51.0046],[-0.7247,50.9998],[-0.7264,50.9985],[-0.7273,50.9964],[-0.7289,50.9971],[-0.7284,50.9966],[-0.729,50.9962],[-0.7298,50.9963],[-0.7294,50.9957],[-0.73,50.9953],[-0.7305,50.9954],[-0.7307,50.9952],[-0.7304,50.9949],[-0.7293,50.9948],[-0.7292,50.994],[-0.7277,50.9927],[-0.7303,50.9907],[-0.7335,50.9896],[-0.7335,50.9893],[-0.7329,50.9891],[-0.733,50.9867],[-0.7334,50.9849],[-0.7325,50.9845],[-0.7302,50.9846],[-0.7275,50.9855],[-0.7258,50.9866],[-0.7237,50.9859],[-0.7232,50.9864],[-0.7228,50.9877],[-0.7214,50.9879],[-0.7189,50.9873],[-0.7179,50.9853],[-0.717,50.9849],[-0.7166,50.9838],[-0.7209,50.982],[-0.7236,50.9812],[-0.724,50.98],[-0.7254,50.9789],[-0.7255,50.9774],[-0.7261,50.9771],[-0.7272,50.9743],[-0.7254,50.9732],[-0.7245,50.9719],[-0.7253,50.9707],[-0.7249,50.9684],[-0.7214,50.9708],[-0.7187,50.9737],[-0.7149,50.972],[-0.7101,50.9689],[-0.7087,50.9696],[-0.7082,50.9695],[-0.7067,50.9701],[-0.7057,50.9713],[-0.7052,50.9728],[-0.7038,50.9739],[-0.7004,50.9758],[-0.6993,50.977],[-0.699,50.9769],[-0.6991,50.9766],[-0.6969,50.9762],[-0.697,50.976],[-0.701,50.968],[-0.7052,50.9638],[-0.7041,50.9628],[-0.702,50.9621],[-0.7023,50.9611],[-0.7012,50.9593],[-0.7023,50.9579],[-0.7021,50.9541],[-0.7011,50.9521],[-0.7022,50.9505],[-0.7019,50.9494],[-0.7026,50.9476],[-0.7051,50.9448],[-0.7062,50.9395],[-0.7063,50.9395],[-0.7161,50.9412],[-0.7286,50.9409],[-0.729,50.9399],[-0.7335,50.9369],[-0.7358,50.9346],[-0.7439,50.9338],[-0.7496,50.9348],[-0.7522,50.9335],[-0.7566,50.9329],[-0.7599,50.9317],[-0.7653,50.9326],[-0.7674,50.9333],[-0.7709,50.9336],[-0.7758,50.9352],[-0.7776,50.9352],[-0.7795,50.9359],[-0.7816,50.9356],[-0.7848,50.9359],[-0.7839,50.9377],[-0.7844,50.9396],[-0.7832,50.9428],[-0.7834,50.9477],[-0.7823,50.9486],[-0.7794,50.9493],[-0.7732,50.9493],[-0.7721,50.9497],[-0.7715,50.953],[-0.7705,50.9553],[-0.7704,50.9555],[-0.769,50.9551],[-0.7679,50.9567],[-0.7678,50.9575],[-0.7685,50.9578],[-0.7692,50.9604],[-0.7682,50.9619],[-0.7676,50.9661],[-0.7665,50.968],[-0.7658,50.9691],[-0.7641,50.9685],[-0.7647,50.9696],[-0.7602,50.9704],[-0.7568,50.9727],[-0.7571,50.9763],[-0.754,50.9784],[-0.7524,50.9795],[-0.7544,50.9802],[-0.7573,50.9786],[-0.7588,50.9782],[-0.7593,50.9787],[-0.7602,50.9783],[-0.7615,50.9791],[-0.7626,50.9794],[-0.7601,50.9832],[-0.7581,50.9864],[-0.7546,50.9887],[-0.7538,50.991],[-0.753,50.991],[-0.7524,50.9922],[-0.7524,50.9927],[-0.756,50.9928],[-0.7569,50.9942],[-0.7553,50.994],[-0.7545,50.9974],[-0.7525,50.9975],[-0.7519,50.9979],[-0.7511,50.9983],[-0.7497,50.9983],[-0.7496,50.9999],[-0.7505,50.9998],[-0.7511,51.0015],[-0.7526,51.0018],[-0.7522,51.0037],[-0.7536,51.0042],[-0.7534,51.0063],[-0.7528,51.0071],[-0.7529,51.0096],[-0.7526,51.0121],[-0.7529,51.0148],[-0.7539,51.0182],[-0.7545,51.019],[-0.753,51.0239],[-0.7505,51.0229],[-0.7496,51.0229],[-0.7415,51.0243],[-0.7374,51.026],[-0.7302,51.0268]]]]}},{"type":"Feature","properties":{"FID":6317,"MSOA21CD":"E02006565","MSOA21NM":"Chichester 005","MSOA21NMW":" ","BNG_E":496263,"BNG_N":120194,"LAT":50.9731,"LONG":-0.6303,"Shape__Area":151153536.3386,"Shape__Length":84430.2179,"GlobalID":"a51542bf-3225-48c3-b2ce-64efd6b754cf","msoa21hclnm":"Easebourne & Petworth","localauthorityname":"Chichester","type":"Present in 2011","Life_expectancy_at_birth_male":80.6202,"Life_expectancy_at_birth_female":84.1832,"Healthy_life_expectancy_male":69.8,"Healthy_life_expectancy_female":72,"Area_Name":"Easebourne & Petworth","Life_expectancy_at_birth_male_compared_to_england":"Similar","Life_expectancy_at_birth_female_compared_to_england":"Similar","Healthy_life_expectancy_male_compared_to_england":"Better","Healthy_life_expectancy_female_compared_to_england":"Better"},"geometry":{"type":"MultiPolygon","coordinates":[[[[-0.5364,50.9134],[-0.5426,50.9134],[-0.5426,50.9134],[-0.5424,50.9134],[-0.5403,50.9141],[-0.5392,50.9155],[-0.5375,50.9159],[-0.5374,50.9155],[-0.5363,50.9138],[-0.5364,50.9134]]],[[[-0.5285,50.9716],[-0.529,50.9706],[-0.529,50.9706],[-0.5287,50.9715],[-0.5285,50.9716],[-0.5285,50.9716]]],[[[-0.528,50.9734],[-0.5282,50.9733],[-0.5281,50.9733],[-0.528,50.9734]]],[[[-0.5288,50.975],[-0.5277,50.9747],[-0.5277,50.9747],[-0.5287,50.9748],[-0.5287,50.9748],[-0.5288,50.975],[-0.5288,50.975]]],[[[-0.5296,50.978],[-0.5297,50.9778],[-0.5297,50.9779],[-0.5296,50.978]]],[[[-0.5872,51.0526],[-0.5874,51.0512],[-0.587,51.0511],[-0.5878,51.0506],[-0.588,51.0499],[-0.5875,51.0493],[-0.5859,51.0487],[-0.5849,51.0477],[-0.5853,51.0471],[-0.5848,51.0469],[-0.5852,51.0455],[-0.5844,51.0442],[-0.5846,51.0427],[-0.5851,51.042],[-0.5864,51.0413],[-0.5869,51.0415],[-0.5879,51.0412],[-0.5876,51.0409],[-0.5878,51.0405],[-0.5869,51.0395],[-0.5865,51.0395],[-0.5863,51.0386],[-0.5856,51.0381],[-0.5864,51.0377],[-0.5853,51.0369],[-0.5843,51.0369],[-0.5834,51.0362],[-0.5828,51.0362],[-0.5828,51.0357],[-0.5811,51.0356],[-0.5807,51.035],[-0.5795,51.0348],[-0.5785,51.0339],[-0.5785,51.033],[-0.5794,51.0328],[-0.5791,51.0323],[-0.5784,51.0322],[-0.5788,51.0315],[-0.5783,51.0313],[-0.5789,51.0309],[-0.5787,51.0304],[-0.578,51.0301],[-0.5761,51.03],[-0.5756,51.0303],[-0.5742,51.0298],[-0.5744,51.029],[-0.5727,51.0279],[-0.5726,51.0268],[-0.574,51.0269],[-0.5754,51.0258],[-0.5748,51.0236],[-0.572,51.022],[-0.5709,51.0203],[-0.5701,51.0201],[-0.5677,51.0205],[-0.5663,51.0198],[-0.567,51.0151],[-0.5691,51.0134],[-0.5732,51.0123],[-0.5725,51.0103],[-0.5699,51.0099],[-0.5698,51.0068],[-0.5701,51.0059],[-0.5697,51.0043],[-0.5704,51.0019],[-0.5695,51.0014],[-0.5683,51.0014],[-0.5662,51.0027],[-0.5653,51.0037],[-0.5642,51.0031],[-0.5652,51.0017],[-0.5626,51.0013],[-0.5629,51.0008],[-0.5626,50.999],[-0.5637,50.9974],[-0.5573,50.9952],[-0.5555,50.9952],[-0.5542,50.9939],[-0.55,50.9951],[-0.5465,50.9965],[-0.5462,50.9969],[-0.544,50.9971],[-0.5407,50.9967],[-0.5397,50.9969],[-0.5385,50.9963],[-0.5398,50.9956],[-0.5439,50.9923],[-0.546,50.9918],[-0.5472,50.9906],[-0.5498,50.9887],[-0.5518,50.9864],[-0.5499,50.9859],[-0.546,50.9861],[-0.5447,50.9852],[-0.5434,50.9849],[-0.5435,50.9845],[-0.5441,50.9843],[-0.5434,50.9841],[-0.543,50.9834],[-0.5394,50.9815],[-0.5327,50.9807],[-0.5311,50.9799],[-0.5291,50.9796],[-0.5288,50.9791],[-0.5291,50.9791],[-0.5293,50.9789],[-0.5296,50.9785],[-0.5298,50.9775],[-0.5291,50.9751],[-0.5288,50.9748],[-0.5278,50.9746],[-0.5272,50.9745],[-0.5268,50.9742],[-0.5267,50.974],[-0.5269,50.9739],[-0.5283,50.9733],[-0.5285,50.9721],[-0.5285,50.9719],[-0.5287,50.9714],[-0.5294,50.9701],[-0.531,50.9671],[-0.5305,50.9662],[-0.5269,50.9639],[-0.5277,50.9633],[-0.5277,50.9615],[-0.5297,50.9602],[-0.5309,50.9602],[-0.5326,50.9586],[-0.5354,50.9572],[-0.535,50.9564],[-0.5358,50.9557],[-0.5357,50.955],[-0.5342,50.954],[-0.5322,50.9538],[-0.5322,50.9537],[-0.5325,50.9533],[-0.5356,50.9534],[-0.5326,50.9532],[-0.5324,50.9531],[-0.533,50.9526],[-0.5337,50.9502],[-0.5349,50.9498],[-0.5351,50.9493],[-0.5375,50.9489],[-0.5376,50.9482],[-0.5399,50.9481],[-0.5422,50.9486],[-0.5439,50.948],[-0.5444,50.9482],[-0.5453,50.9503],[-0.5444,50.9516],[-0.5452,50.952],[-0.545,50.9531],[-0.5466,50.9544],[-0.5502,50.9538],[-0.5509,50.9528],[-0.5516,50.9525],[-0.5523,50.9527],[-0.5534,50.952],[-0.5547,50.9522],[-0.5562,50.952],[-0.5574,50.9519],[-0.5575,50.9515],[-0.5595,50.9515],[-0.5601,50.9507],[-0.5615,50.95],[-0.5637,50.9494],[-0.5646,50.9481],[-0.5658,50.9458],[-0.5688,50.9424],[-0.5685,50.94],[-0.5688,50.9399],[-0.5689,50.9352],[-0.5681,50.9339],[-0.5651,50.9313],[-0.5614,50.9299],[-0.5576,50.9291],[-0.556,50.9258],[-0.5566,50.9249],[-0.5561,50.9235],[-0.5525,50.9235],[-0.5523,50.923],[-0.5506,50.923],[-0.5503,50.9226],[-0.5466,50.9208],[-0.5453,50.9204],[-0.5453,50.9204],[-0.5455,50.9202],[-0.5431,50.919],[-0.5384,50.9174],[-0.5372,50.9165],[-0.5371,50.9164],[-0.5373,50.9164],[-0.5397,50.9156],[-0.5406,50.9143],[-0.5427,50.9136],[-0.5445,50.914],[-0.5447,50.9141],[-0.5449,50.9141],[-0.545,50.9141],[-0.5458,50.9143],[-0.5479,50.9142],[-0.549,50.9142],[-0.5492,50.9141],[-0.5496,50.9141],[-0.5506,50.9137],[-0.5509,50.9136],[-0.5514,50.9135],[-0.5519,50.9129],[-0.552,50.9128],[-0.5533,50.9087],[-0.5561,50.9053],[-0.5554,50.9033],[-0.5535,50.9017],[-0.5535,50.9017],[-0.5544,50.902],[-0.5548,50.9026],[-0.5557,50.9027],[-0.5589,50.9018],[-0.5586,50.901],[-0.5597,50.9004],[-0.5698,50.8997],[-0.5751,50.8998],[-0.5796,50.8993],[-0.586,50.9011],[-0.5885,50.9013],[-0.5904,50.9018],[-0.5932,50.9017],[-0.5937,50.9028],[-0.6048,50.9015],[-0.607,50.9024],[-0.6073,50.9026],[-0.6081,50.9024],[-0.6174,50.9056],[-0.623,50.9046],[-0.6251,50.905],[-0.6281,50.9048],[-0.6305,50.9052],[-0.6337,50.9048],[-0.6357,50.9034],[-0.6371,50.9018],[-0.6385,50.9025],[-0.6417,50.9009],[-0.6446,50.9008],[-0.6467,50.9],[-0.6492,50.9],[-0.6483,50.9024],[-0.6488,50.904],[-0.6486,50.9054],[-0.6482,50.9069],[-0.6478,50.9071],[-0.6484,50.9092],[-0.6512,50.9118],[-0.6519,50.9143],[-0.6511,50.9166],[-0.6516,50.9179],[-0.6543,50.9205],[-0.6591,50.9239],[-0.6602,50.9245],[-0.6595,50.926],[-0.6595,50.9275],[-0.6626,50.9259],[-0.6647,50.9255],[-0.6676,50.9282],[-0.6695,50.9289],[-0.6704,50.9294],[-0.6718,50.9311],[-0.6747,50.9316],[-0.6766,50.9309],[-0.6787,50.9308],[-0.6811,50.9309],[-0.6845,50.9316],[-0.6884,50.9336],[-0.6894,50.9359],[-0.6921,50.9381],[-0.7062,50.9395],[-0.7051,50.9448],[-0.7026,50.9476],[-0.7019,50.9494],[-0.7022,50.9505],[-0.7011,50.9521],[-0.7021,50.9541],[-0.7023,50.9579],[-0.7012,50.9593],[-0.7023,50.9611],[-0.702,50.9621],[-0.7041,50.9628],[-0.7052,50.9638],[-0.701,50.968],[-0.697,50.976],[-0.6969,50.9762],[-0.6991,50.9766],[-0.699,50.9769],[-0.6993,50.977],[-0.7004,50.9758],[-0.7038,50.9739],[-0.7052,50.9728],[-0.7057,50.9713],[-0.7067,50.9701],[-0.7082,50.9695],[-0.7087,50.9696],[-0.7101,50.9689],[-0.7149,50.972],[-0.7187,50.9737],[-0.7214,50.9708],[-0.7249,50.9684],[-0.7253,50.9707],[-0.7245,50.9719],[-0.7254,50.9732],[-0.7272,50.9743],[-0.7261,50.9771],[-0.7255,50.9774],[-0.7254,50.9789],[-0.724,50.98],[-0.7236,50.9812],[-0.7209,50.982],[-0.7166,50.9838],[-0.717,50.9849],[-0.7179,50.9853],[-0.7189,50.9873],[-0.7214,50.9879],[-0.7228,50.9877],[-0.7232,50.9864],[-0.7237,50.9859],[-0.7258,50.9866],[-0.7275,50.9855],[-0.7302,50.9846],[-0.7325,50.9845],[-0.7334,50.9849],[-0.733,50.9867],[-0.7329,50.9891],[-0.7335,50.9893],[-0.7335,50.9896],[-0.7303,50.9907],[-0.7277,50.9927],[-0.7292,50.994],[-0.7293,50.9948],[-0.7304,50.9949],[-0.7307,50.9952],[-0.7305,50.9954],[-0.73,50.9953],[-0.7294,50.9957],[-0.7298,50.9963],[-0.729,50.9962],[-0.7284,50.9966],[-0.7289,50.9971],[-0.7273,50.9964],[-0.7264,50.9985],[-0.7247,50.9998],[-0.7185,51.0046],[-0.7251,51.0068],[-0.7257,51.0075],[-0.7267,51.0069],[-0.7288,51.0067],[-0.7301,51.0061],[-0.7283,51.0156],[-0.7278,51.0187],[-0.7245,51.0173],[-0.7225,51.0175],[-0.7201,51.0171],[-0.7169,51.0171],[-0.7152,51.0201],[-0.7151,51.0205],[-0.7157,51.0206],[-0.7155,51.021],[-0.7147,51.0212],[-0.7104,51.0215],[-0.7079,51.0212],[-0.7058,51.0204],[-0.7049,51.0205],[-0.704,51.0198],[-0.703,51.0204],[-0.7019,51.0227],[-0.7044,51.0258],[-0.7025,51.0263],[-0.6994,51.0282],[-0.6954,51.0286],[-0.6956,51.0281],[-0.6939,51.0288],[-0.6935,51.0282],[-0.692,51.0281],[-0.6934,51.0308],[-0.6948,51.0357],[-0.6924,51.0357],[-0.6888,51.0367],[-0.6869,51.0376],[-0.6854,51.0378],[-0.6842,51.0344],[-0.6824,51.0331],[-0.6824,51.0312],[-0.6798,51.0287],[-0.6783,51.0279],[-0.6762,51.0256],[-0.6759,51.0247],[-0.6739,51.0231],[-0.6734,51.0203],[-0.6741,51.019],[-0.6737,51.0187],[-0.6714,51.0185],[-0.6689,51.0175],[-0.6658,51.0174],[-0.6638,51.0182],[-0.6607,51.0168],[-0.6557,51.0168],[-0.6544,51.0169],[-0.6511,51.0184],[-0.6434,51.0199],[-0.639,51.0193],[-0.6353,51.0182],[-0.6328,51.0208],[-0.6336,51.0229],[-0.6376,51.0278],[-0.6446,51.0338],[-0.646,51.0345],[-0.6466,51.036],[-0.6418,51.036],[-0.6405,51.0356],[-0.6405,51.037],[-0.6379,51.037],[-0.6367,51.036],[-0.6341,51.0367],[-0.6319,51.0368],[-0.6334,51.0383],[-0.631,51.0388],[-0.6308,51.0403],[-0.6297,51.041],[-0.6276,51.0415],[-0.6267,51.043],[-0.6252,51.0441],[-0.6239,51.0442],[-0.6235,51.0439],[-0.6226,51.0439],[-0.6208,51.043],[-0.6187,51.043],[-0.617,51.0426],[-0.6155,51.0434],[-0.6156,51.0446],[-0.615,51.0454],[-0.6137,51.0461],[-0.6123,51.0464],[-0.6102,51.0454],[-0.6087,51.0457],[-0.6091,51.0457],[-0.6091,51.0466],[-0.61,51.0471],[-0.6095,51.0476],[-0.61,51.0475],[-0.6105,51.0479],[-0.61,51.048],[-0.6102,51.0489],[-0.6111,51.0489],[-0.6112,51.0494],[-0.6116,51.0494],[-0.6126,51.05],[-0.6125,51.0503],[-0.6137,51.0507],[-0.612,51.0523],[-0.61,51.0535],[-0.6094,51.0531],[-0.607,51.053],[-0.6011,51.0536],[-0.6008,51.0525],[-0.599,51.0527],[-0.5984,51.0532],[-0.5927,51.055],[-0.5874,51.0547],[-0.5867,51.0547],[-0.5859,51.0545],[-0.5858,51.054],[-0.5866,51.0527],[-0.5872,51.0526]]]]}},{"type":"Feature","properties":{"FID":6318,"MSOA21CD":"E02006566","MSOA21NM":"Chichester 006","MSOA21NMW":" ","BNG_E":488540,"BNG_N":111558,"LAT":50.8967,"LONG":-0.7424,"Shape__Area":109305168.1022,"Shape__Length":54716.5575,"GlobalID":"33ddc3bb-bd0f-4523-8010-7cc04ba3e5bd","msoa21hclnm":"Dean, Lavant & Summersdale","localauthorityname":"Chichester","type":"Present in 2011","Life_expectancy_at_birth_male":80.9988,"Life_expectancy_at_birth_female":84.8324,"Healthy_life_expectancy_male":70.3,"Healthy_life_expectancy_female":72.8,"Area_Name":"Dean, Lavant & Summersdale","Life_expectancy_at_birth_male_compared_to_england":"Similar","Life_expectancy_at_birth_female_compared_to_england":"Better","Healthy_life_expectancy_male_compared_to_england":"Better","Healthy_life_expectancy_female_compared_to_england":"Better"},"geometry":{"type":"MultiPolygon","coordinates":[[[[-0.8149,50.9507],[-0.8149,50.947],[-0.8111,50.9476],[-0.8116,50.9457],[-0.8111,50.9433],[-0.8106,50.942],[-0.8097,50.9412],[-0.8077,50.9402],[-0.8068,50.9404],[-0.8057,50.9416],[-0.8052,50.9382],[-0.8045,50.9376],[-0.8034,50.9375],[-0.8022,50.9382],[-0.8004,50.9399],[-0.798,50.941],[-0.7907,50.9401],[-0.7905,50.9405],[-0.7844,50.9396],[-0.7839,50.9377],[-0.7848,50.9359],[-0.7816,50.9356],[-0.7795,50.9359],[-0.7776,50.9352],[-0.7758,50.9352],[-0.7709,50.9336],[-0.7674,50.9333],[-0.7653,50.9326],[-0.7599,50.9317],[-0.7566,50.9329],[-0.7522,50.9335],[-0.7496,50.9348],[-0.7439,50.9338],[-0.7358,50.9346],[-0.7335,50.9369],[-0.729,50.9399],[-0.7286,50.9409],[-0.7161,50.9412],[-0.7063,50.9395],[-0.7062,50.9395],[-0.6921,50.9381],[-0.6894,50.9359],[-0.6884,50.9336],[-0.6845,50.9316],[-0.6811,50.9309],[-0.6787,50.9308],[-0.6766,50.9309],[-0.6747,50.9316],[-0.6718,50.9311],[-0.6704,50.9294],[-0.6695,50.9289],[-0.6676,50.9282],[-0.6647,50.9255],[-0.6626,50.9259],[-0.6595,50.9275],[-0.6595,50.926],[-0.6602,50.9245],[-0.6591,50.9239],[-0.6543,50.9205],[-0.6516,50.9179],[-0.6511,50.9166],[-0.6519,50.9143],[-0.6512,50.9118],[-0.6484,50.9092],[-0.6478,50.9071],[-0.6482,50.9069],[-0.6486,50.9054],[-0.652,50.9059],[-0.6549,50.9057],[-0.6547,50.9049],[-0.6552,50.9031],[-0.6578,50.9024],[-0.6582,50.8875],[-0.6498,50.8858],[-0.6503,50.8835],[-0.6528,50.8814],[-0.6527,50.8809],[-0.654,50.8793],[-0.6526,50.8789],[-0.6522,50.8758],[-0.6526,50.8747],[-0.6522,50.8717],[-0.6503,50.8671],[-0.6505,50.8668],[-0.6569,50.8663],[-0.6625,50.8653],[-0.6717,50.8649],[-0.6774,50.8639],[-0.6811,50.8633],[-0.6814,50.8619],[-0.6861,50.8547],[-0.6984,50.8554],[-0.7037,50.8555],[-0.7124,50.8552],[-0.7165,50.8548],[-0.7166,50.8551],[-0.7189,50.8549],[-0.7222,50.8545],[-0.7282,50.8536],[-0.7348,50.8521],[-0.7335,50.8516],[-0.7332,50.8507],[-0.7391,50.8471],[-0.7411,50.8459],[-0.7497,50.8434],[-0.754,50.8419],[-0.7549,50.8428],[-0.7556,50.8461],[-0.7565,50.8464],[-0.7567,50.847],[-0.7581,50.8462],[-0.7584,50.8475],[-0.7592,50.8476],[-0.7596,50.8479],[-0.7597,50.849],[-0.7605,50.8498],[-0.7616,50.8499],[-0.7636,50.8497],[-0.7644,50.8503],[-0.7652,50.8518],[-0.7662,50.8539],[-0.7678,50.8541],[-0.7703,50.8544],[-0.7704,50.8548],[-0.7712,50.855],[-0.7726,50.8548],[-0.7729,50.8548],[-0.7729,50.8548],[-0.7749,50.8544],[-0.7754,50.8536],[-0.7735,50.853],[-0.7735,50.8512],[-0.7738,50.8509],[-0.7745,50.851],[-0.7743,50.8519],[-0.7756,50.8519],[-0.7758,50.8515],[-0.7766,50.8514],[-0.7766,50.8525],[-0.7771,50.8525],[-0.7772,50.853],[-0.7778,50.8531],[-0.7777,50.854],[-0.7769,50.8541],[-0.777,50.8548],[-0.7786,50.8547],[-0.7785,50.8541],[-0.7791,50.8536],[-0.7794,50.854],[-0.7807,50.8539],[-0.7806,50.8528],[-0.7813,50.8526],[-0.7811,50.8522],[-0.7802,50.8518],[-0.7795,50.8502],[-0.7798,50.8498],[-0.7795,50.8485],[-0.7797,50.8478],[-0.7806,50.8487],[-0.7815,50.8481],[-0.7825,50.8486],[-0.7826,50.8481],[-0.7826,50.8477],[-0.7834,50.8477],[-0.784,50.847],[-0.7849,50.8467],[-0.7853,50.8459],[-0.786,50.846],[-0.7869,50.8456],[-0.7891,50.8473],[-0.7891,50.8473],[-0.7896,50.8482],[-0.7914,50.8493],[-0.7929,50.8515],[-0.794,50.8522],[-0.7987,50.8526],[-0.8009,50.8532],[-0.8037,50.8532],[-0.8064,50.8535],[-0.8098,50.8546],[-0.8108,50.8579],[-0.8107,50.8589],[-0.8132,50.8614],[-0.8089,50.8637],[-0.8098,50.8643],[-0.8118,50.8721],[-0.8114,50.8723],[-0.8119,50.8731],[-0.8136,50.8742],[-0.8126,50.8775],[-0.8142,50.8791],[-0.8147,50.8801],[-0.8176,50.8806],[-0.8206,50.882],[-0.8227,50.8818],[-0.8246,50.882],[-0.8266,50.8836],[-0.8295,50.8842],[-0.8332,50.8869],[-0.8335,50.888],[-0.8322,50.8934],[-0.8307,50.8929],[-0.8297,50.8913],[-0.8285,50.8907],[-0.8254,50.89],[-0.8234,50.8908],[-0.8258,50.8926],[-0.8271,50.8948],[-0.8267,50.8979],[-0.8258,50.8991],[-0.8224,50.9066],[-0.8245,50.9077],[-0.8263,50.9112],[-0.8278,50.9124],[-0.8299,50.9134],[-0.825,50.9171],[-0.8243,50.9174],[-0.8237,50.9172],[-0.8233,50.9174],[-0.8231,50.9184],[-0.8239,50.9198],[-0.825,50.9206],[-0.8274,50.9212],[-0.8317,50.9232],[-0.8307,50.924],[-0.8317,50.9262],[-0.8315,50.9273],[-0.8336,50.9276],[-0.8349,50.9282],[-0.8352,50.93],[-0.8336,50.9301],[-0.8301,50.9327],[-0.8304,50.9335],[-0.8292,50.9346],[-0.8295,50.9355],[-0.8279,50.9389],[-0.8289,50.9412],[-0.8285,50.9434],[-0.8276,50.9444],[-0.8272,50.9461],[-0.8256,50.9479],[-0.8216,50.9503],[-0.8201,50.9525],[-0.8168,50.9517],[-0.8149,50.9507]]]]}},{"type":"Feature","properties":{"FID":6319,"MSOA21CD":"E02006567","MSOA21NM":"Chichester 007","MSOA21NMW":" ","BNG_E":478765,"BNG_N":111772,"LAT":50.9001,"LONG":-0.8813,"Shape__Area":82457320.4569,"Shape__Length":49659.7717,"GlobalID":"9e683503-3c54-4684-84d2-889a0e41be3a","msoa21hclnm":"Westbourne & Funtington","localauthorityname":"Chichester","type":"Present in 2011","Life_expectancy_at_birth_male":82.3721,"Life_expectancy_at_birth_female":83.3196,"Healthy_life_expectancy_male":71.7,"Healthy_life_expectancy_female":70.7,"Area_Name":"Westbourne & Funtington","Life_expectancy_at_birth_male_compared_to_england":"Better","Life_expectancy_at_birth_female_compared_to_england":"Similar","Healthy_life_expectancy_male_compared_to_england":"Better","Healthy_life_expectancy_female_compared_to_england":"Better"},"geometry":{"type":"MultiPolygon","coordinates":[[[[-0.8467,50.9479],[-0.8464,50.9457],[-0.8476,50.9451],[-0.8482,50.9442],[-0.8499,50.9434],[-0.8448,50.9415],[-0.8454,50.9405],[-0.8452,50.9375],[-0.8447,50.9374],[-0.8448,50.9365],[-0.8457,50.935],[-0.8485,50.9322],[-0.849,50.9311],[-0.8445,50.931],[-0.843,50.9305],[-0.8406,50.9291],[-0.8371,50.9301],[-0.8352,50.93],[-0.8349,50.9282],[-0.8336,50.9276],[-0.8315,50.9273],[-0.8317,50.9262],[-0.8307,50.924],[-0.8317,50.9232],[-0.8274,50.9212],[-0.825,50.9206],[-0.8239,50.9198],[-0.8231,50.9184],[-0.8233,50.9174],[-0.8237,50.9172],[-0.8243,50.9174],[-0.825,50.9171],[-0.8299,50.9134],[-0.8278,50.9124],[-0.8263,50.9112],[-0.8245,50.9077],[-0.8224,50.9066],[-0.8258,50.8991],[-0.8267,50.8979],[-0.8271,50.8948],[-0.8258,50.8926],[-0.8234,50.8908],[-0.8254,50.89],[-0.8285,50.8907],[-0.8297,50.8913],[-0.8307,50.8929],[-0.8322,50.8934],[-0.8335,50.888],[-0.8332,50.8869],[-0.8295,50.8842],[-0.8266,50.8836],[-0.8246,50.882],[-0.8227,50.8818],[-0.8206,50.882],[-0.8176,50.8806],[-0.8147,50.8801],[-0.8142,50.8791],[-0.8126,50.8775],[-0.8136,50.8742],[-0.8119,50.8731],[-0.8114,50.8723],[-0.8118,50.8721],[-0.8098,50.8643],[-0.8089,50.8637],[-0.8132,50.8614],[-0.8107,50.8589],[-0.8108,50.8579],[-0.8098,50.8546],[-0.8064,50.8535],[-0.8094,50.85],[-0.8099,50.848],[-0.8095,50.8479],[-0.811,50.8445],[-0.8121,50.8449],[-0.8177,50.8463],[-0.827,50.8471],[-0.8268,50.8481],[-0.8369,50.85],[-0.8397,50.8483],[-0.8439,50.8473],[-0.8462,50.8463],[-0.8487,50.8428],[-0.865,50.8443],[-0.8671,50.8477],[-0.868,50.8526],[-0.8713,50.8537],[-0.8773,50.8562],[-0.8804,50.8574],[-0.8842,50.8582],[-0.8961,50.8583],[-0.8959,50.8565],[-0.894,50.8551],[-0.8957,50.8508],[-0.8955,50.8499],[-0.8999,50.8499],[-0.9003,50.8498],[-0.9005,50.8492],[-0.9019,50.8487],[-0.9028,50.8477],[-0.9032,50.8477],[-0.905,50.8479],[-0.906,50.8481],[-0.9059,50.8485],[-0.9065,50.8485],[-0.9065,50.8488],[-0.9075,50.8488],[-0.9078,50.8479],[-0.907,50.8471],[-0.9074,50.8467],[-0.9072,50.846],[-0.9073,50.8453],[-0.908,50.8453],[-0.9079,50.8475],[-0.9085,50.8483],[-0.909,50.8482],[-0.9085,50.8474],[-0.9098,50.8463],[-0.9102,50.8452],[-0.9112,50.8458],[-0.9128,50.8458],[-0.9134,50.8453],[-0.9144,50.8453],[-0.9143,50.846],[-0.917,50.8478],[-0.9178,50.8494],[-0.9128,50.8488],[-0.913,50.8497],[-0.9139,50.8495],[-0.9141,50.8498],[-0.9192,50.8515],[-0.9206,50.8532],[-0.9214,50.8561],[-0.9202,50.8563],[-0.9208,50.8563],[-0.9236,50.8561],[-0.9278,50.8553],[-0.9328,50.8532],[-0.933,50.8542],[-0.9334,50.8548],[-0.932,50.8557],[-0.9312,50.8572],[-0.9299,50.8584],[-0.9279,50.8628],[-0.9265,50.864],[-0.9265,50.8642],[-0.9268,50.8647],[-0.928,50.8657],[-0.9287,50.8658],[-0.9287,50.8663],[-0.9292,50.8661],[-0.9294,50.8668],[-0.9319,50.8684],[-0.9355,50.8691],[-0.936,50.8695],[-0.9369,50.8701],[-0.9387,50.8725],[-0.9386,50.8737],[-0.9387,50.8738],[-0.9395,50.8742],[-0.9395,50.8755],[-0.9412,50.8776],[-0.9453,50.8803],[-0.9471,50.8841],[-0.9514,50.8864],[-0.9543,50.8886],[-0.9566,50.8898],[-0.9576,50.8906],[-0.9574,50.8909],[-0.9556,50.8911],[-0.9532,50.895],[-0.952,50.897],[-0.95,50.8987],[-0.9504,50.9013],[-0.9496,50.9041],[-0.9496,50.905],[-0.9486,50.905],[-0.9474,50.9084],[-0.9461,50.9105],[-0.9432,50.9128],[-0.9427,50.9136],[-0.9405,50.9177],[-0.9391,50.919],[-0.926,50.9231],[-0.924,50.9242],[-0.9276,50.9278],[-0.9281,50.9311],[-0.929,50.9326],[-0.931,50.9345],[-0.9312,50.9353],[-0.9263,50.9366],[-0.9163,50.9369],[-0.9133,50.9382],[-0.9111,50.9385],[-0.9092,50.9393],[-0.9065,50.9399],[-0.9036,50.9399],[-0.9015,50.9395],[-0.898,50.94],[-0.8954,50.9397],[-0.8906,50.9375],[-0.8893,50.9385],[-0.8881,50.9402],[-0.8864,50.9413],[-0.8806,50.9422],[-0.8764,50.9422],[-0.87,50.9435],[-0.8682,50.943],[-0.8686,50.9452],[-0.8672,50.9458],[-0.8653,50.9472],[-0.8611,50.9477],[-0.86,50.9473],[-0.8554,50.9479],[-0.8543,50.9492],[-0.8524,50.9532],[-0.8508,50.9527],[-0.8474,50.9492],[-0.8467,50.9479]]]]}},{"type":"Feature","properties":{"FID":6320,"MSOA21CD":"E02006568","MSOA21NM":"Chichester 008","MSOA21NMW":" ","BNG_E":486458,"BNG_N":105789,"LAT":50.8452,"LONG":-0.7733,"Shape__Area":3329039.0533,"Shape__Length":15071.4292,"GlobalID":"bdfb42db-9566-4ace-80eb-e3287e9d075f","msoa21hclnm":"College Lane & Oaklands","localauthorityname":"Chichester","type":"Present in 2011","Life_expectancy_at_birth_male":79.9351,"Life_expectancy_at_birth_female":85.6889,"Healthy_life_expectancy_male":65,"Healthy_life_expectancy_female":68.3,"Area_Name":"College Lane & Oaklands","Life_expectancy_at_birth_male_compared_to_england":"Similar","Life_expectancy_at_birth_female_compared_to_england":"Better","Healthy_life_expectancy_male_compared_to_england":"Similar","Healthy_life_expectancy_female_compared_to_england":"Better"},"geometry":{"type":"MultiPolygon","coordinates":[[[[-0.7704,50.8548],[-0.7703,50.8544],[-0.7678,50.8541],[-0.7662,50.8539],[-0.7652,50.8518],[-0.7644,50.8503],[-0.7636,50.8497],[-0.7616,50.8499],[-0.7605,50.8498],[-0.7597,50.849],[-0.7596,50.8479],[-0.7592,50.8476],[-0.7584,50.8475],[-0.7581,50.8462],[-0.7567,50.847],[-0.7565,50.8464],[-0.7556,50.8461],[-0.7549,50.8428],[-0.7549,50.8377],[-0.7548,50.8374],[-0.7558,50.8369],[-0.7559,50.8361],[-0.7565,50.8361],[-0.7568,50.8361],[-0.7571,50.8368],[-0.7584,50.8364],[-0.7581,50.8358],[-0.7584,50.8353],[-0.7591,50.8352],[-0.7593,50.8358],[-0.7597,50.836],[-0.7603,50.8358],[-0.7608,50.8363],[-0.761,50.8367],[-0.7614,50.8366],[-0.7615,50.8369],[-0.7618,50.8375],[-0.7625,50.8385],[-0.7632,50.8402],[-0.7634,50.8409],[-0.7642,50.8414],[-0.7654,50.8412],[-0.7657,50.8416],[-0.7665,50.8413],[-0.7663,50.8409],[-0.7672,50.841],[-0.7676,50.8411],[-0.7675,50.8418],[-0.7682,50.8417],[-0.7687,50.8421],[-0.7679,50.8423],[-0.7685,50.8425],[-0.7701,50.8421],[-0.7706,50.8419],[-0.7715,50.8419],[-0.7739,50.8416],[-0.7744,50.8411],[-0.775,50.8408],[-0.7732,50.8384],[-0.7745,50.8382],[-0.7744,50.8376],[-0.7744,50.8361],[-0.7791,50.8365],[-0.7786,50.8388],[-0.7785,50.8399],[-0.7785,50.8403],[-0.7797,50.8402],[-0.7801,50.8401],[-0.782,50.8397],[-0.7828,50.8394],[-0.7843,50.8381],[-0.7844,50.8372],[-0.7849,50.837],[-0.7869,50.8368],[-0.7859,50.8373],[-0.7854,50.8381],[-0.7857,50.8388],[-0.7857,50.8399],[-0.7865,50.8402],[-0.7863,50.8404],[-0.7868,50.8406],[-0.7857,50.8426],[-0.7863,50.8427],[-0.7866,50.8418],[-0.7876,50.8416],[-0.7883,50.8408],[-0.7891,50.8398],[-0.7896,50.8395],[-0.7906,50.8395],[-0.7909,50.8403],[-0.7912,50.8404],[-0.7916,50.8401],[-0.793,50.8386],[-0.7961,50.8394],[-0.7964,50.839],[-0.797,50.8392],[-0.7991,50.8385],[-0.7984,50.8396],[-0.7962,50.8413],[-0.796,50.8411],[-0.7973,50.8424],[-0.7956,50.8427],[-0.7957,50.8434],[-0.7937,50.8434],[-0.7927,50.8442],[-0.7891,50.8473],[-0.7891,50.8473],[-0.7869,50.8456],[-0.786,50.846],[-0.7853,50.8459],[-0.7849,50.8467],[-0.784,50.847],[-0.7834,50.8477],[-0.7826,50.8477],[-0.7826,50.8481],[-0.7825,50.8486],[-0.7815,50.8481],[-0.7806,50.8487],[-0.7797,50.8478],[-0.7795,50.8485],[-0.7798,50.8498],[-0.7795,50.8502],[-0.7802,50.8518],[-0.7811,50.8522],[-0.7813,50.8526],[-0.7806,50.8528],[-0.7807,50.8539],[-0.7794,50.854],[-0.7791,50.8536],[-0.7785,50.8541],[-0.7786,50.8547],[-0.777,50.8548],[-0.7769,50.8541],[-0.7777,50.854],[-0.7778,50.8531],[-0.7772,50.853],[-0.7771,50.8525],[-0.7766,50.8525],[-0.7766,50.8514],[-0.7758,50.8515],[-0.7756,50.8519],[-0.7743,50.8519],[-0.7745,50.851],[-0.7738,50.8509],[-0.7735,50.8512],[-0.7735,50.853],[-0.7754,50.8536],[-0.7749,50.8544],[-0.7729,50.8548],[-0.7729,50.8548],[-0.7726,50.8548],[-0.7712,50.855],[-0.7704,50.8548]]]]}},{"type":"Feature","properties":{"FID":6321,"MSOA21CD":"E02006569","MSOA21NM":"Chichester 009","MSOA21NMW":" ","BNG_E":479035,"BNG_N":104474,"LAT":50.8344,"LONG":-0.879,"Shape__Area":26636490.9162,"Shape__Length":66687.9512,"GlobalID":"e952dbca-2363-4270-be8a-241542562274","msoa21hclnm":"Southbourne, Bosham & Thorney","localauthorityname":"Chichester","type":"Present in 2011","Life_expectancy_at_birth_male":81.619,"Life_expectancy_at_birth_female":82.2719,"Healthy_life_expectancy_male":72,"Healthy_life_expectancy_female":71.5,"Area_Name":"Southbourne, Bosham & Thorney","Life_expectancy_at_birth_male_compared_to_england":"Better","Life_expectancy_at_birth_female_compared_to_england":"Similar","Healthy_life_expectancy_male_compared_to_england":"Better","Healthy_life_expectancy_female_compared_to_england":"Better"},"geometry":{"type":"MultiPolygon","coordinates":[[[[-0.8857,50.8115],[-0.8879,50.8112],[-0.8831,50.8124],[-0.8857,50.8115]]],[[[-0.8674,50.8234],[-0.8681,50.8229],[-0.8685,50.8223],[-0.869,50.8222],[-0.8691,50.8226],[-0.8685,50.8229],[-0.8689,50.8232],[-0.8684,50.8231],[-0.8676,50.8242],[-0.8674,50.8234]]],[[[-0.8682,50.8317],[-0.8678,50.8314],[-0.8684,50.8316],[-0.8683,50.8313],[-0.8677,50.8313],[-0.8683,50.831],[-0.8686,50.8314],[-0.8684,50.8317],[-0.8682,50.8317]]],[[[-0.8687,50.8316],[-0.8691,50.8316],[-0.8691,50.8322],[-0.868,50.8319],[-0.8687,50.8319],[-0.8687,50.8316]]],[[[-0.8671,50.8477],[-0.865,50.8443],[-0.8487,50.8428],[-0.849,50.8424],[-0.8485,50.8418],[-0.8481,50.8418],[-0.8488,50.841],[-0.8476,50.8377],[-0.8491,50.8369],[-0.8494,50.8362],[-0.8484,50.8346],[-0.8493,50.8347],[-0.8495,50.8341],[-0.8486,50.8338],[-0.8478,50.8338],[-0.8476,50.8343],[-0.8467,50.8342],[-0.8467,50.8338],[-0.8482,50.833],[-0.85,50.8328],[-0.8499,50.8313],[-0.8508,50.8314],[-0.8512,50.8307],[-0.8498,50.8302],[-0.8487,50.8301],[-0.8486,50.8297],[-0.8479,50.8297],[-0.8479,50.8291],[-0.8486,50.8294],[-0.8491,50.8293],[-0.8494,50.8287],[-0.8485,50.8283],[-0.8481,50.8256],[-0.8439,50.8258],[-0.8401,50.8234],[-0.8356,50.8271],[-0.8362,50.8304],[-0.837,50.8313],[-0.8384,50.8314],[-0.8399,50.8308],[-0.8411,50.8332],[-0.8312,50.8333],[-0.8309,50.8305],[-0.8318,50.8291],[-0.831,50.8287],[-0.8296,50.829],[-0.8247,50.8291],[-0.8224,50.8288],[-0.8197,50.8289],[-0.8184,50.8284],[-0.8177,50.8286],[-0.8181,50.8278],[-0.8175,50.8276],[-0.817,50.8277],[-0.8175,50.8274],[-0.8172,50.8269],[-0.8169,50.8275],[-0.8162,50.8271],[-0.8164,50.825],[-0.8173,50.8246],[-0.8176,50.8248],[-0.8175,50.8248],[-0.8173,50.8249],[-0.8172,50.8251],[-0.8174,50.8249],[-0.8176,50.8248],[-0.8177,50.8248],[-0.8179,50.8247],[-0.818,50.8244],[-0.8184,50.8247],[-0.8182,50.825],[-0.8185,50.8247],[-0.8193,50.825],[-0.8201,50.8248],[-0.8187,50.8248],[-0.8184,50.8245],[-0.8188,50.8245],[-0.818,50.8243],[-0.8175,50.8247],[-0.8173,50.8244],[-0.82,50.8222],[-0.8205,50.8209],[-0.8209,50.821],[-0.8214,50.8203],[-0.8209,50.8204],[-0.8201,50.8184],[-0.8206,50.8182],[-0.8212,50.8185],[-0.8214,50.8182],[-0.8199,50.8181],[-0.8194,50.8175],[-0.8198,50.8169],[-0.8229,50.8142],[-0.8262,50.8139],[-0.829,50.8129],[-0.8294,50.8124],[-0.8294,50.8128],[-0.8302,50.8124],[-0.8296,50.8124],[-0.8304,50.8124],[-0.8311,50.8118],[-0.8307,50.8114],[-0.8304,50.8122],[-0.8294,50.8122],[-0.83,50.8112],[-0.8304,50.811],[-0.8309,50.8112],[-0.8305,50.811],[-0.8304,50.811],[-0.8298,50.8112],[-0.8302,50.8109],[-0.8345,50.8104],[-0.8343,50.81],[-0.8355,50.8097],[-0.8357,50.8098],[-0.8361,50.8094],[-0.837,50.8091],[-0.8413,50.8064],[-0.8427,50.8046],[-0.8492,50.8054],[-0.8519,50.8066],[-0.8528,50.8067],[-0.8531,50.8064],[-0.8531,50.8067],[-0.8533,50.8064],[-0.8542,50.8071],[-0.8562,50.8071],[-0.8569,50.8074],[-0.8571,50.808],[-0.8561,50.8089],[-0.8556,50.8103],[-0.8537,50.8108],[-0.8534,50.8105],[-0.8532,50.8108],[-0.8522,50.8105],[-0.8524,50.8102],[-0.8516,50.8103],[-0.8519,50.8101],[-0.8513,50.8099],[-0.8511,50.8103],[-0.8494,50.8107],[-0.848,50.8107],[-0.8497,50.8111],[-0.85,50.8108],[-0.8513,50.8108],[-0.8527,50.8119],[-0.8527,50.8125],[-0.8534,50.8116],[-0.8549,50.8116],[-0.8565,50.8123],[-0.8561,50.8117],[-0.8579,50.8107],[-0.8625,50.8123],[-0.8642,50.8123],[-0.8643,50.8119],[-0.8647,50.8121],[-0.865,50.8116],[-0.8659,50.8119],[-0.8682,50.8129],[-0.8688,50.8139],[-0.8685,50.8145],[-0.8699,50.8165],[-0.8699,50.8177],[-0.8673,50.8197],[-0.8659,50.82],[-0.8656,50.8206],[-0.8652,50.8213],[-0.864,50.8225],[-0.8629,50.8235],[-0.858,50.8236],[-0.8557,50.8267],[-0.8547,50.8272],[-0.8544,50.8269],[-0.854,50.8273],[-0.8512,50.8276],[-0.8511,50.8281],[-0.8516,50.8282],[-0.8519,50.8288],[-0.8539,50.8293],[-0.8573,50.8286],[-0.8581,50.8284],[-0.8589,50.828],[-0.8612,50.828],[-0.8607,50.8283],[-0.8609,50.829],[-0.8613,50.8291],[-0.861,50.8318],[-0.8615,50.8318],[-0.8608,50.8322],[-0.8607,50.8354],[-0.8601,50.8358],[-0.8602,50.8349],[-0.8594,50.8354],[-0.8592,50.8364],[-0.8599,50.8377],[-0.8584,50.8386],[-0.8584,50.8397],[-0.8595,50.8399],[-0.8621,50.8388],[-0.8622,50.8384],[-0.8613,50.8383],[-0.8617,50.8379],[-0.8652,50.8383],[-0.8667,50.8385],[-0.8679,50.8411],[-0.868,50.8411],[-0.8695,50.84],[-0.8699,50.8401],[-0.8691,50.8399],[-0.8691,50.8396],[-0.87,50.8375],[-0.8701,50.837],[-0.8698,50.8364],[-0.8705,50.8361],[-0.8699,50.8361],[-0.8696,50.8355],[-0.87,50.8352],[-0.8694,50.8356],[-0.8689,50.8349],[-0.8695,50.8347],[-0.8687,50.8348],[-0.8686,50.8342],[-0.8699,50.8331],[-0.8711,50.833],[-0.8709,50.8328],[-0.8718,50.8324],[-0.8729,50.8326],[-0.8729,50.8324],[-0.8738,50.8323],[-0.8737,50.8328],[-0.8742,50.8326],[-0.8735,50.8318],[-0.8737,50.8322],[-0.8731,50.832],[-0.873,50.8322],[-0.8724,50.8322],[-0.8726,50.8319],[-0.8721,50.8319],[-0.8726,50.8316],[-0.8722,50.8317],[-0.8719,50.8315],[-0.8713,50.8319],[-0.8714,50.8316],[-0.8701,50.8318],[-0.8694,50.8312],[-0.8688,50.8313],[-0.8686,50.8311],[-0.8682,50.8309],[-0.8679,50.831],[-0.868,50.8307],[-0.8679,50.8309],[-0.8667,50.8302],[-0.8667,50.8298],[-0.8669,50.8299],[-0.8671,50.8296],[-0.8671,50.8299],[-0.867,50.829],[-0.8667,50.8287],[-0.8661,50.8287],[-0.8662,50.8279],[-0.8655,50.8273],[-0.8654,50.8272],[-0.8655,50.8271],[-0.8672,50.8261],[-0.8679,50.8253],[-0.8705,50.8242],[-0.8699,50.8239],[-0.8714,50.8239],[-0.8699,50.8238],[-0.8699,50.823],[-0.8745,50.8181],[-0.8747,50.8172],[-0.8745,50.8172],[-0.8749,50.8172],[-0.8749,50.8169],[-0.8742,50.8144],[-0.875,50.8145],[-0.8759,50.8129],[-0.8761,50.8131],[-0.876,50.8129],[-0.8768,50.8125],[-0.8773,50.8126],[-0.8768,50.8124],[-0.8779,50.8124],[-0.8771,50.8122],[-0.8777,50.812],[-0.8774,50.8118],[-0.8765,50.8117],[-0.8755,50.8124],[-0.876,50.8117],[-0.8767,50.8115],[-0.8823,50.8127],[-0.8867,50.8145],[-0.8904,50.8165],[-0.8922,50.8184],[-0.8918,50.8234],[-0.8927,50.8248],[-0.8943,50.8259],[-0.8954,50.8282],[-0.8968,50.8289],[-0.8966,50.8291],[-0.8955,50.829],[-0.8947,50.8295],[-0.8954,50.8293],[-0.8952,50.8298],[-0.8958,50.83],[-0.8953,50.8302],[-0.8954,50.8307],[-0.8959,50.8316],[-0.8965,50.8319],[-0.8955,50.8326],[-0.893,50.8328],[-0.8925,50.8348],[-0.8925,50.8348],[-0.8936,50.8377],[-0.8936,50.8377],[-0.8937,50.8378],[-0.8945,50.8384],[-0.8946,50.8384],[-0.8969,50.8389],[-0.8979,50.8389],[-0.8979,50.8389],[-0.898,50.8388],[-0.8984,50.8386],[-0.8985,50.838],[-0.8984,50.838],[-0.8975,50.8377],[-0.8977,50.8375],[-0.9029,50.8382],[-0.9043,50.8383],[-0.9047,50.8383],[-0.9071,50.8382],[-0.9088,50.8378],[-0.9099,50.8395],[-0.9128,50.84],[-0.9138,50.8392],[-0.9159,50.8383],[-0.9167,50.8366],[-0.917,50.8366],[-0.9168,50.8368],[-0.9174,50.8366],[-0.9171,50.8364],[-0.9162,50.8367],[-0.9169,50.8363],[-0.9167,50.8359],[-0.9165,50.8362],[-0.9137,50.8341],[-0.9129,50.8322],[-0.914,50.8318],[-0.914,50.8313],[-0.9122,50.8276],[-0.9105,50.8242],[-0.9099,50.8234],[-0.9081,50.8225],[-0.9079,50.8227],[-0.9075,50.8221],[-0.9081,50.8218],[-0.9081,50.8222],[-0.9094,50.8217],[-0.9097,50.8213],[-0.9088,50.8198],[-0.908,50.8197],[-0.9082,50.8194],[-0.9082,50.8197],[-0.9087,50.8196],[-0.9075,50.8168],[-0.9093,50.8137],[-0.9095,50.8124],[-0.9093,50.8123],[-0.9096,50.8121],[-0.9093,50.812],[-0.9095,50.8115],[-0.909,50.8112],[-0.9095,50.811],[-0.9092,50.8096],[-0.9097,50.808],[-0.9092,50.8081],[-0.9098,50.8078],[-0.9093,50.8077],[-0.9099,50.8077],[-0.9093,50.8074],[-0.91,50.8073],[-0.9103,50.8069],[-0.9098,50.8073],[-0.9098,50.8067],[-0.9101,50.8069],[-0.9111,50.8065],[-0.9099,50.8065],[-0.91,50.8063],[-0.9106,50.8065],[-0.9105,50.8063],[-0.911,50.806],[-0.9107,50.8061],[-0.9103,50.8063],[-0.9099,50.8062],[-0.9098,50.806],[-0.9104,50.8062],[-0.9105,50.806],[-0.9098,50.8057],[-0.9109,50.8059],[-0.9104,50.8057],[-0.9111,50.8056],[-0.9104,50.8056],[-0.9107,50.8053],[-0.9104,50.8051],[-0.9101,50.8052],[-0.9103,50.8056],[-0.9092,50.8054],[-0.9099,50.8051],[-0.9092,50.8047],[-0.9102,50.8048],[-0.9105,50.805],[-0.9104,50.8048],[-0.9098,50.8047],[-0.9099,50.8044],[-0.9092,50.8046],[-0.9098,50.8043],[-0.9076,50.8038],[-0.9091,50.8037],[-0.909,50.8035],[-0.9098,50.8037],[-0.9101,50.8034],[-0.91,50.8036],[-0.9106,50.8038],[-0.9098,50.8031],[-0.9115,50.8032],[-0.9093,50.8029],[-0.91,50.8017],[-0.9097,50.8013],[-0.911,50.8016],[-0.9111,50.8014],[-0.9102,50.8013],[-0.9103,50.8011],[-0.9098,50.8013],[-0.9098,50.8006],[-0.9103,50.8007],[-0.9099,50.8004],[-0.9108,50.8004],[-0.9097,50.8003],[-0.9099,50.8002],[-0.9094,50.7998],[-0.9094,50.8007],[-0.9084,50.8007],[-0.9085,50.801],[-0.9092,50.8009],[-0.9092,50.8012],[-0.908,50.8013],[-0.9074,50.8017],[-0.9074,50.8023],[-0.9066,50.8012],[-0.907,50.7995],[-0.9067,50.7993],[-0.907,50.7993],[-0.9077,50.7985],[-0.9094,50.7988],[-0.9103,50.7997],[-0.9115,50.8002],[-0.9119,50.8012],[-0.9151,50.8027],[-0.9174,50.8048],[-0.9209,50.806],[-0.9223,50.8082],[-0.9275,50.8117],[-0.9333,50.8139],[-0.9426,50.8154],[-0.9423,50.8163],[-0.9396,50.8168],[-0.9385,50.8178],[-0.9391,50.8191],[-0.9391,50.8191],[-0.9416,50.8211],[-0.9401,50.8219],[-0.9398,50.8228],[-0.9401,50.8232],[-0.9424,50.8243],[-0.9418,50.8247],[-0.9411,50.8264],[-0.9414,50.8274],[-0.9396,50.8301],[-0.9387,50.8306],[-0.9384,50.8311],[-0.9316,50.8406],[-0.9329,50.8427],[-0.9331,50.8429],[-0.9328,50.8426],[-0.9317,50.8416],[-0.9312,50.8417],[-0.9319,50.8426],[-0.9319,50.8426],[-0.9315,50.8428],[-0.9314,50.8427],[-0.9309,50.8416],[-0.9298,50.8418],[-0.93,50.8424],[-0.9309,50.8427],[-0.9308,50.8428],[-0.9307,50.8433],[-0.9316,50.8433],[-0.9309,50.8438],[-0.9319,50.844],[-0.9321,50.8454],[-0.9322,50.8456],[-0.9325,50.846],[-0.9325,50.846],[-0.9325,50.8466],[-0.9336,50.8476],[-0.9344,50.8495],[-0.9337,50.8518],[-0.9328,50.8521],[-0.9328,50.8532],[-0.9278,50.8553],[-0.9236,50.8561],[-0.9208,50.8563],[-0.9202,50.8563],[-0.9214,50.8561],[-0.9206,50.8532],[-0.9192,50.8515],[-0.9141,50.8498],[-0.9139,50.8495],[-0.913,50.8497],[-0.9128,50.8488],[-0.9178,50.8494],[-0.917,50.8478],[-0.9143,50.846],[-0.9144,50.8453],[-0.9134,50.8453],[-0.9128,50.8458],[-0.9112,50.8458],[-0.9102,50.8452],[-0.9098,50.8463],[-0.9085,50.8474],[-0.909,50.8482],[-0.9085,50.8483],[-0.9079,50.8475],[-0.908,50.8453],[-0.9073,50.8453],[-0.9072,50.846],[-0.9074,50.8467],[-0.907,50.8471],[-0.9078,50.8479],[-0.9075,50.8488],[-0.9065,50.8488],[-0.9065,50.8485],[-0.9059,50.8485],[-0.906,50.8481],[-0.905,50.8479],[-0.9032,50.8477],[-0.9028,50.8477],[-0.9019,50.8487],[-0.9005,50.8492],[-0.9003,50.8498],[-0.8999,50.8499],[-0.8955,50.8499],[-0.8957,50.8508],[-0.894,50.8551],[-0.8959,50.8565],[-0.8961,50.8583],[-0.8842,50.8582],[-0.8804,50.8574],[-0.8773,50.8562],[-0.8713,50.8537],[-0.868,50.8526],[-0.8671,50.8477]]]]}},{"type":"Feature","properties":{"FID":6322,"MSOA21CD":"E02006570","MSOA21NM":"Chichester 010","MSOA21NMW":" ","BNG_E":486356,"BNG_N":104617,"LAT":50.8346,"LONG":-0.775,"Shape__Area":2352567.2957,"Shape__Length":12558.197,"GlobalID":"cc3f541c-27a4-4482-b094-622b11d73a11","msoa21hclnm":"Central Chichester","localauthorityname":"Chichester","type":"Present in 2011","Life_expectancy_at_birth_male":78.3111,"Life_expectancy_at_birth_female":84.4704,"Healthy_life_expectancy_male":66.1,"Healthy_life_expectancy_female":68.9,"Area_Name":"Central Chichester","Life_expectancy_at_birth_male_compared_to_england":"Similar","Life_expectancy_at_birth_female_compared_to_england":"Similar","Healthy_life_expectancy_male_compared_to_england":"Similar","Healthy_life_expectancy_female_compared_to_england":"Better"},"geometry":{"type":"MultiPolygon","coordinates":[[[[-0.7687,50.8421],[-0.7682,50.8417],[-0.7675,50.8418],[-0.7676,50.8411],[-0.7672,50.841],[-0.7663,50.8409],[-0.7665,50.8413],[-0.7657,50.8416],[-0.7654,50.8412],[-0.7642,50.8414],[-0.7634,50.8409],[-0.7632,50.8402],[-0.7625,50.8385],[-0.7618,50.8375],[-0.7615,50.8369],[-0.7614,50.8366],[-0.761,50.8367],[-0.7608,50.8363],[-0.7603,50.8358],[-0.7597,50.836],[-0.7593,50.8358],[-0.7591,50.8352],[-0.7584,50.8353],[-0.7581,50.8358],[-0.7584,50.8364],[-0.7571,50.8368],[-0.7568,50.8361],[-0.7565,50.8361],[-0.7559,50.8361],[-0.7558,50.8369],[-0.7548,50.8374],[-0.7539,50.834],[-0.7549,50.8301],[-0.758,50.832],[-0.7583,50.8322],[-0.7602,50.8329],[-0.7619,50.8336],[-0.7627,50.8331],[-0.7643,50.8332],[-0.7641,50.8334],[-0.7646,50.8337],[-0.765,50.8332],[-0.7655,50.8333],[-0.7658,50.8326],[-0.7666,50.8329],[-0.7661,50.8336],[-0.7665,50.8339],[-0.7671,50.8337],[-0.768,50.8338],[-0.7687,50.8337],[-0.7686,50.8331],[-0.7694,50.8331],[-0.7696,50.8328],[-0.7689,50.8327],[-0.7679,50.8319],[-0.7668,50.8318],[-0.767,50.8312],[-0.7666,50.8307],[-0.767,50.8303],[-0.7681,50.8313],[-0.7697,50.832],[-0.7702,50.832],[-0.7704,50.8312],[-0.773,50.8313],[-0.7728,50.832],[-0.774,50.832],[-0.7776,50.8319],[-0.7791,50.8319],[-0.7792,50.8316],[-0.78,50.8315],[-0.7809,50.8304],[-0.7823,50.8309],[-0.7843,50.8311],[-0.7844,50.8309],[-0.7827,50.8305],[-0.7828,50.8303],[-0.7814,50.83],[-0.7827,50.8293],[-0.7822,50.8289],[-0.781,50.8291],[-0.7814,50.8267],[-0.7826,50.8271],[-0.7884,50.8292],[-0.7884,50.8292],[-0.7892,50.8295],[-0.793,50.8309],[-0.7995,50.8332],[-0.7988,50.8334],[-0.7986,50.8339],[-0.7977,50.8343],[-0.7951,50.8354],[-0.7941,50.8355],[-0.7937,50.8359],[-0.7869,50.8368],[-0.7849,50.837],[-0.7844,50.8372],[-0.7843,50.8381],[-0.7828,50.8394],[-0.782,50.8397],[-0.7801,50.8401],[-0.7797,50.8402],[-0.7785,50.8403],[-0.7785,50.8399],[-0.7786,50.8388],[-0.7791,50.8365],[-0.7744,50.8361],[-0.7744,50.8376],[-0.7745,50.8382],[-0.7732,50.8384],[-0.775,50.8408],[-0.7744,50.8411],[-0.7739,50.8416],[-0.7715,50.8419],[-0.7706,50.8419],[-0.7701,50.8421],[-0.7685,50.8425],[-0.7679,50.8423],[-0.7687,50.8421]]]]}},{"type":"Feature","properties":{"FID":6323,"MSOA21CD":"E02006571","MSOA21NM":"Chichester 011","MSOA21NMW":" ","BNG_E":484872,"BNG_N":103283,"LAT":50.8229,"LONG":-0.7964,"Shape__Area":17109775.4372,"Shape__Length":35654.6558,"GlobalID":"08b82946-d338-4388-9a91-03affc47738a","msoa21hclnm":"Stockbridge & Fishbourne","localauthorityname":"Chichester","type":"Present in 2011","Life_expectancy_at_birth_male":81.6608,"Life_expectancy_at_birth_female":85.084,"Healthy_life_expectancy_male":70.5,"Healthy_life_expectancy_female":72.9,"Area_Name":"Stockbridge & Fishbourne","Life_expectancy_at_birth_male_compared_to_england":"Better","Life_expectancy_at_birth_female_compared_to_england":"Better","Healthy_life_expectancy_male_compared_to_england":"Better","Healthy_life_expectancy_female_compared_to_england":"Better"},"geometry":{"type":"MultiPolygon","coordinates":[[[[-0.8064,50.8535],[-0.8037,50.8532],[-0.8009,50.8532],[-0.7987,50.8526],[-0.794,50.8522],[-0.7929,50.8515],[-0.7914,50.8493],[-0.7896,50.8482],[-0.7891,50.8473],[-0.7927,50.8442],[-0.7937,50.8434],[-0.7957,50.8434],[-0.7956,50.8427],[-0.7973,50.8424],[-0.796,50.8411],[-0.7962,50.8413],[-0.7984,50.8396],[-0.7991,50.8385],[-0.797,50.8392],[-0.7964,50.839],[-0.7961,50.8394],[-0.793,50.8386],[-0.7916,50.8401],[-0.7912,50.8404],[-0.7909,50.8403],[-0.7906,50.8395],[-0.7896,50.8395],[-0.7891,50.8398],[-0.7883,50.8408],[-0.7876,50.8416],[-0.7866,50.8418],[-0.7863,50.8427],[-0.7857,50.8426],[-0.7868,50.8406],[-0.7863,50.8404],[-0.7865,50.8402],[-0.7857,50.8399],[-0.7857,50.8388],[-0.7854,50.8381],[-0.7859,50.8373],[-0.7869,50.8368],[-0.7937,50.8359],[-0.7941,50.8355],[-0.7951,50.8354],[-0.7977,50.8343],[-0.7986,50.8339],[-0.7988,50.8334],[-0.7995,50.8332],[-0.793,50.8309],[-0.7892,50.8295],[-0.7884,50.8292],[-0.7884,50.8292],[-0.7826,50.8271],[-0.7814,50.8267],[-0.7813,50.8267],[-0.7822,50.8246],[-0.7819,50.8234],[-0.781,50.8226],[-0.7772,50.8189],[-0.7741,50.8134],[-0.7763,50.8127],[-0.7803,50.8121],[-0.7817,50.8113],[-0.7833,50.8109],[-0.7849,50.8105],[-0.7868,50.8086],[-0.7867,50.808],[-0.7861,50.808],[-0.7864,50.8066],[-0.7879,50.8056],[-0.7888,50.8041],[-0.7913,50.803],[-0.7873,50.802],[-0.7942,50.7969],[-0.7948,50.7971],[-0.7951,50.7962],[-0.7972,50.795],[-0.8003,50.7936],[-0.8051,50.7924],[-0.8147,50.7927],[-0.8152,50.7932],[-0.8141,50.794],[-0.8123,50.794],[-0.811,50.7944],[-0.8105,50.7949],[-0.8112,50.7961],[-0.8112,50.7984],[-0.8096,50.8008],[-0.8071,50.8013],[-0.8054,50.8009],[-0.8042,50.801],[-0.8029,50.8029],[-0.8041,50.8036],[-0.804,50.8049],[-0.8062,50.8041],[-0.8066,50.8043],[-0.8085,50.8033],[-0.8113,50.8039],[-0.8138,50.8036],[-0.8172,50.804],[-0.8197,50.8037],[-0.8241,50.8045],[-0.8251,50.8049],[-0.8251,50.8049],[-0.8249,50.8058],[-0.8254,50.8079],[-0.8247,50.8102],[-0.824,50.8105],[-0.8233,50.8102],[-0.8217,50.8102],[-0.8199,50.8111],[-0.8184,50.8115],[-0.8167,50.8131],[-0.8156,50.8134],[-0.8144,50.8143],[-0.8141,50.8164],[-0.815,50.8187],[-0.8155,50.8192],[-0.8168,50.8191],[-0.8169,50.8194],[-0.8159,50.8194],[-0.8154,50.8206],[-0.8127,50.822],[-0.8109,50.8243],[-0.8115,50.826],[-0.8108,50.8266],[-0.8101,50.8265],[-0.8107,50.8261],[-0.81,50.8264],[-0.8098,50.8271],[-0.8096,50.8281],[-0.8103,50.8283],[-0.8108,50.8297],[-0.8077,50.8305],[-0.8089,50.8306],[-0.8106,50.832],[-0.8114,50.8305],[-0.8107,50.8321],[-0.8107,50.8333],[-0.8109,50.8332],[-0.8108,50.8323],[-0.8113,50.8325],[-0.8113,50.8321],[-0.8119,50.8329],[-0.8115,50.8336],[-0.8121,50.8334],[-0.8122,50.8336],[-0.812,50.8339],[-0.8127,50.8336],[-0.8127,50.833],[-0.8138,50.8339],[-0.8129,50.833],[-0.8128,50.8325],[-0.8132,50.8324],[-0.8127,50.8324],[-0.8125,50.8321],[-0.8167,50.8298],[-0.8171,50.8296],[-0.8177,50.8286],[-0.8177,50.8286],[-0.8184,50.8284],[-0.8197,50.8289],[-0.8224,50.8288],[-0.8247,50.8291],[-0.8296,50.829],[-0.831,50.8287],[-0.8318,50.8291],[-0.8309,50.8305],[-0.8312,50.8333],[-0.8411,50.8332],[-0.8399,50.8308],[-0.8384,50.8314],[-0.837,50.8313],[-0.8362,50.8304],[-0.8356,50.8271],[-0.8401,50.8234],[-0.8439,50.8258],[-0.8481,50.8256],[-0.8485,50.8283],[-0.8494,50.8287],[-0.8491,50.8293],[-0.8486,50.8294],[-0.8479,50.8291],[-0.8479,50.8297],[-0.8486,50.8297],[-0.8487,50.8301],[-0.8498,50.8302],[-0.8512,50.8307],[-0.8508,50.8314],[-0.8499,50.8313],[-0.85,50.8328],[-0.8482,50.833],[-0.8467,50.8338],[-0.8467,50.8342],[-0.8476,50.8343],[-0.8478,50.8338],[-0.8486,50.8338],[-0.8495,50.8341],[-0.8493,50.8347],[-0.8484,50.8346],[-0.8494,50.8362],[-0.8491,50.8369],[-0.8476,50.8377],[-0.8488,50.841],[-0.8481,50.8418],[-0.8485,50.8418],[-0.849,50.8424],[-0.8487,50.8428],[-0.8462,50.8463],[-0.8439,50.8473],[-0.8397,50.8483],[-0.8369,50.85],[-0.8268,50.8481],[-0.827,50.8471],[-0.8177,50.8463],[-0.8121,50.8449],[-0.811,50.8445],[-0.8095,50.8479],[-0.8099,50.848],[-0.8094,50.85],[-0.8064,50.8535]]]]}},{"type":"Feature","properties":{"FID":6324,"MSOA21CD":"E02006572","MSOA21NM":"Chichester 012","MSOA21NMW":" ","BNG_E":488836,"BNG_N":102935,"LAT":50.8192,"LONG":-0.7402,"Shape__Area":34683178.6283,"Shape__Length":40967.26,"GlobalID":"5a51a9b3-bd83-4d2d-b7d7-51504ed6836b","msoa21hclnm":"Tangmere, Mundham & Hunston","localauthorityname":"Chichester","type":"Present in 2011","Life_expectancy_at_birth_male":80.6208,"Life_expectancy_at_birth_female":85.0118,"Healthy_life_expectancy_male":66.5,"Healthy_life_expectancy_female":69.1,"Area_Name":"Tangmere, Mundham & Hunston","Life_expectancy_at_birth_male_compared_to_england":"Similar","Life_expectancy_at_birth_female_compared_to_england":"Better","Healthy_life_expectancy_male_compared_to_england":"Better","Healthy_life_expectancy_female_compared_to_england":"Better"},"geometry":{"type":"MultiPolygon","coordinates":[[[[-0.7607,50.7702],[-0.7618,50.7702],[-0.7625,50.7708],[-0.762,50.7705],[-0.7607,50.7702]]],[[[-0.7624,50.7716],[-0.762,50.7716],[-0.7625,50.7716],[-0.7628,50.7715],[-0.7632,50.771],[-0.7633,50.7713],[-0.7628,50.7717],[-0.7624,50.7716]]],[[[-0.7649,50.7714],[-0.7649,50.7714],[-0.7644,50.7718],[-0.7642,50.7716],[-0.7649,50.7714]]],[[[-0.762,50.7727],[-0.7623,50.7722],[-0.762,50.7718],[-0.7627,50.7725],[-0.7627,50.7725],[-0.7626,50.7726],[-0.7628,50.7726],[-0.7628,50.7727],[-0.762,50.7727]]],[[[-0.6861,50.8547],[-0.6894,50.852],[-0.6907,50.8496],[-0.692,50.8497],[-0.6909,50.8492],[-0.6906,50.8474],[-0.691,50.8463],[-0.6937,50.8465],[-0.6939,50.8459],[-0.6942,50.8448],[-0.6923,50.844],[-0.6927,50.8431],[-0.693,50.8372],[-0.6925,50.8354],[-0.6902,50.8329],[-0.6893,50.8308],[-0.688,50.8287],[-0.6877,50.8256],[-0.6862,50.8228],[-0.6866,50.8211],[-0.6867,50.8195],[-0.689,50.8169],[-0.6899,50.8128],[-0.7008,50.8134],[-0.7016,50.8129],[-0.7056,50.8117],[-0.7062,50.8118],[-0.7061,50.8116],[-0.7073,50.8109],[-0.708,50.8098],[-0.7099,50.8082],[-0.7111,50.808],[-0.7134,50.8088],[-0.7133,50.8083],[-0.7186,50.8073],[-0.7184,50.8064],[-0.719,50.8053],[-0.7194,50.8052],[-0.7223,50.8073],[-0.7239,50.8079],[-0.73,50.8092],[-0.7321,50.8089],[-0.7347,50.8094],[-0.7358,50.8079],[-0.7355,50.807],[-0.7361,50.807],[-0.7362,50.8065],[-0.7355,50.8057],[-0.7353,50.8042],[-0.7339,50.8031],[-0.734,50.8022],[-0.7361,50.7987],[-0.7367,50.7982],[-0.7393,50.7976],[-0.7394,50.7971],[-0.7383,50.797],[-0.7389,50.7961],[-0.7387,50.7958],[-0.738,50.7957],[-0.7374,50.7962],[-0.7361,50.7956],[-0.7351,50.7947],[-0.7347,50.7938],[-0.7354,50.7933],[-0.7364,50.7939],[-0.7379,50.7937],[-0.7389,50.793],[-0.7385,50.792],[-0.7399,50.7919],[-0.7405,50.7915],[-0.7419,50.7916],[-0.742,50.7913],[-0.7427,50.7913],[-0.7427,50.7916],[-0.7439,50.7913],[-0.7452,50.7915],[-0.7493,50.7906],[-0.7551,50.7907],[-0.755,50.7863],[-0.7539,50.7852],[-0.7528,50.785],[-0.7516,50.7853],[-0.751,50.7851],[-0.7517,50.7833],[-0.7501,50.7826],[-0.7496,50.782],[-0.75,50.7814],[-0.7511,50.7814],[-0.756,50.7838],[-0.7568,50.7824],[-0.7575,50.7822],[-0.7577,50.7812],[-0.7583,50.7807],[-0.7598,50.7805],[-0.7588,50.7792],[-0.759,50.7769],[-0.7596,50.7769],[-0.7613,50.7778],[-0.7636,50.7777],[-0.7632,50.7762],[-0.7641,50.776],[-0.7645,50.7754],[-0.7648,50.7736],[-0.7644,50.7731],[-0.7634,50.7731],[-0.7631,50.7729],[-0.7648,50.7724],[-0.7669,50.7728],[-0.7675,50.7719],[-0.7675,50.7719],[-0.7682,50.7722],[-0.7703,50.7724],[-0.7708,50.7736],[-0.7702,50.7743],[-0.7705,50.7761],[-0.7696,50.7766],[-0.7676,50.7767],[-0.7673,50.777],[-0.767,50.7785],[-0.766,50.7791],[-0.7661,50.7806],[-0.7674,50.7814],[-0.7689,50.7815],[-0.7686,50.7824],[-0.7693,50.7833],[-0.7702,50.7836],[-0.7715,50.7834],[-0.7722,50.7841],[-0.7718,50.7848],[-0.7703,50.7853],[-0.7696,50.7859],[-0.7678,50.7854],[-0.7667,50.7859],[-0.7658,50.7868],[-0.7651,50.7893],[-0.7673,50.7908],[-0.7686,50.7899],[-0.7716,50.79],[-0.7724,50.7921],[-0.7717,50.7939],[-0.7725,50.7941],[-0.7725,50.7938],[-0.7731,50.7937],[-0.7731,50.7932],[-0.7748,50.793],[-0.7752,50.7936],[-0.7768,50.7931],[-0.7802,50.7932],[-0.783,50.7924],[-0.7857,50.7922],[-0.7879,50.793],[-0.7874,50.794],[-0.788,50.794],[-0.7878,50.795],[-0.7894,50.796],[-0.7915,50.7947],[-0.7948,50.796],[-0.7942,50.7969],[-0.7873,50.802],[-0.7913,50.803],[-0.7888,50.8041],[-0.7879,50.8056],[-0.7864,50.8066],[-0.7861,50.808],[-0.7867,50.808],[-0.7868,50.8086],[-0.7849,50.8105],[-0.7833,50.8109],[-0.7817,50.8113],[-0.7803,50.8121],[-0.7763,50.8127],[-0.7741,50.8134],[-0.7772,50.8189],[-0.781,50.8226],[-0.7819,50.8234],[-0.7822,50.8246],[-0.7813,50.8267],[-0.7814,50.8267],[-0.781,50.8291],[-0.7822,50.8289],[-0.7827,50.8293],[-0.7814,50.83],[-0.7828,50.8303],[-0.7827,50.8305],[-0.7844,50.8309],[-0.7843,50.8311],[-0.7823,50.8309],[-0.7809,50.8304],[-0.78,50.8315],[-0.7792,50.8316],[-0.7791,50.8319],[-0.7776,50.8319],[-0.774,50.832],[-0.7728,50.832],[-0.773,50.8313],[-0.7704,50.8312],[-0.7702,50.832],[-0.7697,50.832],[-0.7681,50.8313],[-0.767,50.8303],[-0.7666,50.8307],[-0.767,50.8312],[-0.7668,50.8318],[-0.7679,50.8319],[-0.7689,50.8327],[-0.7696,50.8328],[-0.7694,50.8331],[-0.7686,50.8331],[-0.7687,50.8337],[-0.768,50.8338],[-0.7671,50.8337],[-0.7665,50.8339],[-0.7661,50.8336],[-0.7666,50.8329],[-0.7658,50.8326],[-0.7655,50.8333],[-0.765,50.8332],[-0.7646,50.8337],[-0.7641,50.8334],[-0.7643,50.8332],[-0.7627,50.8331],[-0.7619,50.8336],[-0.7602,50.8329],[-0.7583,50.8322],[-0.758,50.832],[-0.7549,50.8301],[-0.7539,50.834],[-0.7548,50.8374],[-0.7549,50.8377],[-0.7549,50.8428],[-0.754,50.8419],[-0.7497,50.8434],[-0.7411,50.8459],[-0.7391,50.8471],[-0.7332,50.8507],[-0.7335,50.8516],[-0.7348,50.8521],[-0.7282,50.8536],[-0.7222,50.8545],[-0.7189,50.8549],[-0.7166,50.8551],[-0.7165,50.8548],[-0.7124,50.8552],[-0.7037,50.8555],[-0.6984,50.8554],[-0.6861,50.8547]]]]}},{"type":"Feature","properties":{"FID":6325,"MSOA21CD":"E02006573","MSOA21NM":"Chichester 013","MSOA21NMW":" ","BNG_E":481978,"BNG_N":97757,"LAT":50.7736,"LONG":-0.8387,"Shape__Area":44735424.7711,"Shape__Length":75874.263,"GlobalID":"04e203d4-7598-4e12-a774-c6cccdbf3b57","msoa21hclnm":"Wittering & Birdham","localauthorityname":"Chichester","type":"Present in 2011","Life_expectancy_at_birth_male":78.8697,"Life_expectancy_at_birth_female":85.2791,"Healthy_life_expectancy_male":67.5,"Healthy_life_expectancy_female":72,"Area_Name":"Wittering & Birdham","Life_expectancy_at_birth_male_compared_to_england":"Similar","Life_expectancy_at_birth_female_compared_to_england":"Better","Healthy_life_expectancy_male_compared_to_england":"Better","Healthy_life_expectancy_female_compared_to_england":"Better"},"geometry":{"type":"MultiPolygon","coordinates":[[[[-0.8165,50.7393],[-0.8159,50.7386],[-0.8162,50.7381],[-0.8163,50.7382],[-0.8174,50.7384],[-0.8176,50.7379],[-0.8179,50.7385],[-0.8187,50.7388],[-0.8179,50.7387],[-0.8177,50.7395],[-0.8177,50.7395],[-0.8189,50.7403],[-0.8194,50.7406],[-0.8165,50.7393]]],[[[-0.8203,50.7465],[-0.8211,50.7465],[-0.822,50.7483],[-0.8231,50.7495],[-0.8226,50.7499],[-0.8221,50.75],[-0.8221,50.75],[-0.822,50.75],[-0.8212,50.7494],[-0.821,50.7493],[-0.8208,50.7492],[-0.8205,50.7484],[-0.8205,50.7484],[-0.82,50.7474],[-0.8201,50.7472],[-0.8201,50.7472],[-0.8203,50.7465]]],[[[-0.8232,50.7506],[-0.8223,50.7501],[-0.8224,50.7502],[-0.8225,50.7502],[-0.8228,50.7503],[-0.823,50.7499],[-0.8235,50.7499],[-0.8242,50.7505],[-0.8236,50.7507],[-0.8241,50.7509],[-0.8241,50.7509],[-0.8243,50.751],[-0.8238,50.7508],[-0.8238,50.7508],[-0.8232,50.7506],[-0.8232,50.7506]]],[[[-0.8268,50.7505],[-0.8277,50.75],[-0.8266,50.7501],[-0.8268,50.7499],[-0.8282,50.75],[-0.8265,50.7511],[-0.8249,50.7511],[-0.8249,50.7511],[-0.8246,50.7511],[-0.8248,50.7511],[-0.8248,50.7511],[-0.8254,50.751],[-0.8253,50.7507],[-0.8268,50.7505]]],[[[-0.7803,50.7636],[-0.7806,50.7633],[-0.7806,50.7632],[-0.7808,50.7633],[-0.7812,50.7629],[-0.7813,50.7634],[-0.7818,50.7631],[-0.7821,50.7634],[-0.7806,50.7636],[-0.7803,50.7636]]],[[[-0.7612,50.7698],[-0.7616,50.7694],[-0.7625,50.7697],[-0.7612,50.7698]]],[[[-0.7637,50.77],[-0.7631,50.7691],[-0.7625,50.7692],[-0.762,50.7693],[-0.7614,50.7695],[-0.761,50.7698],[-0.7607,50.7696],[-0.7621,50.7692],[-0.7631,50.769],[-0.7637,50.77]]],[[[-0.7633,50.7707],[-0.7632,50.7702],[-0.7634,50.7707],[-0.7633,50.7707]]],[[[-0.7649,50.7709],[-0.7646,50.7708],[-0.7652,50.7708],[-0.7653,50.7704],[-0.7653,50.7708],[-0.7649,50.7709]]],[[[-0.7642,50.7711],[-0.7652,50.7709],[-0.7646,50.7713],[-0.7644,50.7712],[-0.7642,50.7711]]],[[[-0.7636,50.7709],[-0.7642,50.7704],[-0.7644,50.7706],[-0.7639,50.7709],[-0.7643,50.7708],[-0.7641,50.7711],[-0.7642,50.7712],[-0.7646,50.7713],[-0.7638,50.7713],[-0.7636,50.7709]]],[[[-0.7649,50.7714],[-0.765,50.7714],[-0.7649,50.7714],[-0.7649,50.7714]]],[[[-0.7637,50.7721],[-0.7636,50.7719],[-0.7634,50.772],[-0.7634,50.772],[-0.7634,50.772],[-0.7637,50.7717],[-0.7637,50.7714],[-0.7639,50.7715],[-0.7637,50.7721]]],[[[-0.7631,50.7719],[-0.7636,50.7714],[-0.7632,50.7718],[-0.7634,50.7717],[-0.7633,50.7719],[-0.7633,50.772],[-0.7633,50.772],[-0.7633,50.772],[-0.7634,50.7721],[-0.7636,50.7721],[-0.7635,50.7722],[-0.7632,50.772],[-0.7631,50.7719]]],[[[-0.8692,50.8084],[-0.8692,50.8074],[-0.8685,50.8083],[-0.8671,50.8073],[-0.866,50.8073],[-0.866,50.8073],[-0.8653,50.8063],[-0.8648,50.8065],[-0.864,50.8062],[-0.8647,50.8057],[-0.8641,50.8054],[-0.8618,50.8045],[-0.8618,50.8041],[-0.8608,50.8038],[-0.8605,50.8029],[-0.8577,50.8029],[-0.8574,50.8027],[-0.8571,50.8029],[-0.8564,50.8028],[-0.8569,50.8033],[-0.8563,50.8028],[-0.8557,50.803],[-0.8545,50.8028],[-0.8539,50.8026],[-0.8506,50.8015],[-0.8493,50.801],[-0.8495,50.8008],[-0.8449,50.8001],[-0.8445,50.7998],[-0.8449,50.7995],[-0.8446,50.7993],[-0.8444,50.7997],[-0.8409,50.8004],[-0.8388,50.8013],[-0.8363,50.804],[-0.8351,50.8047],[-0.8335,50.8049],[-0.8327,50.8048],[-0.8315,50.8045],[-0.8299,50.8033],[-0.8302,50.8039],[-0.8278,50.8039],[-0.8283,50.8041],[-0.828,50.8045],[-0.8255,50.8044],[-0.8252,50.8048],[-0.8251,50.8049],[-0.8241,50.8045],[-0.8197,50.8037],[-0.8172,50.804],[-0.8138,50.8036],[-0.8113,50.8039],[-0.8085,50.8033],[-0.8066,50.8043],[-0.8062,50.8041],[-0.804,50.8049],[-0.8041,50.8036],[-0.8029,50.8029],[-0.8042,50.801],[-0.8054,50.8009],[-0.8071,50.8013],[-0.8096,50.8008],[-0.8112,50.7984],[-0.8112,50.7961],[-0.8105,50.7949],[-0.811,50.7944],[-0.8123,50.794],[-0.8141,50.794],[-0.8152,50.7932],[-0.8147,50.7927],[-0.8051,50.7924],[-0.8003,50.7936],[-0.7972,50.795],[-0.7951,50.7962],[-0.7948,50.7971],[-0.7942,50.7969],[-0.7948,50.796],[-0.7915,50.7947],[-0.7894,50.796],[-0.7878,50.795],[-0.788,50.794],[-0.7874,50.794],[-0.7879,50.793],[-0.7857,50.7922],[-0.783,50.7924],[-0.7802,50.7932],[-0.7768,50.7931],[-0.7752,50.7936],[-0.7748,50.793],[-0.7731,50.7932],[-0.7731,50.7937],[-0.7725,50.7938],[-0.7725,50.7941],[-0.7717,50.7939],[-0.7724,50.7921],[-0.7716,50.79],[-0.7686,50.7899],[-0.7673,50.7908],[-0.7651,50.7893],[-0.7658,50.7868],[-0.7667,50.7859],[-0.7678,50.7854],[-0.7696,50.7859],[-0.7703,50.7853],[-0.7718,50.7848],[-0.7722,50.7841],[-0.7715,50.7834],[-0.7702,50.7836],[-0.7693,50.7833],[-0.7686,50.7824],[-0.7689,50.7815],[-0.7674,50.7814],[-0.7661,50.7806],[-0.766,50.7791],[-0.767,50.7785],[-0.7673,50.777],[-0.7676,50.7767],[-0.7696,50.7766],[-0.7705,50.7761],[-0.7702,50.7743],[-0.7708,50.7736],[-0.7703,50.7724],[-0.7682,50.7722],[-0.7675,50.7719],[-0.7675,50.7719],[-0.7674,50.7714],[-0.7658,50.7705],[-0.7679,50.7704],[-0.7658,50.7705],[-0.7669,50.7702],[-0.7659,50.7701],[-0.7655,50.7697],[-0.7657,50.7705],[-0.7654,50.7702],[-0.7643,50.7703],[-0.7655,50.7701],[-0.7645,50.7702],[-0.7645,50.7699],[-0.7641,50.7701],[-0.7646,50.769],[-0.7652,50.7691],[-0.7647,50.7689],[-0.7652,50.7681],[-0.7649,50.7679],[-0.7659,50.7681],[-0.7653,50.7679],[-0.765,50.7679],[-0.7645,50.768],[-0.7632,50.7689],[-0.763,50.7686],[-0.7638,50.7682],[-0.7629,50.7687],[-0.7624,50.7686],[-0.7624,50.7682],[-0.7632,50.7681],[-0.7635,50.7677],[-0.7665,50.7673],[-0.7673,50.7677],[-0.766,50.7679],[-0.7674,50.7677],[-0.7675,50.7682],[-0.7675,50.7678],[-0.768,50.7677],[-0.7678,50.7681],[-0.7683,50.7677],[-0.7678,50.7684],[-0.7687,50.7677],[-0.7684,50.7681],[-0.7687,50.768],[-0.7688,50.7683],[-0.7684,50.7684],[-0.7687,50.7685],[-0.7684,50.7685],[-0.7699,50.7687],[-0.7699,50.769],[-0.7705,50.7686],[-0.77,50.7686],[-0.7703,50.7684],[-0.77,50.7682],[-0.7706,50.7684],[-0.7701,50.7681],[-0.7704,50.768],[-0.77,50.7679],[-0.7704,50.7678],[-0.7701,50.7677],[-0.771,50.7676],[-0.7709,50.768],[-0.771,50.7677],[-0.7716,50.7678],[-0.7709,50.7683],[-0.7714,50.7685],[-0.771,50.7689],[-0.7734,50.7684],[-0.7734,50.7682],[-0.7735,50.7684],[-0.7735,50.7681],[-0.774,50.7683],[-0.7743,50.7681],[-0.7746,50.7684],[-0.7749,50.7679],[-0.7745,50.768],[-0.7735,50.7679],[-0.7733,50.7676],[-0.7741,50.7676],[-0.7745,50.7679],[-0.7743,50.7676],[-0.7749,50.7675],[-0.7757,50.7685],[-0.7763,50.7683],[-0.7756,50.7683],[-0.7751,50.7675],[-0.776,50.7675],[-0.7766,50.7678],[-0.7762,50.7675],[-0.776,50.7674],[-0.7753,50.7674],[-0.7734,50.7674],[-0.7762,50.7673],[-0.7767,50.7669],[-0.7769,50.7672],[-0.7765,50.7672],[-0.7775,50.7682],[-0.7799,50.7689],[-0.7812,50.7686],[-0.7815,50.7682],[-0.7807,50.7674],[-0.7793,50.7674],[-0.7804,50.7677],[-0.78,50.7679],[-0.7778,50.7674],[-0.7781,50.7672],[-0.7784,50.7673],[-0.7785,50.7674],[-0.7788,50.7672],[-0.7789,50.7675],[-0.779,50.7671],[-0.7794,50.7671],[-0.7786,50.7669],[-0.7785,50.7673],[-0.7784,50.7673],[-0.7784,50.7667],[-0.7803,50.7672],[-0.7792,50.7669],[-0.7793,50.7664],[-0.7787,50.7664],[-0.7785,50.7667],[-0.7782,50.7665],[-0.7777,50.7674],[-0.7772,50.767],[-0.7774,50.7669],[-0.777,50.7669],[-0.7755,50.766],[-0.7769,50.7667],[-0.7779,50.7661],[-0.7804,50.7654],[-0.7837,50.7621],[-0.7838,50.7614],[-0.7843,50.7613],[-0.7838,50.7612],[-0.7843,50.7612],[-0.784,50.761],[-0.7847,50.7611],[-0.7845,50.7604],[-0.7849,50.7607],[-0.7857,50.7601],[-0.7867,50.7602],[-0.7868,50.7599],[-0.7873,50.7599],[-0.7897,50.7601],[-0.7901,50.7595],[-0.7921,50.7589],[-0.7939,50.7591],[-0.7945,50.7583],[-0.7945,50.7573],[-0.7932,50.7552],[-0.7942,50.7538],[-0.7937,50.7524],[-0.794,50.7511],[-0.7949,50.7502],[-0.7951,50.7494],[-0.7962,50.7489],[-0.7962,50.7481],[-0.7967,50.7479],[-0.7984,50.7476],[-0.7999,50.7479],[-0.8009,50.7462],[-0.8019,50.7464],[-0.8032,50.7451],[-0.8041,50.7455],[-0.8044,50.7454],[-0.8052,50.745],[-0.806,50.7438],[-0.8063,50.7425],[-0.8057,50.7415],[-0.8063,50.7404],[-0.8073,50.74],[-0.8098,50.7396],[-0.8099,50.7392],[-0.8105,50.739],[-0.813,50.739],[-0.8151,50.7395],[-0.816,50.7402],[-0.8178,50.7407],[-0.8194,50.7406],[-0.8194,50.7406],[-0.819,50.7411],[-0.8192,50.7415],[-0.8217,50.7427],[-0.8214,50.7432],[-0.8214,50.7428],[-0.8207,50.7428],[-0.8207,50.7425],[-0.8194,50.7421],[-0.8186,50.7413],[-0.8168,50.7415],[-0.8147,50.7403],[-0.8115,50.7401],[-0.8075,50.741],[-0.8071,50.7414],[-0.8078,50.7445],[-0.8067,50.7464],[-0.807,50.7473],[-0.808,50.7476],[-0.8089,50.7474],[-0.8083,50.7471],[-0.8089,50.7466],[-0.81,50.7462],[-0.8091,50.7456],[-0.8084,50.7458],[-0.8075,50.7455],[-0.8082,50.7442],[-0.8091,50.7434],[-0.8096,50.7433],[-0.8092,50.743],[-0.81,50.7432],[-0.8108,50.7429],[-0.8112,50.7432],[-0.8125,50.7432],[-0.8128,50.7419],[-0.813,50.7429],[-0.8166,50.7441],[-0.8155,50.7436],[-0.813,50.7428],[-0.813,50.7422],[-0.8133,50.7421],[-0.8135,50.7427],[-0.8147,50.7429],[-0.8151,50.7434],[-0.8155,50.7435],[-0.8159,50.7436],[-0.8169,50.7438],[-0.8165,50.7435],[-0.8171,50.7436],[-0.8171,50.7429],[-0.8176,50.7431],[-0.8167,50.7442],[-0.8175,50.7436],[-0.8173,50.7441],[-0.8186,50.7448],[-0.8194,50.7469],[-0.8192,50.7478],[-0.8197,50.7489],[-0.8193,50.7494],[-0.8188,50.7493],[-0.8187,50.7496],[-0.8199,50.7492],[-0.8236,50.7514],[-0.8236,50.7519],[-0.8232,50.7518],[-0.8231,50.7519],[-0.8217,50.7527],[-0.8232,50.7519],[-0.8239,50.7522],[-0.8223,50.753],[-0.8222,50.7534],[-0.8212,50.7535],[-0.8212,50.7539],[-0.823,50.7537],[-0.8213,50.7539],[-0.8202,50.7546],[-0.8197,50.7544],[-0.8199,50.7548],[-0.8192,50.7552],[-0.8198,50.7569],[-0.8192,50.7572],[-0.8178,50.7571],[-0.8175,50.7576],[-0.8189,50.7573],[-0.817,50.7579],[-0.8167,50.7577],[-0.8168,50.7584],[-0.8186,50.7576],[-0.8199,50.7578],[-0.8205,50.7575],[-0.8211,50.7576],[-0.8211,50.7582],[-0.8215,50.7582],[-0.8214,50.7588],[-0.822,50.7596],[-0.8231,50.7596],[-0.824,50.7601],[-0.8244,50.7612],[-0.8243,50.7614],[-0.8243,50.7614],[-0.8242,50.7617],[-0.8242,50.7617],[-0.8237,50.7635],[-0.8237,50.7639],[-0.8238,50.7639],[-0.8238,50.7639],[-0.8238,50.7638],[-0.8238,50.7638],[-0.8238,50.7638],[-0.8239,50.7637],[-0.824,50.7639],[-0.8241,50.7641],[-0.824,50.7636],[-0.8251,50.7619],[-0.8248,50.7613],[-0.8248,50.761],[-0.8248,50.761],[-0.8249,50.7607],[-0.8249,50.7607],[-0.825,50.7596],[-0.8275,50.7608],[-0.8282,50.7608],[-0.8274,50.7607],[-0.8268,50.7598],[-0.8262,50.7599],[-0.8244,50.7592],[-0.8245,50.7589],[-0.8255,50.7587],[-0.8254,50.7583],[-0.824,50.7576],[-0.8232,50.7575],[-0.8236,50.7573],[-0.823,50.7574],[-0.8215,50.7562],[-0.8223,50.7549],[-0.8211,50.7545],[-0.8223,50.7549],[-0.8227,50.7544],[-0.8235,50.7541],[-0.8248,50.7542],[-0.8265,50.7547],[-0.8272,50.7545],[-0.8266,50.7548],[-0.8275,50.7559],[-0.8272,50.7541],[-0.8251,50.7538],[-0.8251,50.7538],[-0.8261,50.7539],[-0.8253,50.7537],[-0.8255,50.7535],[-0.8256,50.7534],[-0.8258,50.7532],[-0.8262,50.7527],[-0.8258,50.7517],[-0.8271,50.7512],[-0.8259,50.7513],[-0.825,50.7518],[-0.8251,50.7522],[-0.8259,50.7525],[-0.8259,50.7529],[-0.8258,50.7532],[-0.8255,50.7534],[-0.825,50.7537],[-0.8255,50.7534],[-0.8257,50.7532],[-0.8259,50.7525],[-0.8251,50.7523],[-0.8251,50.7523],[-0.825,50.7523],[-0.825,50.7522],[-0.825,50.7522],[-0.8249,50.7515],[-0.8249,50.7515],[-0.8249,50.7514],[-0.8249,50.7514],[-0.8251,50.7514],[-0.8252,50.7513],[-0.8251,50.7515],[-0.8251,50.7515],[-0.8252,50.7515],[-0.8254,50.7514],[-0.8255,50.7514],[-0.8257,50.7513],[-0.8264,50.7512],[-0.8271,50.7509],[-0.828,50.7518],[-0.8275,50.7513],[-0.83,50.7504],[-0.8276,50.7512],[-0.8272,50.7509],[-0.8282,50.7501],[-0.8291,50.7504],[-0.8314,50.7504],[-0.8301,50.7504],[-0.8317,50.7505],[-0.8325,50.7509],[-0.8324,50.7518],[-0.8315,50.7517],[-0.8322,50.7519],[-0.8315,50.7519],[-0.8321,50.752],[-0.8323,50.7523],[-0.8328,50.7514],[-0.8334,50.7516],[-0.8338,50.7513],[-0.8336,50.7508],[-0.8331,50.7506],[-0.834,50.7507],[-0.8329,50.7506],[-0.8329,50.7502],[-0.8343,50.7504],[-0.8342,50.7506],[-0.8346,50.7504],[-0.8334,50.7501],[-0.8337,50.7497],[-0.8333,50.7501],[-0.8308,50.7496],[-0.8285,50.75],[-0.8283,50.7498],[-0.8293,50.7495],[-0.826,50.7501],[-0.8251,50.7499],[-0.826,50.7499],[-0.8256,50.7498],[-0.8255,50.7496],[-0.8259,50.7498],[-0.8257,50.7493],[-0.8261,50.7493],[-0.8254,50.7492],[-0.8252,50.7495],[-0.8249,50.7492],[-0.825,50.7496],[-0.8237,50.7488],[-0.8236,50.7484],[-0.8242,50.7486],[-0.8244,50.7485],[-0.8238,50.7483],[-0.8246,50.7483],[-0.8234,50.7483],[-0.8247,50.7477],[-0.8242,50.7479],[-0.8242,50.7475],[-0.8241,50.7477],[-0.8238,50.7475],[-0.8241,50.7471],[-0.8236,50.7475],[-0.8233,50.7473],[-0.8241,50.7467],[-0.8236,50.7469],[-0.8233,50.7472],[-0.823,50.7478],[-0.8232,50.7471],[-0.8235,50.7469],[-0.8237,50.7467],[-0.8234,50.7468],[-0.8229,50.7473],[-0.8226,50.7472],[-0.8229,50.7466],[-0.8223,50.7474],[-0.8228,50.7466],[-0.8218,50.7467],[-0.8219,50.7463],[-0.8214,50.7464],[-0.8219,50.7461],[-0.8233,50.7465],[-0.8252,50.7459],[-0.8257,50.7458],[-0.8241,50.7463],[-0.826,50.7458],[-0.8267,50.7459],[-0.826,50.7453],[-0.8239,50.7458],[-0.8257,50.7452],[-0.8234,50.7447],[-0.8233,50.7442],[-0.8227,50.7447],[-0.8232,50.7447],[-0.8232,50.7453],[-0.8227,50.745],[-0.8222,50.7455],[-0.8226,50.7443],[-0.8224,50.7446],[-0.8224,50.7446],[-0.8219,50.7453],[-0.8219,50.7443],[-0.8226,50.7441],[-0.8226,50.7441],[-0.8227,50.744],[-0.8235,50.7438],[-0.8414,50.7528],[-0.8446,50.7541],[-0.8538,50.7579],[-0.8605,50.7606],[-0.8639,50.7621],[-0.8642,50.7621],[-0.867,50.763],[-0.868,50.7633],[-0.8759,50.7657],[-0.8861,50.7687],[-0.8898,50.7696],[-0.8984,50.7717],[-0.9068,50.7743],[-0.9117,50.7771],[-0.9157,50.7799],[-0.9167,50.781],[-0.9158,50.7819],[-0.916,50.7862],[-0.916,50.7873],[-0.9155,50.7889],[-0.9143,50.7894],[-0.9141,50.7891],[-0.9125,50.7898],[-0.9117,50.7892],[-0.9124,50.7892],[-0.9125,50.789],[-0.911,50.7887],[-0.908,50.787],[-0.9085,50.7866],[-0.9093,50.7867],[-0.9088,50.7864],[-0.9097,50.7864],[-0.9095,50.7868],[-0.9102,50.7865],[-0.9105,50.7856],[-0.9118,50.7849],[-0.9122,50.7849],[-0.9125,50.7849],[-0.9141,50.7837],[-0.915,50.7816],[-0.9148,50.7811],[-0.9153,50.7807],[-0.9125,50.7809],[-0.9091,50.782],[-0.9067,50.7821],[-0.9069,50.7816],[-0.9052,50.7821],[-0.9049,50.7825],[-0.9041,50.7836],[-0.9043,50.7859],[-0.9035,50.787],[-0.9014,50.7899],[-0.8991,50.79],[-0.8979,50.7908],[-0.8972,50.7911],[-0.8968,50.7908],[-0.8977,50.7907],[-0.8973,50.7903],[-0.898,50.7906],[-0.8988,50.7899],[-0.8997,50.7899],[-0.8992,50.7897],[-0.8999,50.7898],[-0.8993,50.7896],[-0.8995,50.7891],[-0.9,50.7895],[-0.9009,50.7889],[-0.9008,50.7892],[-0.9014,50.7891],[-0.9009,50.7889],[-0.9008,50.7889],[-0.8998,50.7893],[-0.8996,50.7891],[-0.8992,50.789],[-0.8991,50.7896],[-0.8986,50.7891],[-0.8987,50.7893],[-0.898,50.7892],[-0.8945,50.7902],[-0.8947,50.7907],[-0.8935,50.7915],[-0.8929,50.7928],[-0.8926,50.7933],[-0.8924,50.7943],[-0.8917,50.798],[-0.8908,50.7998],[-0.8886,50.8013],[-0.889,50.8023],[-0.8879,50.8019],[-0.8876,50.8028],[-0.8851,50.8037],[-0.884,50.8037],[-0.8839,50.8035],[-0.8845,50.8035],[-0.8854,50.8033],[-0.8856,50.8029],[-0.8863,50.8029],[-0.8861,50.8026],[-0.8868,50.8023],[-0.8868,50.8019],[-0.8868,50.8018],[-0.8866,50.8019],[-0.8871,50.8014],[-0.8864,50.8019],[-0.8864,50.8021],[-0.8858,50.8021],[-0.8861,50.8022],[-0.8865,50.8022],[-0.8866,50.802],[-0.8867,50.802],[-0.8866,50.8023],[-0.886,50.8026],[-0.8853,50.8025],[-0.8854,50.8029],[-0.8846,50.8029],[-0.8851,50.8026],[-0.8845,50.8029],[-0.8847,50.8031],[-0.8839,50.8032],[-0.8815,50.8059],[-0.8779,50.8077],[-0.8735,50.8077],[-0.8706,50.8083],[-0.8695,50.8081],[-0.8692,50.8084]]]]}},{"type":"Feature","properties":{"FID":6326,"MSOA21CD":"E02006574","MSOA21NM":"Chichester 014","MSOA21NMW":" ","BNG_E":485834,"BNG_N":94275,"LAT":50.7417,"LONG":-0.7849,"Shape__Area":9963280.4433,"Shape__Length":24098.186,"GlobalID":"4d6b66af-ba37-4cf6-a11b-87060523d58b","msoa21hclnm":"Selsey","localauthorityname":"Chichester","type":"Present in 2011","Life_expectancy_at_birth_male":77.8132,"Life_expectancy_at_birth_female":81.969,"Healthy_life_expectancy_male":64.5,"Healthy_life_expectancy_female":66.8,"Area_Name":"Selsey","Life_expectancy_at_birth_male_compared_to_england":"Similar","Life_expectancy_at_birth_female_compared_to_england":"Similar","Healthy_life_expectancy_male_compared_to_england":"Similar","Healthy_life_expectancy_female_compared_to_england":"Similar"},"geometry":{"type":"MultiPolygon","coordinates":[[[[-0.7589,50.7565],[-0.7593,50.7561],[-0.7598,50.7562],[-0.7592,50.7569],[-0.7589,50.7565]]],[[[-0.7526,50.758],[-0.7526,50.758],[-0.7539,50.7588],[-0.7526,50.758]]],[[[-0.7585,50.76],[-0.7586,50.7597],[-0.7582,50.7598],[-0.7584,50.7595],[-0.7573,50.7587],[-0.757,50.7589],[-0.7554,50.7584],[-0.7552,50.758],[-0.7561,50.7578],[-0.7561,50.758],[-0.7568,50.7579],[-0.7579,50.7584],[-0.7584,50.758],[-0.7594,50.7581],[-0.7589,50.7591],[-0.76,50.759],[-0.761,50.7595],[-0.7599,50.7597],[-0.7602,50.7593],[-0.7596,50.7593],[-0.7597,50.7597],[-0.7585,50.76]]],[[[-0.7539,50.7599],[-0.7543,50.7589],[-0.7547,50.7592],[-0.7543,50.7601],[-0.7531,50.7605],[-0.7531,50.7605],[-0.7539,50.7599]]],[[[-0.7504,50.7626],[-0.7504,50.7626],[-0.7504,50.7626],[-0.7504,50.7626]]],[[[-0.7527,50.7628],[-0.7522,50.7621],[-0.7522,50.7624],[-0.7514,50.7624],[-0.7518,50.762],[-0.7513,50.7622],[-0.7513,50.7619],[-0.7518,50.7616],[-0.7517,50.7617],[-0.7524,50.7614],[-0.7519,50.7619],[-0.7525,50.7615],[-0.7527,50.7618],[-0.7528,50.7616],[-0.7533,50.7616],[-0.7544,50.7619],[-0.7547,50.7627],[-0.7543,50.7632],[-0.7527,50.7628]]],[[[-0.7757,50.7635],[-0.7763,50.7631],[-0.7768,50.7634],[-0.7769,50.7631],[-0.7774,50.7632],[-0.7769,50.763],[-0.7777,50.7631],[-0.7777,50.7628],[-0.7779,50.7632],[-0.7784,50.7632],[-0.778,50.763],[-0.7782,50.7628],[-0.7787,50.7632],[-0.7786,50.763],[-0.7792,50.763],[-0.7801,50.7633],[-0.7803,50.763],[-0.7806,50.7632],[-0.7806,50.7633],[-0.7803,50.7636],[-0.7757,50.7635]]],[[[-0.7728,50.7637],[-0.7718,50.7635],[-0.7716,50.7633],[-0.7721,50.7632],[-0.7727,50.7635],[-0.7726,50.7632],[-0.7732,50.7629],[-0.7729,50.7634],[-0.7734,50.7634],[-0.7733,50.7631],[-0.7737,50.763],[-0.7738,50.7634],[-0.7742,50.7634],[-0.7745,50.763],[-0.7744,50.7632],[-0.7748,50.7631],[-0.7745,50.763],[-0.7757,50.7627],[-0.7751,50.7628],[-0.7755,50.7625],[-0.7763,50.7626],[-0.7767,50.7616],[-0.7762,50.7625],[-0.7754,50.7625],[-0.7758,50.7615],[-0.7751,50.7614],[-0.7753,50.7622],[-0.7747,50.7624],[-0.7748,50.7621],[-0.7741,50.7624],[-0.7745,50.7621],[-0.7742,50.7623],[-0.7743,50.7619],[-0.7739,50.7623],[-0.774,50.7613],[-0.7735,50.7622],[-0.7735,50.762],[-0.772,50.7617],[-0.7728,50.761],[-0.7714,50.761],[-0.7706,50.7605],[-0.7691,50.7604],[-0.767,50.7593],[-0.7642,50.7554],[-0.7634,50.7547],[-0.7623,50.7546],[-0.7622,50.7538],[-0.7631,50.754],[-0.7632,50.7544],[-0.7635,50.7538],[-0.7632,50.7531],[-0.7624,50.7528],[-0.7627,50.7528],[-0.7625,50.7522],[-0.7618,50.7512],[-0.7598,50.7532],[-0.7616,50.754],[-0.7607,50.7539],[-0.7597,50.7534],[-0.7583,50.7535],[-0.7553,50.7556],[-0.7543,50.7571],[-0.7511,50.7573],[-0.7511,50.7573],[-0.75,50.7567],[-0.75,50.7567],[-0.7562,50.7534],[-0.7601,50.7504],[-0.7624,50.7479],[-0.7624,50.7478],[-0.7628,50.7434],[-0.7659,50.7408],[-0.7669,50.7392],[-0.7679,50.7383],[-0.7696,50.737],[-0.7702,50.7361],[-0.7719,50.7341],[-0.7739,50.7322],[-0.7757,50.7305],[-0.7797,50.7278],[-0.7797,50.7278],[-0.7807,50.7272],[-0.7833,50.7256],[-0.7853,50.7234],[-0.7855,50.7232],[-0.7854,50.7227],[-0.7864,50.7224],[-0.789,50.7224],[-0.7891,50.7224],[-0.7936,50.7234],[-0.7943,50.7237],[-0.7998,50.7265],[-0.8006,50.7271],[-0.8045,50.7303],[-0.8047,50.7307],[-0.8048,50.731],[-0.8078,50.7329],[-0.8092,50.7333],[-0.8097,50.7331],[-0.8094,50.7328],[-0.8101,50.7333],[-0.8111,50.7334],[-0.8103,50.7336],[-0.8108,50.7345],[-0.8162,50.7381],[-0.8159,50.7386],[-0.8165,50.7393],[-0.8194,50.7406],[-0.8194,50.7406],[-0.8178,50.7407],[-0.816,50.7402],[-0.8151,50.7395],[-0.813,50.739],[-0.8105,50.739],[-0.8099,50.7392],[-0.8098,50.7396],[-0.8073,50.74],[-0.8063,50.7404],[-0.8057,50.7415],[-0.8063,50.7425],[-0.806,50.7438],[-0.8052,50.745],[-0.8044,50.7454],[-0.8041,50.7455],[-0.8032,50.7451],[-0.8019,50.7464],[-0.8009,50.7462],[-0.7999,50.7479],[-0.7984,50.7476],[-0.7967,50.7479],[-0.7962,50.7481],[-0.7962,50.7489],[-0.7951,50.7494],[-0.7949,50.7502],[-0.794,50.7511],[-0.7937,50.7524],[-0.7942,50.7538],[-0.7932,50.7552],[-0.7945,50.7573],[-0.7945,50.7583],[-0.7939,50.7591],[-0.7921,50.7589],[-0.7901,50.7595],[-0.7897,50.7601],[-0.7873,50.7599],[-0.7868,50.7599],[-0.7868,50.7599],[-0.7839,50.7602],[-0.7793,50.7621],[-0.7769,50.7627],[-0.7769,50.7621],[-0.7772,50.7625],[-0.7791,50.762],[-0.7782,50.7622],[-0.7784,50.762],[-0.7773,50.7618],[-0.777,50.762],[-0.777,50.7617],[-0.7768,50.762],[-0.7767,50.7626],[-0.7747,50.7634],[-0.7728,50.7637]]]]}},{"type":"Feature","properties":{"FID":6327,"MSOA21CD":"E02006575","MSOA21NM":"Crawley 001","MSOA21NMW":" ","BNG_E":525161,"BNG_N":139935,"LAT":51.145,"LONG":-0.2121,"Shape__Area":11663095.8745,"Shape__Length":23028.2239,"GlobalID":"e8737845-9a70-45e5-a2c3-c3747e07e782","msoa21hclnm":"Langley Green & Gatwick Airport","localauthorityname":"Crawley","type":"Present in 2011","Life_expectancy_at_birth_male":80.2875,"Life_expectancy_at_birth_female":81.7216,"Healthy_life_expectancy_male":63.6,"Healthy_life_expectancy_female":63.2,"Area_Name":"Langley Green & Gatwick Airport","Life_expectancy_at_birth_male_compared_to_england":"Similar","Life_expectancy_at_birth_female_compared_to_england":"Similar","Healthy_life_expectancy_male_compared_to_england":"Worse","Healthy_life_expectancy_female_compared_to_england":"Worse"},"geometry":{"type":"MultiPolygon","coordinates":[[[[-0.1668,51.1615],[-0.1642,51.1605],[-0.1609,51.1598],[-0.1609,51.1492],[-0.1609,51.149],[-0.1619,51.149],[-0.1631,51.1473],[-0.1657,51.1462],[-0.18,51.1446],[-0.1829,51.144],[-0.1838,51.1431],[-0.1847,51.141],[-0.1859,51.1369],[-0.186,51.1345],[-0.1861,51.1308],[-0.1866,51.1289],[-0.1868,51.1282],[-0.1872,51.1268],[-0.1877,51.1255],[-0.1884,51.1253],[-0.1885,51.1249],[-0.1923,51.1241],[-0.1973,51.1225],[-0.1986,51.1221],[-0.199,51.122],[-0.2001,51.1228],[-0.2026,51.1246],[-0.2029,51.1248],[-0.2045,51.1258],[-0.2053,51.1264],[-0.2069,51.1276],[-0.2073,51.128],[-0.2077,51.1279],[-0.2082,51.1281],[-0.2081,51.1277],[-0.2092,51.1273],[-0.2099,51.1279],[-0.2111,51.1273],[-0.2115,51.1276],[-0.2119,51.128],[-0.2113,51.1283],[-0.2114,51.1286],[-0.2116,51.1303],[-0.2117,51.1313],[-0.2108,51.1324],[-0.2109,51.133],[-0.2101,51.1332],[-0.2097,51.1337],[-0.2076,51.1341],[-0.2071,51.135],[-0.2064,51.135],[-0.2064,51.1355],[-0.2053,51.1353],[-0.2044,51.1358],[-0.2034,51.1362],[-0.2033,51.1372],[-0.2027,51.1373],[-0.2017,51.1384],[-0.2,51.1387],[-0.2003,51.1391],[-0.203,51.1396],[-0.2064,51.1408],[-0.2143,51.1414],[-0.2168,51.142],[-0.2193,51.1419],[-0.2263,51.1425],[-0.2375,51.1424],[-0.2408,51.1431],[-0.249,51.1418],[-0.2521,51.1398],[-0.2546,51.1391],[-0.2555,51.1405],[-0.2552,51.1441],[-0.2528,51.1444],[-0.2533,51.144],[-0.2515,51.1436],[-0.2512,51.144],[-0.2501,51.1443],[-0.2485,51.1441],[-0.2466,51.1459],[-0.2442,51.1444],[-0.2433,51.1449],[-0.2433,51.1456],[-0.2423,51.1462],[-0.242,51.146],[-0.2387,51.1468],[-0.2361,51.1467],[-0.2363,51.1459],[-0.2354,51.1459],[-0.2301,51.146],[-0.229,51.1457],[-0.2279,51.1468],[-0.2266,51.1482],[-0.2229,51.1481],[-0.2193,51.1492],[-0.217,51.1494],[-0.2159,51.1482],[-0.2142,51.1485],[-0.2143,51.1503],[-0.2116,51.1504],[-0.2112,51.1525],[-0.2121,51.1555],[-0.2065,51.1552],[-0.2041,51.1557],[-0.1962,51.1622],[-0.1949,51.1624],[-0.1905,51.162],[-0.1889,51.1624],[-0.1869,51.1617],[-0.1863,51.1621],[-0.1865,51.1639],[-0.1853,51.1648],[-0.1823,51.166],[-0.1785,51.1672],[-0.1776,51.1673],[-0.1767,51.1668],[-0.1751,51.166],[-0.1707,51.1635],[-0.1668,51.1615]]]]}},{"type":"Feature","properties":{"FID":6328,"MSOA21CD":"E02006576","MSOA21NM":"Crawley 002","MSOA21NMW":" ","BNG_E":529677,"BNG_N":139335,"LAT":51.1386,"LONG":-0.1478,"Shape__Area":7006036.8505,"Shape__Length":13849.8509,"GlobalID":"2283f7ef-8179-47b9-b96a-34ccf233901c","msoa21hclnm":"Pound Hill","localauthorityname":"Crawley","type":"Present in 2011","Life_expectancy_at_birth_male":81.9565,"Life_expectancy_at_birth_female":86.2287,"Healthy_life_expectancy_male":70.6,"Healthy_life_expectancy_female":71.2,"Area_Name":"Pound Hill","Life_expectancy_at_birth_male_compared_to_england":"Better","Life_expectancy_at_birth_female_compared_to_england":"Better","Healthy_life_expectancy_male_compared_to_england":"Better","Healthy_life_expectancy_female_compared_to_england":"Better"},"geometry":{"type":"MultiPolygon","coordinates":[[[[-0.136,51.1597],[-0.1331,51.1592],[-0.133,51.1589],[-0.1342,51.1577],[-0.135,51.156],[-0.1367,51.1446],[-0.1372,51.1432],[-0.1376,51.1422],[-0.1399,51.1361],[-0.14,51.1342],[-0.1395,51.1326],[-0.1395,51.1324],[-0.1406,51.1309],[-0.1412,51.1291],[-0.1414,51.126],[-0.1411,51.1254],[-0.1403,51.123],[-0.1387,51.1205],[-0.1391,51.1204],[-0.1394,51.1199],[-0.1411,51.1192],[-0.142,51.1193],[-0.1423,51.1185],[-0.143,51.1187],[-0.1433,51.1192],[-0.1439,51.1191],[-0.1429,51.1184],[-0.1421,51.1182],[-0.142,51.1174],[-0.1418,51.1161],[-0.1454,51.1162],[-0.1456,51.1157],[-0.1473,51.116],[-0.1471,51.1166],[-0.1477,51.1167],[-0.1528,51.1182],[-0.1538,51.1183],[-0.1536,51.1187],[-0.1543,51.1194],[-0.1553,51.1196],[-0.1561,51.12],[-0.1553,51.1206],[-0.1525,51.1221],[-0.1525,51.1224],[-0.1538,51.1224],[-0.1544,51.1244],[-0.155,51.1243],[-0.1556,51.1244],[-0.1554,51.1252],[-0.1564,51.126],[-0.1557,51.1263],[-0.1557,51.1269],[-0.1547,51.127],[-0.1548,51.1284],[-0.1558,51.1282],[-0.1591,51.1286],[-0.1609,51.1287],[-0.1609,51.1299],[-0.1609,51.1357],[-0.1609,51.1403],[-0.1609,51.149],[-0.1609,51.1492],[-0.1609,51.1598],[-0.1608,51.1598],[-0.1564,51.1596],[-0.1545,51.16],[-0.1531,51.1598],[-0.1511,51.16],[-0.1433,51.1602],[-0.1405,51.16],[-0.136,51.1597]]]]}},{"type":"Feature","properties":{"FID":6329,"MSOA21CD":"E02006577","MSOA21NM":"Crawley 003","MSOA21NMW":" ","BNG_E":525474,"BNG_N":137479,"LAT":51.1229,"LONG":-0.2084,"Shape__Area":1960508.4317,"Shape__Length":9941.6195,"GlobalID":"a541410a-3fed-4720-92f3-6234d9dd12b8","msoa21hclnm":"Ewhurst & West Green","localauthorityname":"Crawley","type":"Present in 2011","Life_expectancy_at_birth_male":78.3464,"Life_expectancy_at_birth_female":84.5239,"Healthy_life_expectancy_male":63.8,"Healthy_life_expectancy_female":65.4,"Area_Name":"Ewhurst & West Green","Life_expectancy_at_birth_male_compared_to_england":"Similar","Life_expectancy_at_birth_female_compared_to_england":"Similar","Healthy_life_expectancy_male_compared_to_england":"Similar","Healthy_life_expectancy_female_compared_to_england":"Similar"},"geometry":{"type":"MultiPolygon","coordinates":[[[[-0.2116,51.1303],[-0.2114,51.1286],[-0.2113,51.1283],[-0.2119,51.128],[-0.2115,51.1276],[-0.2111,51.1273],[-0.2099,51.1279],[-0.2092,51.1273],[-0.2081,51.1277],[-0.2082,51.1281],[-0.2077,51.1279],[-0.2073,51.128],[-0.2069,51.1276],[-0.2053,51.1264],[-0.2045,51.1258],[-0.2029,51.1248],[-0.2026,51.1246],[-0.2001,51.1228],[-0.199,51.122],[-0.1986,51.1221],[-0.1973,51.1225],[-0.1923,51.1241],[-0.1885,51.1249],[-0.1879,51.1246],[-0.188,51.1238],[-0.1884,51.1218],[-0.1885,51.1208],[-0.1883,51.1198],[-0.189,51.119],[-0.1889,51.1185],[-0.19,51.116],[-0.1918,51.116],[-0.1927,51.1165],[-0.1923,51.1169],[-0.1928,51.1172],[-0.1919,51.1182],[-0.1922,51.1183],[-0.1935,51.1171],[-0.1936,51.1176],[-0.1925,51.1187],[-0.1932,51.119],[-0.194,51.1187],[-0.1945,51.1177],[-0.1953,51.1173],[-0.1964,51.1175],[-0.1981,51.1184],[-0.1984,51.1179],[-0.1976,51.1175],[-0.1981,51.1168],[-0.1995,51.1167],[-0.2004,51.1163],[-0.1993,51.1154],[-0.1988,51.1153],[-0.1989,51.1146],[-0.1992,51.1143],[-0.1998,51.1144],[-0.1998,51.1147],[-0.2007,51.1148],[-0.201,51.1156],[-0.2021,51.1157],[-0.2028,51.1155],[-0.2036,51.1145],[-0.2038,51.1146],[-0.2073,51.1151],[-0.2076,51.1151],[-0.2083,51.1152],[-0.2086,51.1172],[-0.2082,51.1184],[-0.2089,51.1187],[-0.2113,51.1182],[-0.2124,51.1187],[-0.2128,51.1173],[-0.2133,51.1173],[-0.2134,51.1178],[-0.2155,51.1177],[-0.2161,51.1189],[-0.2163,51.1194],[-0.2168,51.1194],[-0.2165,51.1211],[-0.2172,51.1217],[-0.217,51.1226],[-0.2165,51.1228],[-0.217,51.123],[-0.2167,51.1233],[-0.2149,51.1242],[-0.2154,51.1246],[-0.2141,51.1252],[-0.2157,51.1256],[-0.2159,51.1272],[-0.2191,51.1279],[-0.2194,51.1282],[-0.2192,51.1289],[-0.2171,51.1288],[-0.2163,51.1294],[-0.2148,51.1295],[-0.2138,51.1299],[-0.2132,51.1309],[-0.2117,51.1313],[-0.2116,51.1303]]]]}},{"type":"Feature","properties":{"FID":6330,"MSOA21CD":"E02006578","MSOA21NM":"Crawley 004","MSOA21NMW":" ","BNG_E":527762,"BNG_N":138181,"LAT":51.1287,"LONG":-0.1755,"Shape__Area":5384475.2222,"Shape__Length":13263.7969,"GlobalID":"b04cb51c-dced-4741-8e41-f42d91e4a088","msoa21hclnm":"Manor Royal & Northgate","localauthorityname":"Crawley","type":"Present in 2011","Life_expectancy_at_birth_male":79.5091,"Life_expectancy_at_birth_female":84.0989,"Healthy_life_expectancy_male":64.9,"Healthy_life_expectancy_female":65.9,"Area_Name":"Manor Royal & Northgate","Life_expectancy_at_birth_male_compared_to_england":"Similar","Life_expectancy_at_birth_female_compared_to_england":"Similar","Healthy_life_expectancy_male_compared_to_england":"Similar","Healthy_life_expectancy_female_compared_to_england":"Similar"},"geometry":{"type":"MultiPolygon","coordinates":[[[[-0.1695,51.1243],[-0.1697,51.1239],[-0.1691,51.1239],[-0.1691,51.1223],[-0.169,51.122],[-0.168,51.122],[-0.1681,51.1212],[-0.1686,51.1211],[-0.1688,51.1208],[-0.1695,51.1219],[-0.1712,51.1218],[-0.1719,51.1208],[-0.1714,51.1207],[-0.1715,51.1203],[-0.1702,51.1203],[-0.1699,51.1198],[-0.172,51.1194],[-0.1696,51.1191],[-0.1685,51.1193],[-0.1678,51.1192],[-0.1676,51.1186],[-0.1682,51.1187],[-0.1688,51.1182],[-0.1677,51.118],[-0.1682,51.1172],[-0.1675,51.1172],[-0.1671,51.1167],[-0.1671,51.1167],[-0.1669,51.1168],[-0.1663,51.1168],[-0.1663,51.1157],[-0.1646,51.1163],[-0.1643,51.1167],[-0.1617,51.1163],[-0.1616,51.1149],[-0.1639,51.1132],[-0.1673,51.1127],[-0.168,51.1127],[-0.1696,51.1126],[-0.172,51.1124],[-0.1748,51.1123],[-0.1775,51.1121],[-0.1792,51.112],[-0.1828,51.1119],[-0.185,51.1119],[-0.1867,51.112],[-0.1906,51.1126],[-0.1904,51.1145],[-0.19,51.116],[-0.1889,51.1185],[-0.189,51.119],[-0.1883,51.1198],[-0.1885,51.1208],[-0.1884,51.1218],[-0.188,51.1238],[-0.1879,51.1246],[-0.1885,51.1249],[-0.1884,51.1253],[-0.1877,51.1255],[-0.1872,51.1268],[-0.1868,51.1282],[-0.1866,51.1289],[-0.1861,51.1308],[-0.186,51.1345],[-0.1859,51.1369],[-0.1847,51.141],[-0.1838,51.1431],[-0.1829,51.144],[-0.18,51.1446],[-0.1657,51.1462],[-0.1631,51.1473],[-0.1619,51.149],[-0.1609,51.149],[-0.1609,51.1403],[-0.1643,51.1388],[-0.1653,51.1361],[-0.1666,51.1348],[-0.1691,51.1313],[-0.1703,51.1303],[-0.1701,51.1295],[-0.1698,51.1285],[-0.1695,51.1273],[-0.17,51.1264],[-0.1696,51.1261],[-0.1703,51.1246],[-0.1695,51.1243]]]]}},{"type":"Feature","properties":{"FID":6331,"MSOA21CD":"E02006579","MSOA21NM":"Crawley 005","MSOA21NMW":" ","BNG_E":528914,"BNG_N":137398,"LAT":51.1214,"LONG":-0.1594,"Shape__Area":2376058.2129,"Shape__Length":10539.4261,"GlobalID":"b2798ade-2b60-4065-b18a-e3a8fbf8351a","msoa21hclnm":"Three Bridges","localauthorityname":"Crawley","type":"Present in 2011","Life_expectancy_at_birth_male":80.7411,"Life_expectancy_at_birth_female":84.9606,"Healthy_life_expectancy_male":66.8,"Healthy_life_expectancy_female":67.1,"Area_Name":"Three Bridges","Life_expectancy_at_birth_male_compared_to_england":"Similar","Life_expectancy_at_birth_female_compared_to_england":"Similar","Healthy_life_expectancy_male_compared_to_england":"Better","Healthy_life_expectancy_female_compared_to_england":"Similar"},"geometry":{"type":"MultiPolygon","coordinates":[[[[-0.1591,51.1286],[-0.1558,51.1282],[-0.1548,51.1284],[-0.1547,51.127],[-0.1557,51.1269],[-0.1557,51.1263],[-0.1564,51.126],[-0.1554,51.1252],[-0.1556,51.1244],[-0.155,51.1243],[-0.1544,51.1244],[-0.1538,51.1224],[-0.1525,51.1224],[-0.1525,51.1221],[-0.1553,51.1206],[-0.1561,51.12],[-0.1553,51.1196],[-0.1543,51.1194],[-0.1536,51.1187],[-0.1538,51.1183],[-0.1528,51.1182],[-0.1477,51.1167],[-0.1473,51.1155],[-0.1481,51.1155],[-0.1472,51.1151],[-0.147,51.1146],[-0.148,51.1142],[-0.1472,51.114],[-0.1477,51.1136],[-0.1476,51.1133],[-0.1501,51.1125],[-0.152,51.112],[-0.1538,51.112],[-0.1553,51.1121],[-0.1572,51.1126],[-0.1593,51.1139],[-0.1602,51.1151],[-0.1607,51.1151],[-0.1608,51.1163],[-0.1616,51.1149],[-0.1617,51.1163],[-0.1643,51.1167],[-0.1646,51.1163],[-0.1663,51.1157],[-0.1663,51.1168],[-0.1669,51.1168],[-0.1671,51.1167],[-0.1671,51.1167],[-0.1675,51.1172],[-0.1682,51.1172],[-0.1677,51.118],[-0.1688,51.1182],[-0.1682,51.1187],[-0.1676,51.1186],[-0.1678,51.1192],[-0.1685,51.1193],[-0.1696,51.1191],[-0.172,51.1194],[-0.1699,51.1198],[-0.1702,51.1203],[-0.1715,51.1203],[-0.1714,51.1207],[-0.1719,51.1208],[-0.1712,51.1218],[-0.1695,51.1219],[-0.1688,51.1208],[-0.1686,51.1211],[-0.1681,51.1212],[-0.168,51.122],[-0.169,51.122],[-0.1691,51.1223],[-0.1691,51.1239],[-0.1697,51.1239],[-0.1695,51.1243],[-0.1703,51.1246],[-0.1696,51.1261],[-0.17,51.1264],[-0.1695,51.1273],[-0.1698,51.1285],[-0.1701,51.1295],[-0.1703,51.1303],[-0.1691,51.1313],[-0.1666,51.1348],[-0.1653,51.1361],[-0.1643,51.1388],[-0.1609,51.1403],[-0.1609,51.1357],[-0.1609,51.1299],[-0.1609,51.1287],[-0.1591,51.1286]]]]}},{"type":"Feature","properties":{"FID":6332,"MSOA21CD":"E02006580","MSOA21NM":"Crawley 006","MSOA21NMW":" ","BNG_E":524698,"BNG_N":136813,"LAT":51.117,"LONG":-0.2198,"Shape__Area":2111403.8024,"Shape__Length":10160.2105,"GlobalID":"9c082e30-74b8-4fe3-8eb2-55d7adccf99c","msoa21hclnm":"Ifield & Gossops Green","localauthorityname":"Crawley","type":"Present in 2011","Life_expectancy_at_birth_male":80.5638,"Life_expectancy_at_birth_female":81.9303,"Healthy_life_expectancy_male":66.2,"Healthy_life_expectancy_female":65.7,"Area_Name":"Ifield & Gossops Green","Life_expectancy_at_birth_male_compared_to_england":"Similar","Life_expectancy_at_birth_female_compared_to_england":"Similar","Healthy_life_expectancy_male_compared_to_england":"Similar","Healthy_life_expectancy_female_compared_to_england":"Similar"},"geometry":{"type":"MultiPolygon","coordinates":[[[[-0.2165,51.1211],[-0.2168,51.1194],[-0.2163,51.1194],[-0.2161,51.1189],[-0.2155,51.1177],[-0.2134,51.1178],[-0.2133,51.1173],[-0.2128,51.1173],[-0.2124,51.1187],[-0.2113,51.1182],[-0.2089,51.1187],[-0.2082,51.1184],[-0.2086,51.1172],[-0.2083,51.1152],[-0.2077,51.1123],[-0.2069,51.1106],[-0.2043,51.1069],[-0.2042,51.1067],[-0.2056,51.1059],[-0.2072,51.1036],[-0.2074,51.1032],[-0.2096,51.1042],[-0.2121,51.1042],[-0.2139,51.1047],[-0.2146,51.1068],[-0.2174,51.1072],[-0.2181,51.1072],[-0.2198,51.1074],[-0.2212,51.1077],[-0.2227,51.1088],[-0.2228,51.1096],[-0.2232,51.1102],[-0.2223,51.1123],[-0.2227,51.1125],[-0.2257,51.1109],[-0.2268,51.1115],[-0.2279,51.1118],[-0.2291,51.111],[-0.2302,51.1109],[-0.2306,51.1116],[-0.2312,51.1115],[-0.2313,51.112],[-0.2318,51.1121],[-0.2323,51.1115],[-0.2329,51.1116],[-0.2329,51.1113],[-0.2341,51.1112],[-0.234,51.1108],[-0.2349,51.1109],[-0.236,51.1111],[-0.2358,51.1119],[-0.2352,51.1119],[-0.235,51.1125],[-0.234,51.1131],[-0.2318,51.1127],[-0.2296,51.113],[-0.228,51.1133],[-0.2269,51.1133],[-0.2268,51.1137],[-0.2263,51.1154],[-0.2254,51.1154],[-0.2238,51.1152],[-0.2231,51.1152],[-0.2228,51.1149],[-0.2224,51.1165],[-0.2221,51.1193],[-0.2221,51.1194],[-0.2213,51.1199],[-0.2211,51.1205],[-0.2216,51.1226],[-0.222,51.1242],[-0.2216,51.1253],[-0.22,51.1267],[-0.2194,51.1267],[-0.2195,51.1277],[-0.2191,51.1279],[-0.2159,51.1272],[-0.2157,51.1256],[-0.2141,51.1252],[-0.2154,51.1246],[-0.2149,51.1242],[-0.2167,51.1233],[-0.217,51.123],[-0.2165,51.1228],[-0.217,51.1226],[-0.2172,51.1217],[-0.2165,51.1211]]]]}},{"type":"Feature","properties":{"FID":6333,"MSOA21CD":"E02006581","MSOA21NM":"Crawley 007","MSOA21NMW":" ","BNG_E":526425,"BNG_N":136037,"LAT":51.1097,"LONG":-0.1954,"Shape__Area":1869593.0117,"Shape__Length":8192.0986,"GlobalID":"e18d673f-dad0-4ec0-8e6d-ca2adb7820c0","msoa21hclnm":"Southgate","localauthorityname":"Crawley","type":"Present in 2011","Life_expectancy_at_birth_male":78.1039,"Life_expectancy_at_birth_female":83.2601,"Healthy_life_expectancy_male":64.9,"Healthy_life_expectancy_female":65.9,"Area_Name":"Southgate","Life_expectancy_at_birth_male_compared_to_england":"Similar","Life_expectancy_at_birth_female_compared_to_england":"Similar","Healthy_life_expectancy_male_compared_to_england":"Similar","Healthy_life_expectancy_female_compared_to_england":"Similar"},"geometry":{"type":"MultiPolygon","coordinates":[[[[-0.1936,51.1176],[-0.1935,51.1171],[-0.1922,51.1183],[-0.1919,51.1182],[-0.1928,51.1172],[-0.1923,51.1169],[-0.1927,51.1165],[-0.1918,51.116],[-0.19,51.116],[-0.1904,51.1145],[-0.1906,51.1126],[-0.1867,51.112],[-0.185,51.1119],[-0.1828,51.1119],[-0.1823,51.1081],[-0.1839,51.1079],[-0.1837,51.1083],[-0.1854,51.1082],[-0.1856,51.1087],[-0.1863,51.1087],[-0.1863,51.1084],[-0.1872,51.1088],[-0.187,51.1085],[-0.1873,51.1067],[-0.1881,51.1074],[-0.1902,51.107],[-0.1904,51.1069],[-0.1899,51.106],[-0.1909,51.106],[-0.1909,51.1048],[-0.1917,51.1042],[-0.1908,51.1034],[-0.1899,51.103],[-0.1903,51.1027],[-0.19,51.1024],[-0.1944,51.1009],[-0.1948,51.1013],[-0.1964,51.1023],[-0.1989,51.1033],[-0.2009,51.104],[-0.2028,51.1051],[-0.2042,51.1067],[-0.2043,51.1069],[-0.2069,51.1106],[-0.2077,51.1123],[-0.2083,51.1152],[-0.2076,51.1151],[-0.2073,51.1151],[-0.2038,51.1146],[-0.2036,51.1145],[-0.2028,51.1155],[-0.2021,51.1157],[-0.201,51.1156],[-0.2007,51.1148],[-0.1998,51.1147],[-0.1998,51.1144],[-0.1992,51.1143],[-0.1989,51.1146],[-0.1988,51.1153],[-0.1993,51.1154],[-0.2004,51.1163],[-0.1995,51.1167],[-0.1981,51.1168],[-0.1976,51.1175],[-0.1984,51.1179],[-0.1981,51.1184],[-0.1964,51.1175],[-0.1953,51.1173],[-0.1945,51.1177],[-0.194,51.1187],[-0.1932,51.119],[-0.1925,51.1187],[-0.1936,51.1176]]]]}},{"type":"Feature","properties":{"FID":6334,"MSOA21CD":"E02006582","MSOA21NM":"Crawley 008","MSOA21NMW":" ","BNG_E":529673,"BNG_N":135752,"LAT":51.1064,"LONG":-0.1491,"Shape__Area":1959633.3697,"Shape__Length":10696.1799,"GlobalID":"09f34dff-d265-4176-8a91-72858de85607","msoa21hclnm":"Maidenbower East & Worth","localauthorityname":"Crawley","type":"Present in 2011","Life_expectancy_at_birth_male":85.4088,"Life_expectancy_at_birth_female":87.702,"Healthy_life_expectancy_male":71.8,"Healthy_life_expectancy_female":74.2,"Area_Name":"Maidenbower East & Worth","Life_expectancy_at_birth_male_compared_to_england":"Better","Life_expectancy_at_birth_female_compared_to_england":"Better","Healthy_life_expectancy_male_compared_to_england":"Better","Healthy_life_expectancy_female_compared_to_england":"Better"},"geometry":{"type":"MultiPolygon","coordinates":[[[[-0.1379,51.1206],[-0.1378,51.1191],[-0.1369,51.1171],[-0.1368,51.1162],[-0.137,51.1132],[-0.1374,51.1115],[-0.1395,51.1081],[-0.1452,51.1032],[-0.1452,51.1026],[-0.1464,51.1022],[-0.1472,51.1014],[-0.1506,51.0993],[-0.1511,51.0989],[-0.1522,51.0995],[-0.1538,51.0994],[-0.1543,51.0994],[-0.1553,51.0985],[-0.1563,51.0981],[-0.1565,51.0975],[-0.1572,51.0974],[-0.1569,51.097],[-0.1581,51.0967],[-0.1576,51.0971],[-0.1579,51.0974],[-0.1567,51.0983],[-0.1581,51.099],[-0.1576,51.0997],[-0.1571,51.0996],[-0.1571,51.1005],[-0.1576,51.1005],[-0.1572,51.1014],[-0.1577,51.1017],[-0.1577,51.1021],[-0.1559,51.1033],[-0.1549,51.103],[-0.1549,51.1026],[-0.1557,51.1024],[-0.1556,51.1017],[-0.155,51.1018],[-0.155,51.1023],[-0.1536,51.1025],[-0.1545,51.1035],[-0.1536,51.104],[-0.1534,51.1036],[-0.1525,51.1033],[-0.1534,51.1032],[-0.1535,51.1028],[-0.1514,51.1028],[-0.1524,51.1039],[-0.1523,51.1054],[-0.1533,51.1063],[-0.1542,51.1065],[-0.1559,51.1069],[-0.1573,51.1069],[-0.1573,51.1074],[-0.1577,51.1084],[-0.1592,51.1092],[-0.1586,51.1097],[-0.1587,51.1104],[-0.1592,51.1104],[-0.159,51.1102],[-0.1596,51.1097],[-0.1608,51.1097],[-0.1608,51.1119],[-0.1608,51.1125],[-0.1607,51.1151],[-0.1602,51.1151],[-0.1593,51.1139],[-0.1572,51.1126],[-0.1553,51.1121],[-0.1538,51.112],[-0.152,51.112],[-0.1501,51.1125],[-0.1476,51.1133],[-0.1477,51.1136],[-0.1472,51.114],[-0.148,51.1142],[-0.147,51.1146],[-0.1472,51.1151],[-0.1481,51.1155],[-0.1473,51.1155],[-0.1477,51.1167],[-0.1471,51.1166],[-0.1473,51.116],[-0.1456,51.1157],[-0.1454,51.1162],[-0.1418,51.1161],[-0.142,51.1174],[-0.1421,51.1182],[-0.1429,51.1184],[-0.1439,51.1191],[-0.1433,51.1192],[-0.143,51.1187],[-0.1423,51.1185],[-0.142,51.1193],[-0.1411,51.1192],[-0.1394,51.1199],[-0.1391,51.1204],[-0.1387,51.1205],[-0.1379,51.1206]]]]}},{"type":"Feature","properties":{"FID":6335,"MSOA21CD":"E02006583","MSOA21NM":"Crawley 009","MSOA21NMW":" ","BNG_E":528428,"BNG_N":135214,"LAT":51.1018,"LONG":-0.1671,"Shape__Area":3137916.1207,"Shape__Length":11525.1799,"GlobalID":"e68b4a81-4c63-48b6-b600-dc4ba9eb5998","msoa21hclnm":"Maidenbower West & Furnace Green","localauthorityname":"Crawley","type":"Present in 2011","Life_expectancy_at_birth_male":80.8012,"Life_expectancy_at_birth_female":86.1348,"Healthy_life_expectancy_male":67.1,"Healthy_life_expectancy_female":68,"Area_Name":"Maidenbower West & Furnace Green","Life_expectancy_at_birth_male_compared_to_england":"Similar","Life_expectancy_at_birth_female_compared_to_england":"Better","Healthy_life_expectancy_male_compared_to_england":"Better","Healthy_life_expectancy_female_compared_to_england":"Better"},"geometry":{"type":"MultiPolygon","coordinates":[[[[-0.1608,51.1097],[-0.1596,51.1097],[-0.159,51.1102],[-0.1592,51.1104],[-0.1587,51.1104],[-0.1586,51.1097],[-0.1592,51.1092],[-0.1577,51.1084],[-0.1573,51.1074],[-0.1573,51.1069],[-0.1559,51.1069],[-0.1542,51.1065],[-0.1533,51.1063],[-0.1523,51.1054],[-0.1524,51.1039],[-0.1514,51.1028],[-0.1535,51.1028],[-0.1534,51.1032],[-0.1525,51.1033],[-0.1534,51.1036],[-0.1536,51.104],[-0.1545,51.1035],[-0.1536,51.1025],[-0.155,51.1023],[-0.155,51.1018],[-0.1556,51.1017],[-0.1557,51.1024],[-0.1549,51.1026],[-0.1549,51.103],[-0.1559,51.1033],[-0.1577,51.1021],[-0.1577,51.1017],[-0.1572,51.1014],[-0.1576,51.1005],[-0.1571,51.1005],[-0.1571,51.0996],[-0.1576,51.0997],[-0.1581,51.099],[-0.1567,51.0983],[-0.1579,51.0974],[-0.1576,51.0971],[-0.1581,51.0967],[-0.1569,51.097],[-0.1572,51.0974],[-0.1565,51.0975],[-0.1563,51.0981],[-0.1553,51.0985],[-0.1543,51.0994],[-0.1538,51.0994],[-0.1522,51.0995],[-0.1511,51.0989],[-0.1536,51.0967],[-0.1569,51.0951],[-0.1608,51.0932],[-0.1613,51.0929],[-0.1621,51.0924],[-0.1645,51.092],[-0.1688,51.0905],[-0.1725,51.0899],[-0.1721,51.0928],[-0.1724,51.0981],[-0.1724,51.1005],[-0.1733,51.1016],[-0.1741,51.1025],[-0.1737,51.1055],[-0.1753,51.1052],[-0.176,51.105],[-0.1765,51.1056],[-0.1773,51.106],[-0.1772,51.1064],[-0.1781,51.1065],[-0.1785,51.1063],[-0.1794,51.1072],[-0.1823,51.1073],[-0.1823,51.1075],[-0.1823,51.1081],[-0.1828,51.1119],[-0.1792,51.112],[-0.1775,51.1121],[-0.1748,51.1123],[-0.172,51.1124],[-0.1696,51.1126],[-0.168,51.1127],[-0.1673,51.1127],[-0.1639,51.1132],[-0.1616,51.1149],[-0.1608,51.1163],[-0.1607,51.1151],[-0.1608,51.1125],[-0.1608,51.1119],[-0.1608,51.1097]]]]}},{"type":"Feature","properties":{"FID":6336,"MSOA21CD":"E02006584","MSOA21NM":"Crawley 010","MSOA21NMW":" ","BNG_E":524363,"BNG_N":135455,"LAT":51.1049,"LONG":-0.225,"Shape__Area":1328732.2788,"Shape__Length":6939.4458,"GlobalID":"35aee94b-2140-45d0-be06-14b967c6937b","msoa21hclnm":"Bewbush","localauthorityname":"Crawley","type":"Present in 2011","Life_expectancy_at_birth_male":77.1932,"Life_expectancy_at_birth_female":80.9958,"Healthy_life_expectancy_male":60.8,"Healthy_life_expectancy_female":61.5,"Area_Name":"Bewbush","Life_expectancy_at_birth_male_compared_to_england":"Similar","Life_expectancy_at_birth_female_compared_to_england":"Similar","Healthy_life_expectancy_male_compared_to_england":"Worse","Healthy_life_expectancy_female_compared_to_england":"Worse"},"geometry":{"type":"MultiPolygon","coordinates":[[[[-0.2223,51.1123],[-0.2232,51.1102],[-0.2228,51.1096],[-0.2227,51.1088],[-0.2212,51.1077],[-0.2198,51.1074],[-0.2201,51.1068],[-0.2194,51.1062],[-0.219,51.1055],[-0.2189,51.1051],[-0.2194,51.1051],[-0.2192,51.1043],[-0.2191,51.1041],[-0.2181,51.1042],[-0.2182,51.1034],[-0.2176,51.1028],[-0.2168,51.1029],[-0.2157,51.1028],[-0.2153,51.1021],[-0.2148,51.1029],[-0.2138,51.1027],[-0.2132,51.1025],[-0.2131,51.1019],[-0.2158,51.1015],[-0.2163,51.1022],[-0.2179,51.102],[-0.2176,51.1014],[-0.2169,51.1015],[-0.2164,51.1002],[-0.2194,51.0996],[-0.2209,51.0992],[-0.2237,51.0986],[-0.2308,51.0975],[-0.2325,51.0974],[-0.2313,51.099],[-0.2311,51.1001],[-0.2308,51.101],[-0.2308,51.103],[-0.2308,51.1031],[-0.2312,51.1034],[-0.2315,51.1039],[-0.2309,51.1047],[-0.231,51.105],[-0.2317,51.107],[-0.2324,51.1074],[-0.2314,51.1078],[-0.2317,51.1079],[-0.2343,51.1084],[-0.236,51.1087],[-0.2369,51.1094],[-0.2362,51.1098],[-0.2366,51.11],[-0.236,51.1111],[-0.2349,51.1109],[-0.234,51.1108],[-0.2341,51.1112],[-0.2329,51.1113],[-0.2329,51.1116],[-0.2323,51.1115],[-0.2318,51.1121],[-0.2313,51.112],[-0.2312,51.1115],[-0.2306,51.1116],[-0.2302,51.1109],[-0.2291,51.111],[-0.2279,51.1118],[-0.2268,51.1115],[-0.2257,51.1109],[-0.2227,51.1125],[-0.2223,51.1123]]]]}},{"type":"Feature","properties":{"FID":6337,"MSOA21CD":"E02006585","MSOA21NM":"Crawley 011","MSOA21NMW":" ","BNG_E":527202,"BNG_N":134783,"LAT":51.0983,"LONG":-0.1847,"Shape__Area":3096949.5819,"Shape__Length":8134.3941,"GlobalID":"68aeab2a-7cee-4286-a1cd-39828cd8d1e7","msoa21hclnm":"Tilgate","localauthorityname":"Crawley","type":"Present in 2011","Life_expectancy_at_birth_male":80.0163,"Life_expectancy_at_birth_female":83.8848,"Healthy_life_expectancy_male":65.4,"Healthy_life_expectancy_female":66.4,"Area_Name":"Tilgate","Life_expectancy_at_birth_male_compared_to_england":"Similar","Life_expectancy_at_birth_female_compared_to_england":"Similar","Healthy_life_expectancy_male_compared_to_england":"Similar","Healthy_life_expectancy_female_compared_to_england":"Similar"},"geometry":{"type":"MultiPolygon","coordinates":[[[[-0.1872,51.1088],[-0.1863,51.1084],[-0.1863,51.1087],[-0.1856,51.1087],[-0.1854,51.1082],[-0.1837,51.1083],[-0.1839,51.1079],[-0.1823,51.1081],[-0.1823,51.1075],[-0.1823,51.1073],[-0.1794,51.1072],[-0.1785,51.1063],[-0.1781,51.1065],[-0.1772,51.1064],[-0.1773,51.106],[-0.1765,51.1056],[-0.176,51.105],[-0.1753,51.1052],[-0.1737,51.1055],[-0.1741,51.1025],[-0.1733,51.1016],[-0.1724,51.1005],[-0.1724,51.0981],[-0.1721,51.0928],[-0.1725,51.0899],[-0.174,51.0893],[-0.191,51.0877],[-0.1956,51.0861],[-0.1961,51.0862],[-0.1974,51.0872],[-0.198,51.0873],[-0.1971,51.0897],[-0.1963,51.0917],[-0.1945,51.0952],[-0.1937,51.0967],[-0.1937,51.0967],[-0.1932,51.0988],[-0.1944,51.1009],[-0.19,51.1024],[-0.1903,51.1027],[-0.1899,51.103],[-0.1908,51.1034],[-0.1917,51.1042],[-0.1909,51.1048],[-0.1909,51.106],[-0.1899,51.106],[-0.1904,51.1069],[-0.1902,51.107],[-0.1881,51.1074],[-0.1873,51.1067],[-0.187,51.1085],[-0.1872,51.1088]]]]}},{"type":"Feature","properties":{"FID":6338,"MSOA21CD":"E02006586","MSOA21NM":"Crawley 012","MSOA21NMW":" ","BNG_E":525378,"BNG_N":134738,"LAT":51.0982,"LONG":-0.2108,"Shape__Area":1223692.027,"Shape__Length":7427.007,"GlobalID":"621170b1-2685-454a-b3c9-c133993e520d","msoa21hclnm":"Broadfield West","localauthorityname":"Crawley","type":"Present in 2011","Life_expectancy_at_birth_female":80.5696,"Healthy_life_expectancy_male":63.6,"Healthy_life_expectancy_female":63.5,"Area_Name":"Broadfield West","Life_expectancy_at_birth_male_compared_to_england":"Not compared","Life_expectancy_at_birth_female_compared_to_england":"Worse","Healthy_life_expectancy_male_compared_to_england":"Similar","Healthy_life_expectancy_female_compared_to_england":"Worse"},"geometry":{"type":"MultiPolygon","coordinates":[[[[-0.2096,51.1042],[-0.2074,51.1032],[-0.2072,51.1036],[-0.2056,51.1059],[-0.2042,51.1067],[-0.2028,51.1051],[-0.2009,51.104],[-0.2038,51.1029],[-0.2042,51.1024],[-0.2036,51.1021],[-0.2039,51.1018],[-0.2042,51.1014],[-0.205,51.1014],[-0.2058,51.1009],[-0.2062,51.1003],[-0.2057,51.1001],[-0.2059,51.0999],[-0.2073,51.0998],[-0.2073,51.0998],[-0.2062,51.0991],[-0.2072,51.0973],[-0.2071,51.097],[-0.2078,51.0958],[-0.2092,51.0954],[-0.2098,51.0949],[-0.2098,51.0936],[-0.2099,51.0932],[-0.2099,51.0926],[-0.2118,51.0919],[-0.212,51.092],[-0.2149,51.0913],[-0.2144,51.0928],[-0.2177,51.0919],[-0.219,51.0974],[-0.2194,51.0975],[-0.2198,51.0977],[-0.2194,51.0996],[-0.2164,51.1002],[-0.2169,51.1015],[-0.2176,51.1014],[-0.2179,51.102],[-0.2163,51.1022],[-0.2158,51.1015],[-0.2131,51.1019],[-0.2132,51.1025],[-0.2138,51.1027],[-0.2148,51.1029],[-0.2153,51.1021],[-0.2157,51.1028],[-0.2168,51.1029],[-0.2176,51.1028],[-0.2182,51.1034],[-0.2181,51.1042],[-0.2191,51.1041],[-0.2192,51.1043],[-0.2194,51.1051],[-0.2189,51.1051],[-0.219,51.1055],[-0.2194,51.1062],[-0.2201,51.1068],[-0.2198,51.1074],[-0.2181,51.1072],[-0.2174,51.1072],[-0.2146,51.1068],[-0.2139,51.1047],[-0.2121,51.1042],[-0.2096,51.1042]]]]}},{"type":"Feature","properties":{"FID":6339,"MSOA21CD":"E02006587","MSOA21NM":"Crawley 013","MSOA21NMW":" ","BNG_E":525966,"BNG_N":134324,"LAT":51.0944,"LONG":-0.2025,"Shape__Area":1851931.0263,"Shape__Length":6214.3721,"GlobalID":"31046d9c-dccf-40e2-8418-f378a56acd7e","msoa21hclnm":"Broadfield East","localauthorityname":"Crawley","type":"Present in 2011","Life_expectancy_at_birth_male":75.8414,"Life_expectancy_at_birth_female":81.8431,"Healthy_life_expectancy_male":61.4,"Healthy_life_expectancy_female":62,"Area_Name":"Broadfield East","Life_expectancy_at_birth_male_compared_to_england":"Worse","Life_expectancy_at_birth_female_compared_to_england":"Similar","Healthy_life_expectancy_male_compared_to_england":"Worse","Healthy_life_expectancy_female_compared_to_england":"Worse"},"geometry":{"type":"MultiPolygon","coordinates":[[[[-0.1948,51.1013],[-0.1944,51.1009],[-0.1932,51.0988],[-0.1937,51.0967],[-0.1937,51.0967],[-0.1945,51.0952],[-0.1963,51.0917],[-0.1971,51.0897],[-0.198,51.0873],[-0.1974,51.0872],[-0.1961,51.0862],[-0.1956,51.0861],[-0.1964,51.0848],[-0.1993,51.0849],[-0.2014,51.0849],[-0.2077,51.0863],[-0.211,51.0863],[-0.2119,51.0862],[-0.212,51.0866],[-0.2113,51.0892],[-0.2118,51.0919],[-0.2099,51.0926],[-0.2099,51.0932],[-0.2098,51.0936],[-0.2098,51.0949],[-0.2092,51.0954],[-0.2078,51.0958],[-0.2071,51.097],[-0.2072,51.0973],[-0.2062,51.0991],[-0.2073,51.0998],[-0.2073,51.0998],[-0.2059,51.0999],[-0.2057,51.1001],[-0.2062,51.1003],[-0.2058,51.1009],[-0.205,51.1014],[-0.2042,51.1014],[-0.2039,51.1018],[-0.2036,51.1021],[-0.2042,51.1024],[-0.2038,51.1029],[-0.2009,51.104],[-0.1989,51.1033],[-0.1964,51.1023],[-0.1948,51.1013]]]]}},{"type":"Feature","properties":{"FID":6340,"MSOA21CD":"E02006588","MSOA21NM":"Horsham 001","MSOA21NMW":" ","BNG_E":521522,"BNG_N":134022,"LAT":51.0926,"LONG":-0.266,"Shape__Area":49805366.7848,"Shape__Length":45600.2094,"GlobalID":"814d6272-bb25-46cf-b0e7-ec803dea0efb","msoa21hclnm":"Rusper, Faygate & Leechpool","localauthorityname":"Horsham","type":"Present in 2011","Life_expectancy_at_birth_male":80.83,"Life_expectancy_at_birth_female":85.4988,"Healthy_life_expectancy_male":69,"Healthy_life_expectancy_female":71.6,"Area_Name":"Rusper, Faygate & Leechpool","Life_expectancy_at_birth_male_compared_to_england":"Similar","Life_expectancy_at_birth_female_compared_to_england":"Better","Healthy_life_expectancy_male_compared_to_england":"Better","Healthy_life_expectancy_female_compared_to_england":"Better"},"geometry":{"type":"MultiPolygon","coordinates":[[[[-0.2408,51.1431],[-0.2375,51.1424],[-0.2263,51.1425],[-0.2193,51.1419],[-0.2168,51.142],[-0.2143,51.1414],[-0.2064,51.1408],[-0.203,51.1396],[-0.2003,51.1391],[-0.2,51.1387],[-0.2017,51.1384],[-0.2027,51.1373],[-0.2033,51.1372],[-0.2034,51.1362],[-0.2044,51.1358],[-0.2053,51.1353],[-0.2064,51.1355],[-0.2064,51.135],[-0.2071,51.135],[-0.2076,51.1341],[-0.2097,51.1337],[-0.2101,51.1332],[-0.2109,51.133],[-0.2108,51.1324],[-0.2117,51.1313],[-0.2132,51.1309],[-0.2138,51.1299],[-0.2148,51.1295],[-0.2163,51.1294],[-0.2171,51.1288],[-0.2192,51.1289],[-0.2194,51.1282],[-0.2191,51.1279],[-0.2195,51.1277],[-0.2194,51.1267],[-0.22,51.1267],[-0.2216,51.1253],[-0.222,51.1242],[-0.2216,51.1226],[-0.2211,51.1205],[-0.2213,51.1199],[-0.2221,51.1194],[-0.2221,51.1193],[-0.2224,51.1165],[-0.2228,51.1149],[-0.2231,51.1152],[-0.2238,51.1152],[-0.2254,51.1154],[-0.2263,51.1154],[-0.2268,51.1137],[-0.2269,51.1133],[-0.228,51.1133],[-0.2296,51.113],[-0.2318,51.1127],[-0.234,51.1131],[-0.235,51.1125],[-0.2352,51.1119],[-0.2358,51.1119],[-0.236,51.1111],[-0.2366,51.11],[-0.2362,51.1098],[-0.2369,51.1094],[-0.236,51.1087],[-0.2343,51.1084],[-0.2317,51.1079],[-0.2314,51.1078],[-0.2324,51.1074],[-0.2317,51.107],[-0.231,51.105],[-0.2309,51.1047],[-0.2315,51.1039],[-0.2312,51.1034],[-0.2308,51.1031],[-0.2308,51.103],[-0.2308,51.101],[-0.2311,51.1001],[-0.2313,51.099],[-0.2325,51.0974],[-0.2308,51.0975],[-0.2237,51.0986],[-0.2209,51.0992],[-0.2194,51.0996],[-0.2198,51.0977],[-0.2194,51.0975],[-0.219,51.0974],[-0.2177,51.0919],[-0.2144,51.0928],[-0.2149,51.0913],[-0.212,51.092],[-0.2118,51.0919],[-0.2113,51.0892],[-0.212,51.0866],[-0.2127,51.0859],[-0.2127,51.0849],[-0.2114,51.0824],[-0.2108,51.0792],[-0.2112,51.0778],[-0.2115,51.0751],[-0.2126,51.0754],[-0.2145,51.0752],[-0.2208,51.0735],[-0.2226,51.0741],[-0.2236,51.0738],[-0.2263,51.0726],[-0.2272,51.0714],[-0.2269,51.0712],[-0.2272,51.0705],[-0.228,51.07],[-0.2283,51.069],[-0.2296,51.068],[-0.2298,51.0672],[-0.2307,51.0665],[-0.2323,51.0666],[-0.2341,51.0658],[-0.2352,51.0648],[-0.2361,51.0631],[-0.2399,51.061],[-0.2402,51.0603],[-0.2417,51.0589],[-0.2452,51.0578],[-0.2461,51.0578],[-0.2467,51.0575],[-0.2473,51.0578],[-0.2489,51.057],[-0.2485,51.0546],[-0.2492,51.0536],[-0.2507,51.0527],[-0.2516,51.0512],[-0.255,51.0505],[-0.2573,51.049],[-0.2621,51.0471],[-0.2623,51.0483],[-0.2635,51.0486],[-0.2657,51.0486],[-0.2694,51.0501],[-0.2714,51.0516],[-0.2722,51.0519],[-0.2727,51.0559],[-0.2769,51.0538],[-0.279,51.0553],[-0.2803,51.0549],[-0.2812,51.0545],[-0.2829,51.0529],[-0.2827,51.0527],[-0.284,51.0519],[-0.2845,51.0521],[-0.2849,51.0519],[-0.2865,51.0518],[-0.2879,51.0512],[-0.2912,51.0514],[-0.2924,51.0554],[-0.2854,51.0558],[-0.2874,51.0639],[-0.2865,51.0652],[-0.286,51.0679],[-0.2873,51.0679],[-0.2891,51.0698],[-0.2873,51.0702],[-0.2846,51.0727],[-0.2859,51.0732],[-0.2882,51.0706],[-0.2909,51.0718],[-0.2912,51.0717],[-0.2922,51.0701],[-0.2942,51.0707],[-0.2974,51.0691],[-0.2978,51.0695],[-0.2989,51.0694],[-0.3008,51.069],[-0.3006,51.0701],[-0.3014,51.07],[-0.3017,51.0705],[-0.3028,51.0703],[-0.3031,51.071],[-0.3024,51.0717],[-0.3031,51.0716],[-0.3033,51.0719],[-0.3039,51.0719],[-0.3039,51.0726],[-0.3041,51.0732],[-0.3006,51.0739],[-0.2971,51.0743],[-0.2962,51.0744],[-0.294,51.0746],[-0.2938,51.0747],[-0.2939,51.0755],[-0.2932,51.0769],[-0.292,51.0783],[-0.2919,51.0784],[-0.29,51.0798],[-0.2887,51.0816],[-0.2885,51.0825],[-0.2866,51.0833],[-0.2857,51.0841],[-0.2845,51.0856],[-0.2846,51.0866],[-0.2843,51.0872],[-0.286,51.0884],[-0.2861,51.0892],[-0.2874,51.0897],[-0.2882,51.0893],[-0.2898,51.089],[-0.2931,51.089],[-0.2951,51.0896],[-0.2984,51.0897],[-0.3012,51.0902],[-0.3002,51.0923],[-0.2997,51.0947],[-0.298,51.0973],[-0.2976,51.1025],[-0.2966,51.1049],[-0.297,51.1074],[-0.3017,51.1076],[-0.3051,51.1081],[-0.3102,51.1103],[-0.3144,51.111],[-0.3149,51.1098],[-0.3164,51.1103],[-0.3161,51.111],[-0.3175,51.1113],[-0.318,51.1109],[-0.3196,51.1114],[-0.3207,51.1109],[-0.3208,51.1102],[-0.3213,51.1104],[-0.3218,51.1102],[-0.3214,51.1099],[-0.3219,51.1098],[-0.3216,51.1094],[-0.3223,51.1097],[-0.323,51.1093],[-0.3226,51.109],[-0.323,51.1088],[-0.3241,51.1085],[-0.325,51.1085],[-0.3252,51.1087],[-0.3253,51.1084],[-0.3264,51.1087],[-0.3267,51.1083],[-0.3265,51.1079],[-0.3274,51.1079],[-0.3287,51.1073],[-0.329,51.1075],[-0.3298,51.1074],[-0.3288,51.1101],[-0.3272,51.1125],[-0.3224,51.1167],[-0.3205,51.1192],[-0.3193,51.122],[-0.3193,51.1246],[-0.3182,51.1243],[-0.3123,51.124],[-0.3096,51.1245],[-0.3096,51.1249],[-0.3092,51.1247],[-0.3089,51.125],[-0.3068,51.1245],[-0.3038,51.1244],[-0.3003,51.1247],[-0.2968,51.1257],[-0.2942,51.1261],[-0.2915,51.127],[-0.2893,51.1281],[-0.2878,51.1299],[-0.2864,51.1305],[-0.2846,51.1306],[-0.2822,51.1301],[-0.2794,51.13],[-0.2764,51.1301],[-0.2732,51.1309],[-0.27,51.132],[-0.2672,51.1329],[-0.2659,51.1339],[-0.2647,51.1357],[-0.2605,51.1381],[-0.2546,51.1391],[-0.2521,51.1398],[-0.249,51.1418],[-0.2408,51.1431]]]]}},{"type":"Feature","properties":{"FID":6341,"MSOA21CD":"E02006589","MSOA21NM":"Horsham 002","MSOA21NMW":" ","BNG_E":518621,"BNG_N":134028,"LAT":51.0933,"LONG":-0.3075,"Shape__Area":8186319.2859,"Shape__Length":19557.9553,"GlobalID":"6fa3add0-8694-4e1d-99c8-2874a9eba001","msoa21hclnm":"Littlehaven","localauthorityname":"Horsham","type":"Present in 2011","Life_expectancy_at_birth_male":84.0129,"Life_expectancy_at_birth_female":84.2127,"Healthy_life_expectancy_male":72.8,"Healthy_life_expectancy_female":72.3,"Area_Name":"Littlehaven","Life_expectancy_at_birth_male_compared_to_england":"Better","Life_expectancy_at_birth_female_compared_to_england":"Similar","Healthy_life_expectancy_male_compared_to_england":"Better","Healthy_life_expectancy_female_compared_to_england":"Better"},"geometry":{"type":"MultiPolygon","coordinates":[[[[-0.3196,51.1114],[-0.318,51.1109],[-0.3175,51.1113],[-0.3161,51.111],[-0.3164,51.1103],[-0.3149,51.1098],[-0.3144,51.111],[-0.3102,51.1103],[-0.3051,51.1081],[-0.3017,51.1076],[-0.297,51.1074],[-0.2966,51.1049],[-0.2976,51.1025],[-0.298,51.0973],[-0.2997,51.0947],[-0.3002,51.0923],[-0.3012,51.0902],[-0.2984,51.0897],[-0.2951,51.0896],[-0.2931,51.089],[-0.2898,51.089],[-0.2882,51.0893],[-0.2874,51.0897],[-0.2861,51.0892],[-0.286,51.0884],[-0.2843,51.0872],[-0.2846,51.0866],[-0.2845,51.0856],[-0.2857,51.0841],[-0.2866,51.0833],[-0.2885,51.0825],[-0.2887,51.0816],[-0.29,51.0798],[-0.2919,51.0784],[-0.292,51.0783],[-0.293,51.0788],[-0.2938,51.0786],[-0.2945,51.079],[-0.2943,51.0794],[-0.2933,51.0791],[-0.2929,51.0793],[-0.2933,51.0799],[-0.2954,51.0795],[-0.2955,51.0788],[-0.2947,51.0781],[-0.2948,51.0778],[-0.2955,51.078],[-0.2962,51.0781],[-0.2964,51.0784],[-0.2961,51.0788],[-0.2966,51.0789],[-0.2967,51.0794],[-0.2977,51.0794],[-0.2985,51.079],[-0.2983,51.0786],[-0.2989,51.0788],[-0.2998,51.0784],[-0.2997,51.0781],[-0.3002,51.0779],[-0.3012,51.0779],[-0.301,51.0783],[-0.302,51.0779],[-0.3028,51.077],[-0.3029,51.0761],[-0.3031,51.0757],[-0.304,51.0757],[-0.3042,51.0754],[-0.3054,51.0756],[-0.3052,51.0759],[-0.3057,51.0761],[-0.3059,51.0757],[-0.307,51.0762],[-0.3072,51.0769],[-0.3075,51.0769],[-0.3075,51.078],[-0.3083,51.0778],[-0.3087,51.0773],[-0.3081,51.0774],[-0.3078,51.0772],[-0.3084,51.0767],[-0.3081,51.0763],[-0.3084,51.0758],[-0.3086,51.0757],[-0.3092,51.0758],[-0.3101,51.0751],[-0.3103,51.0757],[-0.3118,51.0762],[-0.3101,51.0774],[-0.3101,51.0785],[-0.3118,51.0774],[-0.3136,51.0758],[-0.3157,51.0732],[-0.3172,51.0691],[-0.3172,51.0691],[-0.3177,51.0705],[-0.319,51.0719],[-0.3195,51.0723],[-0.3222,51.0742],[-0.319,51.0756],[-0.3199,51.0757],[-0.3202,51.0762],[-0.3209,51.0765],[-0.3226,51.0775],[-0.3245,51.0776],[-0.3246,51.0784],[-0.324,51.0791],[-0.3233,51.0792],[-0.3221,51.0789],[-0.3217,51.0798],[-0.3207,51.0799],[-0.3203,51.0807],[-0.3194,51.0807],[-0.3181,51.0811],[-0.3177,51.0805],[-0.3164,51.0803],[-0.3157,51.083],[-0.315,51.084],[-0.3139,51.0854],[-0.313,51.0863],[-0.3131,51.0867],[-0.3153,51.0872],[-0.3151,51.0869],[-0.3167,51.0867],[-0.3175,51.0871],[-0.317,51.0858],[-0.3179,51.0864],[-0.3185,51.0863],[-0.3188,51.0865],[-0.3212,51.0835],[-0.3224,51.0834],[-0.3226,51.0844],[-0.324,51.0848],[-0.3247,51.0867],[-0.3258,51.0883],[-0.3258,51.0884],[-0.3299,51.0935],[-0.3307,51.0967],[-0.33,51.1014],[-0.3298,51.1074],[-0.329,51.1075],[-0.3287,51.1073],[-0.3274,51.1079],[-0.3265,51.1079],[-0.3267,51.1083],[-0.3264,51.1087],[-0.3253,51.1084],[-0.3252,51.1087],[-0.325,51.1085],[-0.3241,51.1085],[-0.323,51.1088],[-0.3226,51.109],[-0.323,51.1093],[-0.3223,51.1097],[-0.3216,51.1094],[-0.3219,51.1098],[-0.3214,51.1099],[-0.3218,51.1102],[-0.3213,51.1104],[-0.3208,51.1102],[-0.3207,51.1109],[-0.3196,51.1114]]]]}},{"type":"Feature","properties":{"FID":6342,"MSOA21CD":"E02006590","MSOA21NM":"Horsham 003","MSOA21NMW":" ","BNG_E":515266,"BNG_N":133792,"LAT":51.0919,"LONG":-0.3554,"Shape__Area":22177263.9937,"Shape__Length":28336.551,"GlobalID":"4c159833-c50b-45b9-b078-6176063dae39","msoa21hclnm":"Broadbridge Heath & Warnham","localauthorityname":"Horsham","type":"Present in 2011","Life_expectancy_at_birth_male":81.4898,"Life_expectancy_at_birth_female":84.1059,"Healthy_life_expectancy_male":69.4,"Healthy_life_expectancy_female":70.2,"Area_Name":"Broadbridge Heath & Warnham","Life_expectancy_at_birth_male_compared_to_england":"Better","Life_expectancy_at_birth_female_compared_to_england":"Similar","Healthy_life_expectancy_male_compared_to_england":"Better","Healthy_life_expectancy_female_compared_to_england":"Better"},"geometry":{"type":"MultiPolygon","coordinates":[[[[-0.3205,51.1192],[-0.3224,51.1167],[-0.3272,51.1125],[-0.3288,51.1101],[-0.3298,51.1074],[-0.33,51.1014],[-0.3307,51.0967],[-0.3299,51.0935],[-0.3258,51.0884],[-0.3258,51.0883],[-0.3247,51.0867],[-0.324,51.0848],[-0.3226,51.0844],[-0.3224,51.0834],[-0.3212,51.0835],[-0.3188,51.0865],[-0.3185,51.0863],[-0.3179,51.0864],[-0.317,51.0858],[-0.3175,51.0871],[-0.3167,51.0867],[-0.3151,51.0869],[-0.3153,51.0872],[-0.3131,51.0867],[-0.313,51.0863],[-0.3139,51.0854],[-0.315,51.084],[-0.3157,51.083],[-0.3164,51.0803],[-0.3177,51.0805],[-0.3181,51.0811],[-0.3194,51.0807],[-0.3203,51.0807],[-0.3207,51.0799],[-0.3217,51.0798],[-0.3221,51.0789],[-0.3233,51.0792],[-0.324,51.0791],[-0.3246,51.0784],[-0.3245,51.0776],[-0.3226,51.0775],[-0.3209,51.0765],[-0.3202,51.0762],[-0.3199,51.0757],[-0.319,51.0756],[-0.3222,51.0742],[-0.3223,51.0742],[-0.3266,51.0726],[-0.3273,51.0723],[-0.3275,51.0714],[-0.3279,51.0701],[-0.3286,51.068],[-0.3287,51.0677],[-0.3289,51.0672],[-0.3312,51.0675],[-0.3309,51.0691],[-0.3314,51.0695],[-0.332,51.0706],[-0.331,51.0711],[-0.3314,51.0714],[-0.3311,51.0717],[-0.3343,51.0724],[-0.3338,51.0733],[-0.3342,51.0733],[-0.3345,51.0734],[-0.3341,51.0738],[-0.3331,51.0739],[-0.3326,51.0755],[-0.3323,51.0757],[-0.3312,51.0753],[-0.3317,51.0737],[-0.3303,51.0733],[-0.33,51.0736],[-0.3305,51.0737],[-0.3299,51.0743],[-0.33,51.0752],[-0.3294,51.0755],[-0.3295,51.0756],[-0.3324,51.0775],[-0.3363,51.0787],[-0.3379,51.079],[-0.3441,51.0753],[-0.352,51.0697],[-0.3536,51.0681],[-0.3551,51.0664],[-0.3564,51.0645],[-0.3565,51.0646],[-0.3585,51.0654],[-0.3583,51.0662],[-0.3596,51.0665],[-0.3597,51.0667],[-0.3597,51.0673],[-0.3596,51.0673],[-0.3596,51.0684],[-0.3602,51.0683],[-0.3605,51.0688],[-0.362,51.0692],[-0.3628,51.0689],[-0.363,51.0691],[-0.3635,51.0694],[-0.3645,51.0686],[-0.3655,51.069],[-0.3659,51.0695],[-0.3655,51.0697],[-0.3638,51.0697],[-0.3636,51.0711],[-0.3616,51.0711],[-0.3612,51.0714],[-0.3635,51.0715],[-0.3636,51.0718],[-0.3662,51.0723],[-0.3662,51.0718],[-0.3683,51.0725],[-0.3673,51.074],[-0.3684,51.0749],[-0.3702,51.0755],[-0.3737,51.0761],[-0.3753,51.0771],[-0.3794,51.0826],[-0.3806,51.0853],[-0.3813,51.0882],[-0.3841,51.0907],[-0.3886,51.0928],[-0.3961,51.0951],[-0.398,51.0954],[-0.3972,51.0973],[-0.3949,51.1009],[-0.3938,51.1018],[-0.3846,51.1147],[-0.3831,51.117],[-0.3794,51.1171],[-0.376,51.1167],[-0.3701,51.1174],[-0.3673,51.1174],[-0.3652,51.118],[-0.3655,51.1185],[-0.3645,51.1195],[-0.3636,51.1188],[-0.3619,51.1189],[-0.3615,51.1193],[-0.3614,51.119],[-0.36,51.119],[-0.3605,51.1192],[-0.3603,51.1196],[-0.3592,51.1198],[-0.3597,51.1206],[-0.358,51.121],[-0.3553,51.12],[-0.3535,51.1185],[-0.3506,51.1183],[-0.3466,51.119],[-0.3443,51.1189],[-0.3421,51.1199],[-0.3362,51.121],[-0.3316,51.1225],[-0.3306,51.1231],[-0.3297,51.1243],[-0.3264,51.1258],[-0.3206,51.1251],[-0.3193,51.1246],[-0.3193,51.122],[-0.3205,51.1192]]]]}},{"type":"Feature","properties":{"FID":6343,"MSOA21CD":"E02006591","MSOA21NM":"Horsham 004","MSOA21NMW":" ","BNG_E":518766,"BNG_N":131267,"LAT":51.0684,"LONG":-0.3063,"Shape__Area":1875673.1545,"Shape__Length":11127.8363,"GlobalID":"ee578692-628a-479b-8587-4971cfd50862","msoa21hclnm":"Horsham East & Roffey","localauthorityname":"Horsham","type":"Present in 2011","Life_expectancy_at_birth_male":80.8296,"Life_expectancy_at_birth_female":85.0465,"Healthy_life_expectancy_male":68.6,"Healthy_life_expectancy_female":70.9,"Area_Name":"Horsham East & Roffey","Life_expectancy_at_birth_male_compared_to_england":"Better","Life_expectancy_at_birth_female_compared_to_england":"Better","Healthy_life_expectancy_male_compared_to_england":"Better","Healthy_life_expectancy_female_compared_to_england":"Better"},"geometry":{"type":"MultiPolygon","coordinates":[[[[-0.2933,51.0799],[-0.2929,51.0793],[-0.2933,51.0791],[-0.2943,51.0794],[-0.2945,51.079],[-0.2938,51.0786],[-0.293,51.0788],[-0.292,51.0783],[-0.2932,51.0769],[-0.2939,51.0755],[-0.2938,51.0747],[-0.294,51.0746],[-0.2962,51.0744],[-0.2971,51.0743],[-0.3006,51.0739],[-0.3041,51.0732],[-0.3039,51.0726],[-0.3039,51.0719],[-0.3033,51.0719],[-0.3031,51.0716],[-0.3024,51.0717],[-0.3031,51.071],[-0.3028,51.0703],[-0.3017,51.0705],[-0.3014,51.07],[-0.3006,51.0701],[-0.3008,51.069],[-0.3039,51.0687],[-0.3033,51.066],[-0.3033,51.0659],[-0.3034,51.0649],[-0.3025,51.0625],[-0.3034,51.0624],[-0.3033,51.0621],[-0.3061,51.0622],[-0.3062,51.0618],[-0.3069,51.0607],[-0.3074,51.0609],[-0.3071,51.0614],[-0.3077,51.0619],[-0.3082,51.0621],[-0.309,51.0619],[-0.31,51.0623],[-0.3107,51.0623],[-0.3106,51.0626],[-0.3111,51.0629],[-0.3117,51.0629],[-0.3112,51.0623],[-0.3135,51.0625],[-0.3137,51.0623],[-0.3145,51.0624],[-0.315,51.062],[-0.3149,51.0615],[-0.3155,51.0614],[-0.3162,51.0618],[-0.3165,51.0614],[-0.3172,51.0615],[-0.3173,51.0615],[-0.3182,51.0616],[-0.3196,51.0621],[-0.3194,51.0623],[-0.3197,51.0625],[-0.3202,51.062],[-0.3205,51.0621],[-0.3203,51.0625],[-0.3198,51.0633],[-0.3187,51.0639],[-0.3188,51.0644],[-0.3183,51.0646],[-0.3188,51.0652],[-0.3193,51.0656],[-0.3192,51.0657],[-0.3178,51.0651],[-0.318,51.0646],[-0.3175,51.0647],[-0.3174,51.0645],[-0.3168,51.0645],[-0.3165,51.0642],[-0.3153,51.0659],[-0.3171,51.0662],[-0.3176,51.0663],[-0.3173,51.0668],[-0.318,51.0669],[-0.3172,51.0688],[-0.3172,51.0691],[-0.3157,51.0732],[-0.3136,51.0758],[-0.3118,51.0774],[-0.3101,51.0785],[-0.3101,51.0774],[-0.3118,51.0762],[-0.3103,51.0757],[-0.3101,51.0751],[-0.3092,51.0758],[-0.3086,51.0757],[-0.3084,51.0758],[-0.3081,51.0763],[-0.3084,51.0767],[-0.3078,51.0772],[-0.3081,51.0774],[-0.3087,51.0773],[-0.3083,51.0778],[-0.3075,51.078],[-0.3075,51.0769],[-0.3072,51.0769],[-0.307,51.0762],[-0.3059,51.0757],[-0.3057,51.0761],[-0.3052,51.0759],[-0.3054,51.0756],[-0.3042,51.0754],[-0.304,51.0757],[-0.3031,51.0757],[-0.3029,51.0761],[-0.3028,51.077],[-0.302,51.0779],[-0.301,51.0783],[-0.3012,51.0779],[-0.3002,51.0779],[-0.2997,51.0781],[-0.2998,51.0784],[-0.2989,51.0788],[-0.2983,51.0786],[-0.2985,51.079],[-0.2977,51.0794],[-0.2967,51.0794],[-0.2966,51.0789],[-0.2961,51.0788],[-0.2964,51.0784],[-0.2962,51.0781],[-0.2955,51.078],[-0.2948,51.0778],[-0.2947,51.0781],[-0.2955,51.0788],[-0.2954,51.0795],[-0.2933,51.0799]]]]}},{"type":"Feature","properties":{"FID":6344,"MSOA21CD":"E02006592","MSOA21NM":"Horsham 005","MSOA21NMW":" ","BNG_E":510250,"BNG_N":131145,"LAT":51.069,"LONG":-0.4278,"Shape__Area":52541406.8567,"Shape__Length":43915.3038,"GlobalID":"78955adb-b45e-4468-885f-5117161ad974","msoa21hclnm":"Rudgwick, Slinfold & Barns Green","localauthorityname":"Horsham","type":"Present in 2011","Life_expectancy_at_birth_male":79.8273,"Life_expectancy_at_birth_female":86.2786,"Healthy_life_expectancy_male":69.7,"Healthy_life_expectancy_female":73.5,"Area_Name":"Rudgwick, Slinfold & Barns Green","Life_expectancy_at_birth_male_compared_to_england":"Similar","Life_expectancy_at_birth_female_compared_to_england":"Better","Healthy_life_expectancy_male_compared_to_england":"Better","Healthy_life_expectancy_female_compared_to_england":"Better"},"geometry":{"type":"MultiPolygon","coordinates":[[[[-0.3915,51.1165],[-0.3904,51.1147],[-0.3857,51.115],[-0.3846,51.1147],[-0.3938,51.1018],[-0.3949,51.1009],[-0.3972,51.0973],[-0.398,51.0954],[-0.3961,51.0951],[-0.3886,51.0928],[-0.3841,51.0907],[-0.3813,51.0882],[-0.3806,51.0853],[-0.3794,51.0826],[-0.3753,51.0771],[-0.3737,51.0761],[-0.3702,51.0755],[-0.3684,51.0749],[-0.3673,51.074],[-0.3683,51.0725],[-0.3701,51.0691],[-0.3697,51.0685],[-0.3698,51.0683],[-0.3712,51.0671],[-0.3728,51.0664],[-0.3756,51.0662],[-0.3734,51.0644],[-0.3734,51.0639],[-0.3714,51.0637],[-0.3713,51.0626],[-0.3704,51.0621],[-0.3707,51.0614],[-0.3687,51.06],[-0.3677,51.0596],[-0.3681,51.0586],[-0.3671,51.0575],[-0.3675,51.0563],[-0.367,51.0546],[-0.3653,51.0542],[-0.3654,51.0535],[-0.3641,51.0525],[-0.3622,51.0519],[-0.3647,51.0502],[-0.3679,51.0466],[-0.3729,51.0386],[-0.375,51.0369],[-0.3788,51.0354],[-0.3778,51.0348],[-0.3786,51.0331],[-0.3781,51.0304],[-0.3807,51.0288],[-0.3807,51.0275],[-0.3816,51.0258],[-0.3813,51.0229],[-0.3838,51.0232],[-0.3844,51.0245],[-0.3879,51.0245],[-0.388,51.0241],[-0.3882,51.021],[-0.3895,51.0211],[-0.3895,51.0217],[-0.3908,51.0218],[-0.391,51.0213],[-0.3914,51.0213],[-0.3943,51.0224],[-0.3957,51.0221],[-0.3958,51.0217],[-0.3962,51.0218],[-0.3982,51.0223],[-0.3996,51.023],[-0.4018,51.0208],[-0.4036,51.0218],[-0.4047,51.0232],[-0.4064,51.0223],[-0.4084,51.0229],[-0.4086,51.0227],[-0.4106,51.023],[-0.4111,51.0231],[-0.4101,51.0251],[-0.4135,51.0254],[-0.4118,51.0283],[-0.4115,51.0313],[-0.4096,51.0337],[-0.4138,51.0349],[-0.4123,51.0359],[-0.4114,51.0376],[-0.4113,51.0381],[-0.4124,51.0398],[-0.4096,51.0435],[-0.4133,51.0431],[-0.4148,51.0433],[-0.4172,51.0444],[-0.4195,51.0447],[-0.4194,51.046],[-0.4202,51.0465],[-0.4216,51.0466],[-0.4227,51.0474],[-0.4236,51.0503],[-0.428,51.0523],[-0.4293,51.0525],[-0.4323,51.0487],[-0.4364,51.0483],[-0.44,51.0493],[-0.4427,51.0518],[-0.4451,51.0518],[-0.4447,51.0499],[-0.4457,51.0486],[-0.4488,51.0487],[-0.4491,51.0495],[-0.4504,51.0498],[-0.452,51.0519],[-0.4535,51.0522],[-0.4539,51.0528],[-0.455,51.0529],[-0.4576,51.055],[-0.4585,51.0546],[-0.4579,51.054],[-0.4577,51.052],[-0.4585,51.0504],[-0.46,51.0495],[-0.4616,51.0506],[-0.4637,51.051],[-0.4651,51.0508],[-0.4663,51.0501],[-0.4696,51.0497],[-0.471,51.0491],[-0.4707,51.0494],[-0.473,51.0496],[-0.4761,51.0504],[-0.4776,51.05],[-0.4781,51.0501],[-0.4781,51.0506],[-0.4765,51.0519],[-0.4777,51.0521],[-0.4778,51.0527],[-0.477,51.0531],[-0.4771,51.0544],[-0.4757,51.0564],[-0.4764,51.0574],[-0.4775,51.0573],[-0.4779,51.0578],[-0.4782,51.0572],[-0.4796,51.0571],[-0.482,51.0559],[-0.4826,51.0564],[-0.4838,51.0565],[-0.4841,51.057],[-0.4836,51.0573],[-0.4843,51.0587],[-0.4841,51.0589],[-0.4832,51.0588],[-0.4835,51.0598],[-0.4831,51.0604],[-0.4843,51.0607],[-0.4843,51.061],[-0.4834,51.0614],[-0.4845,51.0625],[-0.484,51.0631],[-0.483,51.0631],[-0.4835,51.0637],[-0.4822,51.0645],[-0.4814,51.0645],[-0.4806,51.0637],[-0.4794,51.0636],[-0.4793,51.0649],[-0.4786,51.0655],[-0.4789,51.0658],[-0.4784,51.0665],[-0.479,51.0666],[-0.4788,51.0673],[-0.4797,51.0673],[-0.4801,51.0678],[-0.4811,51.0677],[-0.4816,51.0674],[-0.4823,51.0676],[-0.4821,51.0681],[-0.4845,51.068],[-0.4842,51.0686],[-0.4851,51.0688],[-0.4851,51.0693],[-0.4865,51.0702],[-0.4868,51.0728],[-0.4867,51.0746],[-0.4874,51.0789],[-0.4871,51.08],[-0.489,51.085],[-0.4887,51.0866],[-0.4901,51.0897],[-0.4913,51.0912],[-0.4921,51.0945],[-0.4909,51.0944],[-0.4904,51.096],[-0.4892,51.0962],[-0.4885,51.0973],[-0.4829,51.0962],[-0.4792,51.0973],[-0.4748,51.097],[-0.4703,51.0985],[-0.4623,51.099],[-0.4597,51.0993],[-0.4571,51.1005],[-0.4543,51.1004],[-0.452,51.0995],[-0.4512,51.0997],[-0.4505,51.1003],[-0.4491,51.1006],[-0.4464,51.1006],[-0.4448,51.0996],[-0.4438,51.1011],[-0.4411,51.1017],[-0.4415,51.1033],[-0.4406,51.1031],[-0.4401,51.102],[-0.4395,51.102],[-0.4393,51.1016],[-0.44,51.1008],[-0.4388,51.1003],[-0.4424,51.0991],[-0.4425,51.0981],[-0.4401,51.0977],[-0.437,51.0984],[-0.4355,51.0997],[-0.433,51.1007],[-0.4283,51.1014],[-0.4265,51.1025],[-0.4218,51.1035],[-0.421,51.1044],[-0.4192,51.1052],[-0.4112,51.1068],[-0.4095,51.1075],[-0.4068,51.1073],[-0.4051,51.1075],[-0.4044,51.1076],[-0.4043,51.108],[-0.404,51.1081],[-0.4039,51.1077],[-0.4019,51.1078],[-0.4002,51.1084],[-0.4009,51.1097],[-0.3992,51.1101],[-0.3997,51.1116],[-0.3981,51.1123],[-0.3965,51.1122],[-0.3955,51.1139],[-0.3915,51.1165]]]]}},{"type":"Feature","properties":{"FID":6345,"MSOA21CD":"E02006593","MSOA21NM":"Horsham 006","MSOA21NMW":" ","BNG_E":517420,"BNG_N":131001,"LAT":51.0663,"LONG":-0.3256,"Shape__Area":2900145.8844,"Shape__Length":14523.6453,"GlobalID":"3e3573c7-44b2-46a8-bec1-99aa12cd4373","msoa21hclnm":"Horsham Central","localauthorityname":"Horsham","type":"Present in 2011","Life_expectancy_at_birth_male":78.4668,"Life_expectancy_at_birth_female":83.7811,"Healthy_life_expectancy_male":65.8,"Healthy_life_expectancy_female":68.6,"Area_Name":"Horsham Central","Life_expectancy_at_birth_male_compared_to_england":"Similar","Life_expectancy_at_birth_female_compared_to_england":"Similar","Healthy_life_expectancy_male_compared_to_england":"Similar","Healthy_life_expectancy_female_compared_to_england":"Better"},"geometry":{"type":"MultiPolygon","coordinates":[[[[-0.3324,51.0775],[-0.3295,51.0756],[-0.3294,51.0755],[-0.33,51.0752],[-0.3299,51.0743],[-0.3305,51.0737],[-0.33,51.0736],[-0.3303,51.0733],[-0.3317,51.0737],[-0.3312,51.0753],[-0.3323,51.0757],[-0.3326,51.0755],[-0.3331,51.0739],[-0.3341,51.0738],[-0.3345,51.0734],[-0.3342,51.0733],[-0.3338,51.0733],[-0.3343,51.0724],[-0.3311,51.0717],[-0.3314,51.0714],[-0.331,51.0711],[-0.332,51.0706],[-0.3314,51.0695],[-0.3309,51.0691],[-0.3312,51.0675],[-0.3289,51.0672],[-0.3287,51.0677],[-0.3286,51.068],[-0.3279,51.0701],[-0.3275,51.0714],[-0.3273,51.0723],[-0.3266,51.0726],[-0.3223,51.0742],[-0.3222,51.0742],[-0.3195,51.0723],[-0.319,51.0719],[-0.3177,51.0705],[-0.3172,51.0691],[-0.3172,51.0691],[-0.3172,51.0688],[-0.318,51.0669],[-0.3173,51.0668],[-0.3176,51.0663],[-0.3171,51.0662],[-0.3153,51.0659],[-0.3165,51.0642],[-0.3168,51.0645],[-0.3174,51.0645],[-0.3175,51.0647],[-0.318,51.0646],[-0.3178,51.0651],[-0.3192,51.0657],[-0.3193,51.0656],[-0.3188,51.0652],[-0.3183,51.0646],[-0.3188,51.0644],[-0.3187,51.0639],[-0.3198,51.0633],[-0.3203,51.0625],[-0.3205,51.0621],[-0.3202,51.062],[-0.3197,51.0625],[-0.3194,51.0623],[-0.3196,51.0621],[-0.3182,51.0616],[-0.3173,51.0615],[-0.3172,51.0615],[-0.3165,51.0614],[-0.3162,51.0618],[-0.3155,51.0614],[-0.3149,51.0615],[-0.315,51.062],[-0.3145,51.0624],[-0.3137,51.0623],[-0.3135,51.0625],[-0.3112,51.0623],[-0.3117,51.0629],[-0.3111,51.0629],[-0.3106,51.0626],[-0.3107,51.0623],[-0.31,51.0623],[-0.309,51.0619],[-0.3082,51.0621],[-0.3077,51.0619],[-0.3071,51.0614],[-0.3074,51.0609],[-0.3069,51.0607],[-0.3082,51.0596],[-0.3088,51.0573],[-0.3146,51.0573],[-0.3161,51.0584],[-0.3169,51.0589],[-0.3172,51.059],[-0.3178,51.0591],[-0.3182,51.0592],[-0.3187,51.0593],[-0.3199,51.0596],[-0.3219,51.0602],[-0.3241,51.0609],[-0.3252,51.06],[-0.3289,51.0581],[-0.3302,51.0577],[-0.3334,51.0569],[-0.3343,51.0567],[-0.3359,51.0582],[-0.3363,51.0592],[-0.3368,51.0594],[-0.3363,51.0602],[-0.3367,51.0603],[-0.3372,51.06],[-0.3382,51.06],[-0.3418,51.0615],[-0.3418,51.0614],[-0.3429,51.0616],[-0.3438,51.0623],[-0.3435,51.0627],[-0.3418,51.0632],[-0.3399,51.0628],[-0.3402,51.063],[-0.3393,51.0648],[-0.3384,51.0649],[-0.3382,51.0652],[-0.3366,51.0648],[-0.3369,51.0654],[-0.336,51.0655],[-0.336,51.0659],[-0.3368,51.0658],[-0.335,51.0678],[-0.3358,51.0678],[-0.3361,51.0681],[-0.3392,51.0691],[-0.3396,51.0688],[-0.3401,51.0689],[-0.3377,51.0719],[-0.34,51.0725],[-0.34,51.073],[-0.3422,51.0736],[-0.343,51.0741],[-0.3423,51.0749],[-0.3441,51.0753],[-0.3379,51.079],[-0.3363,51.0787],[-0.3324,51.0775]]]]}},{"type":"Feature","properties":{"FID":6346,"MSOA21CD":"E02006594","MSOA21NM":"Horsham 007","MSOA21NMW":" ","BNG_E":515278,"BNG_N":130656,"LAT":51.0637,"LONG":-0.3562,"Shape__Area":3879246.1245,"Shape__Length":12833.2935,"GlobalID":"c237bac0-5243-4223-9c6e-45f225e0f7ee","msoa21hclnm":"Horsham West","localauthorityname":"Horsham","type":"Present in 2011","Life_expectancy_at_birth_male":81.5542,"Life_expectancy_at_birth_female":86.2475,"Healthy_life_expectancy_male":70,"Healthy_life_expectancy_female":71.8,"Area_Name":"Horsham West","Life_expectancy_at_birth_male_compared_to_england":"Better","Life_expectancy_at_birth_female_compared_to_england":"Better","Healthy_life_expectancy_male_compared_to_england":"Better","Healthy_life_expectancy_female_compared_to_england":"Better"},"geometry":{"type":"MultiPolygon","coordinates":[[[[-0.3401,51.0689],[-0.3396,51.0688],[-0.3392,51.0691],[-0.3361,51.0681],[-0.3358,51.0678],[-0.335,51.0678],[-0.3368,51.0658],[-0.336,51.0659],[-0.336,51.0655],[-0.3369,51.0654],[-0.3366,51.0648],[-0.3382,51.0652],[-0.3384,51.0649],[-0.3393,51.0648],[-0.3402,51.063],[-0.3399,51.0628],[-0.3418,51.0632],[-0.3435,51.0627],[-0.3438,51.0623],[-0.3429,51.0616],[-0.3418,51.0614],[-0.3418,51.0615],[-0.3382,51.06],[-0.3372,51.06],[-0.3367,51.0603],[-0.3363,51.0602],[-0.3368,51.0594],[-0.3363,51.0592],[-0.3359,51.0582],[-0.3343,51.0567],[-0.3407,51.0565],[-0.343,51.0566],[-0.3492,51.0565],[-0.3529,51.0556],[-0.358,51.0539],[-0.3581,51.0539],[-0.3622,51.0519],[-0.3641,51.0525],[-0.3654,51.0535],[-0.3653,51.0542],[-0.367,51.0546],[-0.3675,51.0563],[-0.3671,51.0575],[-0.3681,51.0586],[-0.3677,51.0596],[-0.3687,51.06],[-0.3707,51.0614],[-0.3704,51.0621],[-0.3713,51.0626],[-0.3714,51.0637],[-0.3734,51.0639],[-0.3734,51.0644],[-0.3756,51.0662],[-0.3728,51.0664],[-0.3712,51.0671],[-0.3698,51.0683],[-0.3697,51.0685],[-0.3701,51.0691],[-0.3683,51.0725],[-0.3662,51.0718],[-0.3662,51.0723],[-0.3636,51.0718],[-0.3635,51.0715],[-0.3612,51.0714],[-0.3616,51.0711],[-0.3636,51.0711],[-0.3638,51.0697],[-0.3655,51.0697],[-0.3659,51.0695],[-0.3655,51.069],[-0.3645,51.0686],[-0.3635,51.0694],[-0.363,51.0691],[-0.3628,51.0689],[-0.362,51.0692],[-0.3605,51.0688],[-0.3602,51.0683],[-0.3596,51.0684],[-0.3596,51.0673],[-0.3597,51.0673],[-0.3597,51.0667],[-0.3596,51.0665],[-0.3583,51.0662],[-0.3585,51.0654],[-0.3565,51.0646],[-0.3564,51.0645],[-0.3551,51.0664],[-0.3536,51.0681],[-0.352,51.0697],[-0.3441,51.0753],[-0.3423,51.0749],[-0.343,51.0741],[-0.3422,51.0736],[-0.34,51.073],[-0.34,51.0725],[-0.3377,51.0719],[-0.3401,51.0689]]]]}},{"type":"Feature","properties":{"FID":6347,"MSOA21CD":"E02006595","MSOA21NM":"Horsham 008","MSOA21NMW":" ","BNG_E":520087,"BNG_N":127842,"LAT":51.0374,"LONG":-0.2886,"Shape__Area":49718963.8828,"Shape__Length":54827.0634,"GlobalID":"e7d826f9-02b4-4702-8276-ee2be2376ae8","msoa21hclnm":"Horsham South, Mannings Heath & Nuthurst","localauthorityname":"Horsham","type":"Present in 2011","Life_expectancy_at_birth_male":85.0135,"Life_expectancy_at_birth_female":86.6302,"Healthy_life_expectancy_male":74.3,"Healthy_life_expectancy_female":74.8,"Area_Name":"Horsham South, Mannings Heath & Nuthurst","Life_expectancy_at_birth_male_compared_to_england":"Better","Life_expectancy_at_birth_female_compared_to_england":"Better","Healthy_life_expectancy_male_compared_to_england":"Better","Healthy_life_expectancy_female_compared_to_england":"Better"},"geometry":{"type":"MultiPolygon","coordinates":[[[[-0.2126,51.0754],[-0.2123,51.0722],[-0.213,51.072],[-0.2113,51.0684],[-0.2119,51.0643],[-0.2156,51.0641],[-0.2178,51.0636],[-0.2185,51.0627],[-0.2186,51.0619],[-0.2201,51.061],[-0.222,51.0607],[-0.2224,51.0605],[-0.2233,51.0583],[-0.2231,51.0572],[-0.2194,51.0518],[-0.2212,51.048],[-0.2223,51.0476],[-0.2236,51.0456],[-0.226,51.044],[-0.2268,51.0416],[-0.2217,51.0411],[-0.2216,51.0404],[-0.2192,51.0382],[-0.2192,51.0379],[-0.2224,51.0376],[-0.223,51.038],[-0.2241,51.0379],[-0.2253,51.0372],[-0.2265,51.0346],[-0.2282,51.0353],[-0.2281,51.0377],[-0.2291,51.0379],[-0.2361,51.0362],[-0.2358,51.0358],[-0.2393,51.0345],[-0.2394,51.0343],[-0.2408,51.0351],[-0.2439,51.0346],[-0.2471,51.0334],[-0.2481,51.0308],[-0.2479,51.028],[-0.2491,51.0249],[-0.2441,51.0242],[-0.2397,51.0226],[-0.2379,51.0222],[-0.2366,51.0211],[-0.237,51.0203],[-0.2378,51.0201],[-0.2385,51.0195],[-0.2402,51.0172],[-0.2431,51.0169],[-0.2446,51.0157],[-0.2455,51.0141],[-0.2484,51.0124],[-0.2489,51.0108],[-0.2497,51.0106],[-0.2503,51.0111],[-0.2509,51.0107],[-0.2507,51.0087],[-0.2516,51.0083],[-0.2516,51.0073],[-0.2535,51.0054],[-0.2547,51.005],[-0.256,51.0051],[-0.2565,51.0049],[-0.2574,51.0052],[-0.259,51.005],[-0.2595,51.0052],[-0.2597,51.0062],[-0.2606,51.0069],[-0.2618,51.0055],[-0.2637,51.006],[-0.263,51.0067],[-0.2647,51.0075],[-0.2635,51.009],[-0.2664,51.0091],[-0.2658,51.0114],[-0.2732,51.0124],[-0.2756,51.0115],[-0.2768,51.0118],[-0.28,51.0118],[-0.2832,51.0115],[-0.2833,51.0106],[-0.2854,51.01],[-0.2869,51.0089],[-0.2918,51.0069],[-0.2926,51.006],[-0.2933,51.0041],[-0.2942,51.0039],[-0.2951,51.0032],[-0.2955,51.0032],[-0.2966,51.0043],[-0.2981,51.0042],[-0.3014,51.0027],[-0.3027,51.0027],[-0.3048,51.0036],[-0.3052,51.0008],[-0.3056,51],[-0.3097,50.9992],[-0.314,50.9987],[-0.3159,51.0022],[-0.316,51.0031],[-0.3167,51.0036],[-0.3165,51.0031],[-0.3174,51.0023],[-0.3181,51.0028],[-0.3183,51.0022],[-0.3203,51.0018],[-0.3202,51.0015],[-0.3216,51.0017],[-0.3241,51.0025],[-0.3252,51.0022],[-0.3278,51.0022],[-0.3281,51.0044],[-0.3284,51.0051],[-0.3292,51.0054],[-0.3286,51.0061],[-0.3292,51.0066],[-0.3286,51.0069],[-0.3353,51.0071],[-0.3357,51.0091],[-0.3344,51.011],[-0.3348,51.011],[-0.3368,51.0145],[-0.3382,51.0151],[-0.3381,51.0155],[-0.3386,51.0154],[-0.339,51.0159],[-0.3386,51.017],[-0.3398,51.0181],[-0.3367,51.0208],[-0.3382,51.0227],[-0.3385,51.0252],[-0.3398,51.0304],[-0.3407,51.0342],[-0.3413,51.0364],[-0.3418,51.0364],[-0.3426,51.0378],[-0.3423,51.038],[-0.3425,51.039],[-0.3421,51.0393],[-0.3428,51.0407],[-0.3433,51.0407],[-0.3442,51.0416],[-0.3433,51.0415],[-0.3442,51.0439],[-0.3462,51.0446],[-0.3466,51.0442],[-0.3523,51.0418],[-0.3532,51.0411],[-0.354,51.0395],[-0.3529,51.0371],[-0.3535,51.0363],[-0.3557,51.0352],[-0.3572,51.0331],[-0.3597,51.0326],[-0.3616,51.0299],[-0.3585,51.0282],[-0.3594,51.0274],[-0.3615,51.0264],[-0.3606,51.0259],[-0.3618,51.0255],[-0.361,51.0247],[-0.3614,51.0237],[-0.3596,51.0225],[-0.3599,51.0216],[-0.3593,51.0203],[-0.3598,51.0196],[-0.3597,51.0186],[-0.364,51.0185],[-0.3646,51.0191],[-0.366,51.0195],[-0.367,51.0204],[-0.3691,51.0199],[-0.372,51.0205],[-0.3746,51.0219],[-0.3735,51.0251],[-0.375,51.0251],[-0.3757,51.0257],[-0.3788,51.0261],[-0.3792,51.0255],[-0.3816,51.0258],[-0.3807,51.0275],[-0.3807,51.0288],[-0.3781,51.0304],[-0.3786,51.0331],[-0.3778,51.0348],[-0.3788,51.0354],[-0.375,51.0369],[-0.3729,51.0386],[-0.3679,51.0466],[-0.3647,51.0502],[-0.3622,51.0519],[-0.3581,51.0539],[-0.358,51.0539],[-0.3529,51.0556],[-0.3492,51.0565],[-0.343,51.0566],[-0.3407,51.0565],[-0.3343,51.0567],[-0.3334,51.0569],[-0.3302,51.0577],[-0.3289,51.0581],[-0.3252,51.06],[-0.3241,51.0609],[-0.3219,51.0602],[-0.3199,51.0596],[-0.3187,51.0593],[-0.3182,51.0592],[-0.3178,51.0591],[-0.3172,51.059],[-0.3169,51.0589],[-0.3161,51.0584],[-0.3146,51.0573],[-0.3088,51.0573],[-0.3082,51.0596],[-0.3069,51.0607],[-0.3062,51.0618],[-0.3061,51.0622],[-0.3033,51.0621],[-0.3034,51.0624],[-0.3025,51.0625],[-0.3034,51.0649],[-0.3033,51.0659],[-0.3033,51.066],[-0.3039,51.0687],[-0.3008,51.069],[-0.2989,51.0694],[-0.2978,51.0695],[-0.2974,51.0691],[-0.2942,51.0707],[-0.2922,51.0701],[-0.2912,51.0717],[-0.2909,51.0718],[-0.2882,51.0706],[-0.2859,51.0732],[-0.2846,51.0727],[-0.2873,51.0702],[-0.2891,51.0698],[-0.2873,51.0679],[-0.286,51.0679],[-0.2865,51.0652],[-0.2874,51.0639],[-0.2854,51.0558],[-0.2924,51.0554],[-0.2912,51.0514],[-0.2879,51.0512],[-0.2865,51.0518],[-0.2849,51.0519],[-0.2845,51.0521],[-0.284,51.0519],[-0.2827,51.0527],[-0.2829,51.0529],[-0.2812,51.0545],[-0.2803,51.0549],[-0.279,51.0553],[-0.2769,51.0538],[-0.2727,51.0559],[-0.2722,51.0519],[-0.2714,51.0516],[-0.2694,51.0501],[-0.2657,51.0486],[-0.2635,51.0486],[-0.2623,51.0483],[-0.2621,51.0471],[-0.2573,51.049],[-0.255,51.0505],[-0.2516,51.0512],[-0.2507,51.0527],[-0.2492,51.0536],[-0.2485,51.0546],[-0.2489,51.057],[-0.2473,51.0578],[-0.2467,51.0575],[-0.2461,51.0578],[-0.2452,51.0578],[-0.2417,51.0589],[-0.2402,51.0603],[-0.2399,51.061],[-0.2361,51.0631],[-0.2352,51.0648],[-0.2341,51.0658],[-0.2323,51.0666],[-0.2307,51.0665],[-0.2298,51.0672],[-0.2296,51.068],[-0.2283,51.069],[-0.228,51.07],[-0.2272,51.0705],[-0.2269,51.0712],[-0.2272,51.0714],[-0.2263,51.0726],[-0.2236,51.0738],[-0.2226,51.0741],[-0.2208,51.0735],[-0.2145,51.0752],[-0.2126,51.0754]]]]}},{"type":"Feature","properties":{"FID":6348,"MSOA21CD":"E02006596","MSOA21NM":"Horsham 009","MSOA21NMW":" ","BNG_E":515867,"BNG_N":126779,"LAT":51.0287,"LONG":-0.3491,"Shape__Area":3840596.4419,"Shape__Length":9643.184,"GlobalID":"b9bde08d-9b4e-4191-8610-70343f7388a3","msoa21hclnm":"Southwater","localauthorityname":"Horsham","type":"Present in 2011","Life_expectancy_at_birth_male":82.1036,"Life_expectancy_at_birth_female":85.902,"Healthy_life_expectancy_male":71,"Healthy_life_expectancy_female":72.6,"Area_Name":"Southwater","Life_expectancy_at_birth_male_compared_to_england":"Better","Life_expectancy_at_birth_female_compared_to_england":"Better","Healthy_life_expectancy_male_compared_to_england":"Better","Healthy_life_expectancy_female_compared_to_england":"Better"},"geometry":{"type":"MultiPolygon","coordinates":[[[[-0.3442,51.0439],[-0.3433,51.0415],[-0.3442,51.0416],[-0.3433,51.0407],[-0.3428,51.0407],[-0.3421,51.0393],[-0.3425,51.039],[-0.3423,51.038],[-0.3426,51.0378],[-0.3418,51.0364],[-0.3413,51.0364],[-0.3407,51.0342],[-0.3398,51.0304],[-0.3385,51.0252],[-0.3382,51.0227],[-0.3367,51.0208],[-0.3398,51.0181],[-0.3386,51.017],[-0.339,51.0159],[-0.3386,51.0154],[-0.3381,51.0155],[-0.3382,51.0151],[-0.3396,51.0154],[-0.3448,51.0153],[-0.3456,51.0152],[-0.346,51.0151],[-0.3489,51.0146],[-0.3506,51.0135],[-0.3513,51.0136],[-0.3534,51.014],[-0.3534,51.015],[-0.3531,51.0159],[-0.3553,51.0164],[-0.3547,51.0176],[-0.3549,51.0182],[-0.3555,51.0181],[-0.3573,51.0179],[-0.3586,51.0183],[-0.3587,51.0183],[-0.3597,51.0186],[-0.3598,51.0196],[-0.3593,51.0203],[-0.3599,51.0216],[-0.3596,51.0225],[-0.3614,51.0237],[-0.361,51.0247],[-0.3618,51.0255],[-0.3606,51.0259],[-0.3615,51.0264],[-0.3594,51.0274],[-0.3585,51.0282],[-0.3616,51.0299],[-0.3597,51.0326],[-0.3572,51.0331],[-0.3557,51.0352],[-0.3535,51.0363],[-0.3529,51.0371],[-0.354,51.0395],[-0.3532,51.0411],[-0.3523,51.0418],[-0.3466,51.0442],[-0.3462,51.0446],[-0.3442,51.0439]]]]}},{"type":"Feature","properties":{"FID":6349,"MSOA21CD":"E02006597","MSOA21NM":"Horsham 010","MSOA21NMW":" ","BNG_E":513899,"BNG_N":123240,"LAT":50.9973,"LONG":-0.3782,"Shape__Area":63449906.5921,"Shape__Length":62825.1944,"GlobalID":"7ecf1709-580b-4425-8c7a-dd73065ac0e0","msoa21hclnm":"Billingshurst","localauthorityname":"Horsham","type":"Present in 2011","Life_expectancy_at_birth_male":82.075,"Life_expectancy_at_birth_female":84.6221,"Healthy_life_expectancy_male":70.2,"Healthy_life_expectancy_female":71.3,"Area_Name":"Billingshurst","Life_expectancy_at_birth_male_compared_to_england":"Better","Life_expectancy_at_birth_female_compared_to_england":"Better","Healthy_life_expectancy_male_compared_to_england":"Better","Healthy_life_expectancy_female_compared_to_england":"Better"},"geometry":{"type":"MultiPolygon","coordinates":[[[[-0.4491,51.0495],[-0.4488,51.0487],[-0.4457,51.0486],[-0.4447,51.0499],[-0.4451,51.0518],[-0.4427,51.0518],[-0.44,51.0493],[-0.4364,51.0483],[-0.4323,51.0487],[-0.4293,51.0525],[-0.428,51.0523],[-0.4236,51.0503],[-0.4227,51.0474],[-0.4216,51.0466],[-0.4202,51.0465],[-0.4194,51.046],[-0.4195,51.0447],[-0.4172,51.0444],[-0.4148,51.0433],[-0.4133,51.0431],[-0.4096,51.0435],[-0.4124,51.0398],[-0.4113,51.0381],[-0.4114,51.0376],[-0.4123,51.0359],[-0.4138,51.0349],[-0.4096,51.0337],[-0.4115,51.0313],[-0.4118,51.0283],[-0.4135,51.0254],[-0.4101,51.0251],[-0.4111,51.0231],[-0.4106,51.023],[-0.4086,51.0227],[-0.4084,51.0229],[-0.4064,51.0223],[-0.4047,51.0232],[-0.4036,51.0218],[-0.4018,51.0208],[-0.3996,51.023],[-0.3982,51.0223],[-0.3962,51.0218],[-0.3958,51.0217],[-0.3957,51.0221],[-0.3943,51.0224],[-0.3914,51.0213],[-0.391,51.0213],[-0.3908,51.0218],[-0.3895,51.0217],[-0.3895,51.0211],[-0.3882,51.021],[-0.388,51.0241],[-0.3879,51.0245],[-0.3844,51.0245],[-0.3838,51.0232],[-0.3813,51.0229],[-0.3816,51.0258],[-0.3792,51.0255],[-0.3788,51.0261],[-0.3757,51.0257],[-0.375,51.0251],[-0.3735,51.0251],[-0.3746,51.0219],[-0.372,51.0205],[-0.3691,51.0199],[-0.367,51.0204],[-0.366,51.0195],[-0.3646,51.0191],[-0.364,51.0185],[-0.3597,51.0186],[-0.3587,51.0183],[-0.3586,51.0183],[-0.3573,51.0179],[-0.3555,51.0181],[-0.3549,51.0182],[-0.3547,51.0176],[-0.3553,51.0164],[-0.3531,51.0159],[-0.3534,51.015],[-0.3534,51.014],[-0.3513,51.0136],[-0.3506,51.0135],[-0.3489,51.0146],[-0.346,51.0151],[-0.3456,51.0152],[-0.3448,51.0153],[-0.3396,51.0154],[-0.3382,51.0151],[-0.3368,51.0145],[-0.3348,51.011],[-0.3344,51.011],[-0.3357,51.0091],[-0.3353,51.0071],[-0.335,51.0028],[-0.3374,50.9989],[-0.3387,50.9969],[-0.339,50.9952],[-0.3407,50.9921],[-0.341,50.9893],[-0.3407,50.9877],[-0.3421,50.9845],[-0.3429,50.9779],[-0.3424,50.9743],[-0.3425,50.974],[-0.3431,50.9742],[-0.3488,50.9743],[-0.3537,50.9756],[-0.3562,50.9767],[-0.3579,50.9762],[-0.3591,50.9769],[-0.362,50.9767],[-0.3634,50.9756],[-0.3627,50.9753],[-0.3645,50.9721],[-0.3689,50.9716],[-0.3696,50.9709],[-0.3705,50.9706],[-0.3735,50.9701],[-0.3775,50.9665],[-0.3787,50.9635],[-0.3777,50.9623],[-0.3779,50.9617],[-0.375,50.9603],[-0.3711,50.9602],[-0.3694,50.9592],[-0.3688,50.9579],[-0.3687,50.9571],[-0.3698,50.9547],[-0.3727,50.9546],[-0.3727,50.9532],[-0.3734,50.9527],[-0.3704,50.9519],[-0.3702,50.9508],[-0.3707,50.9494],[-0.3692,50.9485],[-0.3693,50.9478],[-0.3688,50.9477],[-0.3681,50.9484],[-0.3667,50.9485],[-0.3687,50.9464],[-0.3781,50.9428],[-0.3796,50.9425],[-0.3829,50.9408],[-0.388,50.9451],[-0.389,50.9456],[-0.3878,50.9472],[-0.3876,50.9486],[-0.3901,50.95],[-0.3932,50.9507],[-0.3941,50.9514],[-0.3939,50.9521],[-0.3951,50.9521],[-0.3944,50.9526],[-0.3951,50.9529],[-0.3951,50.9533],[-0.3946,50.9534],[-0.3948,50.9541],[-0.3937,50.9564],[-0.393,50.9615],[-0.3913,50.9641],[-0.3944,50.9632],[-0.3972,50.9632],[-0.398,50.9634],[-0.4042,50.9643],[-0.4055,50.9654],[-0.4046,50.9677],[-0.4022,50.971],[-0.4039,50.9727],[-0.4037,50.973],[-0.4047,50.9735],[-0.4048,50.9744],[-0.4057,50.9746],[-0.4073,50.9756],[-0.4085,50.9745],[-0.4091,50.9729],[-0.4099,50.973],[-0.4099,50.9733],[-0.4129,50.9735],[-0.413,50.9738],[-0.4119,50.9786],[-0.4092,50.9832],[-0.4074,50.9882],[-0.4095,50.9888],[-0.4111,50.9888],[-0.4125,50.9892],[-0.4148,50.9885],[-0.4191,50.9903],[-0.4193,50.9907],[-0.4187,50.9926],[-0.4192,50.9927],[-0.4191,50.9941],[-0.4171,50.9995],[-0.4142,51.0022],[-0.4138,51.0029],[-0.4171,51.0033],[-0.4166,51.0043],[-0.4186,51.0044],[-0.4183,51.006],[-0.4208,51.0066],[-0.4223,51.0045],[-0.4238,51.0037],[-0.4242,51.0025],[-0.4257,51.0027],[-0.4261,51.0024],[-0.4273,51.0027],[-0.4281,51.0022],[-0.4286,51.0028],[-0.4293,51.0022],[-0.4306,51.0028],[-0.4317,51.0019],[-0.4329,51.0008],[-0.4328,51],[-0.4334,50.9994],[-0.4345,50.9963],[-0.4348,50.9939],[-0.4369,50.9917],[-0.4404,50.9919],[-0.4414,50.9889],[-0.4426,50.9876],[-0.4445,50.9895],[-0.4458,50.9916],[-0.4483,50.9934],[-0.4607,50.9965],[-0.4626,50.9938],[-0.4723,50.9962],[-0.4734,50.9948],[-0.474,50.9946],[-0.4762,50.9949],[-0.4776,50.9953],[-0.4777,50.9958],[-0.4797,50.9961],[-0.4818,50.9959],[-0.4818,50.9955],[-0.4839,50.9953],[-0.4862,50.9961],[-0.4883,50.9959],[-0.4903,50.9977],[-0.4931,50.998],[-0.4951,50.9992],[-0.4966,50.9991],[-0.4974,50.9987],[-0.4982,50.9971],[-0.5012,50.9957],[-0.5059,50.9969],[-0.5073,50.9967],[-0.5088,50.9961],[-0.5111,50.9963],[-0.5119,50.9959],[-0.513,50.9963],[-0.5152,50.9961],[-0.516,50.9967],[-0.5159,50.9975],[-0.5165,50.9975],[-0.5167,50.9971],[-0.5172,50.9972],[-0.5176,50.9986],[-0.5174,50.9992],[-0.5167,50.9996],[-0.5163,51.0007],[-0.5147,51.0014],[-0.5139,51.0024],[-0.5131,51.0022],[-0.5125,51.0024],[-0.5109,51.0039],[-0.5115,51.0051],[-0.5108,51.0059],[-0.511,51.0067],[-0.5107,51.0078],[-0.5093,51.0081],[-0.5075,51.0076],[-0.5061,51.0064],[-0.5048,51.0061],[-0.5044,51.0063],[-0.504,51.0076],[-0.5027,51.008],[-0.5036,51.0084],[-0.5031,51.0091],[-0.5017,51.0092],[-0.5011,51.0097],[-0.4991,51.0091],[-0.4986,51.0106],[-0.4967,51.0112],[-0.4959,51.0104],[-0.4947,51.0107],[-0.4946,51.0111],[-0.4945,51.0113],[-0.4936,51.0108],[-0.4924,51.0112],[-0.4919,51.0109],[-0.4925,51.0106],[-0.4927,51.0099],[-0.4909,51.0103],[-0.4895,51.0096],[-0.4873,51.0098],[-0.4843,51.0109],[-0.4835,51.0117],[-0.4843,51.0121],[-0.4844,51.0134],[-0.4856,51.0141],[-0.487,51.0162],[-0.4865,51.0168],[-0.4853,51.0165],[-0.4842,51.0182],[-0.4835,51.0179],[-0.4816,51.0184],[-0.4807,51.0194],[-0.4798,51.0195],[-0.4779,51.0195],[-0.4771,51.0199],[-0.4768,51.0206],[-0.4759,51.021],[-0.4761,51.0215],[-0.4771,51.0213],[-0.4776,51.0231],[-0.4765,51.0235],[-0.4767,51.0247],[-0.4759,51.0248],[-0.4758,51.0254],[-0.4751,51.0255],[-0.4766,51.0267],[-0.4763,51.027],[-0.4755,51.027],[-0.475,51.0281],[-0.4752,51.0284],[-0.4761,51.0285],[-0.4749,51.0298],[-0.4758,51.0301],[-0.4763,51.0308],[-0.4761,51.0325],[-0.4755,51.033],[-0.4742,51.033],[-0.4732,51.0336],[-0.474,51.034],[-0.4744,51.0357],[-0.4756,51.036],[-0.4759,51.0364],[-0.4754,51.0381],[-0.4762,51.0388],[-0.4773,51.0389],[-0.4777,51.0383],[-0.479,51.038],[-0.4812,51.0381],[-0.4828,51.0386],[-0.4838,51.0401],[-0.4836,51.0416],[-0.4812,51.043],[-0.4815,51.0438],[-0.4805,51.0438],[-0.479,51.045],[-0.4787,51.047],[-0.4796,51.0473],[-0.48,51.0483],[-0.4792,51.0482],[-0.4776,51.05],[-0.4761,51.0504],[-0.473,51.0496],[-0.4707,51.0494],[-0.471,51.0491],[-0.4696,51.0497],[-0.4663,51.0501],[-0.4651,51.0508],[-0.4637,51.051],[-0.4616,51.0506],[-0.46,51.0495],[-0.4585,51.0504],[-0.4577,51.052],[-0.4579,51.054],[-0.4585,51.0546],[-0.4576,51.055],[-0.455,51.0529],[-0.4539,51.0528],[-0.4535,51.0522],[-0.452,51.0519],[-0.4504,51.0498],[-0.4491,51.0495]]]]}},{"type":"Feature","properties":{"FID":6350,"MSOA21CD":"E02006598","MSOA21NM":"Horsham 011","MSOA21NMW":" ","BNG_E":520072,"BNG_N":121009,"LAT":50.976,"LONG":-0.2911,"Shape__Area":52766111.2495,"Shape__Length":44612.7043,"GlobalID":"34022458-d7f0-4783-baa3-01abf4573413","msoa21hclnm":"Cowfold & Partridge Green","localauthorityname":"Horsham","type":"Present in 2011","Life_expectancy_at_birth_male":81.281,"Life_expectancy_at_birth_female":80.945,"Healthy_life_expectancy_male":69.9,"Healthy_life_expectancy_female":69,"Area_Name":"Cowfold & Partridge Green","Life_expectancy_at_birth_male_compared_to_england":"Better","Life_expectancy_at_birth_female_compared_to_england":"Similar","Healthy_life_expectancy_male_compared_to_england":"Better","Healthy_life_expectancy_female_compared_to_england":"Similar"},"geometry":{"type":"MultiPolygon","coordinates":[[[[-0.2941,50.9438],[-0.2943,50.9438],[-0.2943,50.9438],[-0.2941,50.9439],[-0.2941,50.9439],[-0.2941,50.9438]]],[[[-0.2933,50.9469],[-0.2933,50.9454],[-0.2933,50.9455],[-0.2935,50.9465],[-0.2933,50.9469]]],[[[-0.2323,51.0106],[-0.2329,51.0095],[-0.2327,51.0084],[-0.2347,51.0063],[-0.2357,51.0057],[-0.235,51.0043],[-0.2348,50.9996],[-0.235,50.9987],[-0.2367,50.9963],[-0.2362,50.9928],[-0.2371,50.9925],[-0.2392,50.9927],[-0.2393,50.992],[-0.2411,50.9915],[-0.242,50.9907],[-0.2418,50.9868],[-0.2361,50.9872],[-0.231,50.9892],[-0.2295,50.987],[-0.2359,50.9796],[-0.2361,50.9795],[-0.2403,50.9737],[-0.2414,50.97],[-0.2415,50.9679],[-0.2408,50.9637],[-0.2411,50.9617],[-0.2405,50.959],[-0.241,50.9574],[-0.2409,50.9529],[-0.2402,50.9513],[-0.2387,50.95],[-0.2446,50.9495],[-0.2482,50.9534],[-0.252,50.9563],[-0.2524,50.9558],[-0.2535,50.9556],[-0.2563,50.9555],[-0.2599,50.9548],[-0.2618,50.956],[-0.263,50.9562],[-0.2646,50.9561],[-0.2662,50.9566],[-0.2679,50.9557],[-0.2688,50.9559],[-0.2693,50.9551],[-0.2703,50.9548],[-0.2707,50.955],[-0.2722,50.9547],[-0.2737,50.9549],[-0.2746,50.9545],[-0.2746,50.9545],[-0.2746,50.9553],[-0.275,50.9553],[-0.2751,50.9524],[-0.2752,50.9523],[-0.2786,50.9511],[-0.2788,50.951],[-0.2791,50.9507],[-0.2816,50.9501],[-0.284,50.9496],[-0.2886,50.949],[-0.2903,50.9488],[-0.2909,50.9486],[-0.2919,50.9483],[-0.2927,50.9475],[-0.2927,50.9475],[-0.2931,50.9473],[-0.2931,50.9473],[-0.2932,50.9472],[-0.2933,50.9472],[-0.2933,50.9472],[-0.2933,50.9472],[-0.2935,50.9468],[-0.2936,50.9465],[-0.2934,50.9447],[-0.2942,50.9439],[-0.2956,50.9433],[-0.298,50.943],[-0.299,50.9416],[-0.2989,50.9409],[-0.2989,50.9409],[-0.299,50.9403],[-0.299,50.9403],[-0.2992,50.9397],[-0.3011,50.9386],[-0.3011,50.9374],[-0.3011,50.9374],[-0.3064,50.9408],[-0.3077,50.9445],[-0.3069,50.9452],[-0.3077,50.9449],[-0.3092,50.9468],[-0.3123,50.9477],[-0.3131,50.9479],[-0.3133,50.9479],[-0.3134,50.9479],[-0.3134,50.9479],[-0.3135,50.9479],[-0.3145,50.9477],[-0.3164,50.9472],[-0.3165,50.9471],[-0.3177,50.9469],[-0.319,50.9469],[-0.32,50.9472],[-0.321,50.9477],[-0.3211,50.9481],[-0.3198,50.9487],[-0.3195,50.9492],[-0.3212,50.948],[-0.3212,50.9479],[-0.3215,50.9482],[-0.3223,50.9481],[-0.3244,50.9474],[-0.3247,50.9468],[-0.3283,50.9467],[-0.3295,50.9472],[-0.3301,50.9482],[-0.3328,50.9487],[-0.3348,50.9477],[-0.3372,50.9475],[-0.3386,50.9457],[-0.3387,50.9446],[-0.3398,50.9438],[-0.345,50.9431],[-0.3459,50.9424],[-0.3467,50.9423],[-0.3466,50.9419],[-0.3476,50.942],[-0.3481,50.9427],[-0.3507,50.9422],[-0.3519,50.9461],[-0.3548,50.9496],[-0.3556,50.9495],[-0.357,50.9502],[-0.357,50.9515],[-0.3589,50.9516],[-0.3656,50.9512],[-0.3667,50.9485],[-0.3681,50.9484],[-0.3688,50.9477],[-0.3693,50.9478],[-0.3692,50.9485],[-0.3707,50.9494],[-0.3702,50.9508],[-0.3704,50.9519],[-0.3734,50.9527],[-0.3727,50.9532],[-0.3727,50.9546],[-0.3698,50.9547],[-0.3687,50.9571],[-0.3688,50.9579],[-0.3694,50.9592],[-0.3711,50.9602],[-0.375,50.9603],[-0.3779,50.9617],[-0.3777,50.9623],[-0.3787,50.9635],[-0.3775,50.9665],[-0.3735,50.9701],[-0.3705,50.9706],[-0.3696,50.9709],[-0.3689,50.9716],[-0.3645,50.9721],[-0.3627,50.9753],[-0.3634,50.9756],[-0.362,50.9767],[-0.3591,50.9769],[-0.3579,50.9762],[-0.3562,50.9767],[-0.3537,50.9756],[-0.3488,50.9743],[-0.3431,50.9742],[-0.3425,50.974],[-0.3424,50.9743],[-0.3429,50.9779],[-0.3421,50.9845],[-0.3407,50.9877],[-0.341,50.9893],[-0.3407,50.9921],[-0.339,50.9952],[-0.3387,50.9969],[-0.3374,50.9989],[-0.335,51.0028],[-0.3353,51.0071],[-0.3286,51.0069],[-0.3292,51.0066],[-0.3286,51.0061],[-0.3292,51.0054],[-0.3284,51.0051],[-0.3281,51.0044],[-0.3278,51.0022],[-0.3252,51.0022],[-0.3241,51.0025],[-0.3216,51.0017],[-0.3202,51.0015],[-0.3203,51.0018],[-0.3183,51.0022],[-0.3181,51.0028],[-0.3174,51.0023],[-0.3165,51.0031],[-0.3167,51.0036],[-0.316,51.0031],[-0.3159,51.0022],[-0.314,50.9987],[-0.3097,50.9992],[-0.3056,51],[-0.3052,51.0008],[-0.3048,51.0036],[-0.3027,51.0027],[-0.3014,51.0027],[-0.2981,51.0042],[-0.2966,51.0043],[-0.2955,51.0032],[-0.2951,51.0032],[-0.2942,51.0039],[-0.2933,51.0041],[-0.2926,51.006],[-0.2918,51.0069],[-0.2869,51.0089],[-0.2854,51.01],[-0.2833,51.0106],[-0.2832,51.0115],[-0.28,51.0118],[-0.2768,51.0118],[-0.2756,51.0115],[-0.2732,51.0124],[-0.2658,51.0114],[-0.2664,51.0091],[-0.2635,51.009],[-0.2647,51.0075],[-0.263,51.0067],[-0.2637,51.006],[-0.2618,51.0055],[-0.2606,51.0069],[-0.2597,51.0062],[-0.2595,51.0052],[-0.259,51.005],[-0.2574,51.0052],[-0.2565,51.0049],[-0.256,51.0051],[-0.2547,51.005],[-0.2535,51.0054],[-0.2516,51.0073],[-0.2516,51.0083],[-0.2507,51.0087],[-0.2509,51.0107],[-0.2503,51.0111],[-0.2497,51.0106],[-0.2489,51.0108],[-0.2484,51.0124],[-0.2455,51.0141],[-0.2451,51.0123],[-0.2368,51.0119],[-0.2341,51.0111],[-0.2321,51.0109],[-0.2323,51.0106]]]]}},{"type":"Feature","properties":{"FID":6351,"MSOA21CD":"E02006599","MSOA21NM":"Horsham 012","MSOA21NMW":" ","BNG_E":507146,"BNG_N":120091,"LAT":50.9703,"LONG":-0.4754,"Shape__Area":37867047.7181,"Shape__Length":49948.1473,"GlobalID":"a4235a8f-7804-42c3-80af-7dab7538fa08","msoa21hclnm":"West Chiltington Common","localauthorityname":"Horsham","type":"Present in 2011","Life_expectancy_at_birth_male":85.2456,"Life_expectancy_at_birth_female":90.0111,"Healthy_life_expectancy_male":75,"Healthy_life_expectancy_female":77.8,"Area_Name":"West Chiltington Common","Life_expectancy_at_birth_male_compared_to_england":"Better","Life_expectancy_at_birth_female_compared_to_england":"Better","Healthy_life_expectancy_male_compared_to_england":"Better","Healthy_life_expectancy_female_compared_to_england":"Better"},"geometry":{"type":"MultiPolygon","coordinates":[[[[-0.4921,50.9518],[-0.4921,50.9518],[-0.4926,50.952],[-0.4925,50.952],[-0.4921,50.9518]]],[[[-0.4953,50.9526],[-0.4944,50.952],[-0.4955,50.9526],[-0.4953,50.9526]]],[[[-0.4905,50.9527],[-0.4914,50.9522],[-0.4908,50.9526],[-0.4905,50.9527]]],[[[-0.4879,50.9527],[-0.4878,50.9526],[-0.488,50.9527],[-0.4879,50.9527]]],[[[-0.489,50.9529],[-0.4887,50.9529],[-0.4892,50.9529],[-0.489,50.9529]]],[[[-0.4965,50.953],[-0.497,50.953],[-0.4968,50.953],[-0.4965,50.953]]],[[[-0.5322,50.9538],[-0.5322,50.9537],[-0.5322,50.9538],[-0.5322,50.9538]]],[[[-0.5278,50.9793],[-0.5286,50.9791],[-0.5287,50.9791],[-0.5251,50.9805],[-0.5254,50.9803],[-0.5259,50.9801],[-0.5278,50.9793]]],[[[-0.4171,51.0033],[-0.4208,50.9992],[-0.4233,50.9981],[-0.4239,50.9971],[-0.4238,50.9962],[-0.4233,50.9958],[-0.4204,50.9956],[-0.4203,50.9932],[-0.4197,50.9932],[-0.4202,50.9907],[-0.4166,50.9888],[-0.4155,50.9886],[-0.4164,50.9855],[-0.4221,50.9764],[-0.4224,50.9754],[-0.4213,50.9746],[-0.4238,50.9724],[-0.4222,50.9719],[-0.4237,50.9707],[-0.4267,50.9662],[-0.4279,50.9642],[-0.4272,50.9639],[-0.4312,50.9612],[-0.4322,50.9604],[-0.4343,50.9568],[-0.4367,50.9541],[-0.4374,50.9529],[-0.4388,50.9493],[-0.4395,50.9474],[-0.4418,50.9406],[-0.4457,50.9406],[-0.4469,50.9399],[-0.4471,50.9406],[-0.4478,50.9405],[-0.4467,50.9385],[-0.4462,50.9363],[-0.4492,50.9364],[-0.4542,50.9356],[-0.454,50.9352],[-0.4552,50.935],[-0.4551,50.9348],[-0.4572,50.9351],[-0.4572,50.9334],[-0.459,50.9307],[-0.4584,50.9303],[-0.457,50.9271],[-0.4581,50.9258],[-0.4536,50.9254],[-0.4536,50.9251],[-0.4527,50.925],[-0.4523,50.9254],[-0.4516,50.9249],[-0.4506,50.9248],[-0.4492,50.925],[-0.4488,50.9253],[-0.4485,50.9249],[-0.4477,50.9248],[-0.4472,50.9258],[-0.4465,50.9257],[-0.4447,50.9252],[-0.445,50.9242],[-0.4452,50.9229],[-0.4447,50.9224],[-0.444,50.9224],[-0.444,50.922],[-0.445,50.9216],[-0.4453,50.9218],[-0.4459,50.9215],[-0.4464,50.9218],[-0.4467,50.9222],[-0.4473,50.922],[-0.4504,50.9228],[-0.451,50.9219],[-0.4499,50.9209],[-0.4489,50.9214],[-0.4483,50.9211],[-0.4485,50.9208],[-0.448,50.9204],[-0.4483,50.9202],[-0.4488,50.9199],[-0.4495,50.9196],[-0.4503,50.9197],[-0.451,50.919],[-0.4514,50.9198],[-0.4515,50.9201],[-0.452,50.92],[-0.4524,50.9212],[-0.4547,50.9218],[-0.4535,50.9225],[-0.4537,50.9229],[-0.4565,50.9237],[-0.4586,50.9248],[-0.4603,50.9247],[-0.4606,50.9242],[-0.4592,50.9218],[-0.4599,50.9213],[-0.4605,50.9215],[-0.4607,50.9221],[-0.4611,50.922],[-0.4606,50.9206],[-0.4606,50.9196],[-0.461,50.9197],[-0.4606,50.9193],[-0.4611,50.919],[-0.4652,50.9193],[-0.4659,50.9196],[-0.4659,50.92],[-0.4664,50.92],[-0.4664,50.9195],[-0.4667,50.92],[-0.4671,50.92],[-0.4673,50.9196],[-0.4661,50.919],[-0.4667,50.9191],[-0.4669,50.9189],[-0.466,50.9182],[-0.467,50.918],[-0.467,50.9182],[-0.468,50.9181],[-0.4685,50.9183],[-0.4681,50.9191],[-0.4676,50.9192],[-0.4679,50.9195],[-0.4689,50.9193],[-0.4687,50.9199],[-0.4682,50.9198],[-0.4689,50.9201],[-0.4691,50.9219],[-0.4699,50.9222],[-0.4711,50.9219],[-0.4726,50.9221],[-0.4727,50.921],[-0.4738,50.9212],[-0.4727,50.9225],[-0.471,50.9237],[-0.4705,50.9232],[-0.4725,50.9262],[-0.4722,50.9265],[-0.4723,50.9277],[-0.4742,50.9302],[-0.471,50.9322],[-0.4698,50.9337],[-0.4715,50.9355],[-0.4726,50.9384],[-0.4703,50.9409],[-0.4686,50.9421],[-0.4688,50.9423],[-0.4732,50.945],[-0.4776,50.9464],[-0.4786,50.9464],[-0.4819,50.9476],[-0.4824,50.9479],[-0.4822,50.9488],[-0.4833,50.95],[-0.4853,50.9504],[-0.4857,50.952],[-0.4856,50.952],[-0.4857,50.9521],[-0.4857,50.9522],[-0.4866,50.9524],[-0.4869,50.9526],[-0.4871,50.9526],[-0.4875,50.9524],[-0.4877,50.9527],[-0.4881,50.9528],[-0.489,50.9529],[-0.4895,50.9529],[-0.4902,50.9529],[-0.4904,50.9527],[-0.4908,50.9527],[-0.4916,50.9521],[-0.4921,50.9518],[-0.4925,50.952],[-0.4926,50.952],[-0.4926,50.952],[-0.4943,50.9519],[-0.4952,50.9526],[-0.496,50.9529],[-0.4961,50.953],[-0.4961,50.953],[-0.4962,50.953],[-0.4965,50.9531],[-0.4969,50.9531],[-0.497,50.9531],[-0.4973,50.953],[-0.4976,50.953],[-0.4979,50.953],[-0.4961,50.9554],[-0.4951,50.956],[-0.4951,50.9568],[-0.4965,50.957],[-0.496,50.9579],[-0.4957,50.9583],[-0.4948,50.9578],[-0.494,50.9583],[-0.4949,50.9609],[-0.4936,50.9614],[-0.4936,50.9623],[-0.4933,50.9641],[-0.4962,50.9643],[-0.4953,50.9649],[-0.4954,50.9659],[-0.4933,50.9692],[-0.4963,50.9707],[-0.4966,50.9712],[-0.4955,50.9713],[-0.4954,50.9721],[-0.4958,50.9721],[-0.4968,50.9719],[-0.4965,50.9716],[-0.4975,50.9705],[-0.4979,50.9706],[-0.4989,50.9701],[-0.5003,50.9704],[-0.5034,50.9698],[-0.504,50.9701],[-0.5078,50.9693],[-0.5088,50.9692],[-0.5104,50.9683],[-0.5117,50.9676],[-0.5186,50.9634],[-0.5204,50.964],[-0.5216,50.9634],[-0.5207,50.9619],[-0.5184,50.9613],[-0.5164,50.9603],[-0.5183,50.96],[-0.5181,50.9593],[-0.519,50.9583],[-0.5207,50.9576],[-0.5221,50.956],[-0.5241,50.9554],[-0.523,50.9544],[-0.5231,50.9543],[-0.5242,50.9535],[-0.5267,50.9532],[-0.529,50.9526],[-0.529,50.9526],[-0.5301,50.9532],[-0.5318,50.9534],[-0.5321,50.9541],[-0.534,50.9543],[-0.5351,50.9553],[-0.5347,50.9565],[-0.5349,50.9572],[-0.5325,50.9583],[-0.5313,50.9596],[-0.5295,50.96],[-0.5274,50.9614],[-0.5276,50.9632],[-0.5267,50.9637],[-0.5268,50.9642],[-0.5285,50.9655],[-0.5301,50.9663],[-0.5305,50.9671],[-0.5292,50.9701],[-0.529,50.9706],[-0.5285,50.9716],[-0.5283,50.9719],[-0.5282,50.9726],[-0.5282,50.9728],[-0.5282,50.9728],[-0.5282,50.9732],[-0.5282,50.9733],[-0.528,50.9734],[-0.527,50.9737],[-0.5269,50.9737],[-0.5267,50.9739],[-0.5266,50.9741],[-0.5266,50.9751],[-0.5269,50.9745],[-0.5273,50.9747],[-0.5277,50.9747],[-0.5288,50.975],[-0.5296,50.9774],[-0.5297,50.9777],[-0.5297,50.9777],[-0.5297,50.9778],[-0.5296,50.978],[-0.5295,50.9782],[-0.5292,50.9788],[-0.5292,50.9789],[-0.5291,50.979],[-0.5281,50.9791],[-0.5256,50.9801],[-0.5248,50.9805],[-0.5231,50.982],[-0.5233,50.9823],[-0.5232,50.982],[-0.5232,50.982],[-0.5233,50.982],[-0.5233,50.982],[-0.5233,50.9823],[-0.5245,50.9823],[-0.5252,50.9843],[-0.5249,50.9869],[-0.5237,50.9876],[-0.5236,50.9888],[-0.5221,50.9887],[-0.5212,50.9903],[-0.5192,50.9901],[-0.5189,50.9907],[-0.518,50.9908],[-0.5173,50.9898],[-0.5166,50.9896],[-0.515,50.9902],[-0.5104,50.9902],[-0.5099,50.9899],[-0.5074,50.9904],[-0.5067,50.993],[-0.5074,50.9933],[-0.5071,50.9938],[-0.5081,50.994],[-0.5077,50.9951],[-0.5088,50.9961],[-0.5073,50.9967],[-0.5059,50.9969],[-0.5012,50.9957],[-0.4982,50.9971],[-0.4974,50.9987],[-0.4966,50.9991],[-0.4951,50.9992],[-0.4931,50.998],[-0.4903,50.9977],[-0.4883,50.9959],[-0.4862,50.9961],[-0.4839,50.9953],[-0.4818,50.9955],[-0.4818,50.9959],[-0.4797,50.9961],[-0.4777,50.9958],[-0.4776,50.9953],[-0.4762,50.9949],[-0.474,50.9946],[-0.4734,50.9948],[-0.4723,50.9962],[-0.4626,50.9938],[-0.4607,50.9965],[-0.4483,50.9934],[-0.4458,50.9916],[-0.4445,50.9895],[-0.4426,50.9876],[-0.4414,50.9889],[-0.4404,50.9919],[-0.4369,50.9917],[-0.4348,50.9939],[-0.4345,50.9963],[-0.4334,50.9994],[-0.4328,51],[-0.4329,51.0008],[-0.4317,51.0019],[-0.4306,51.0028],[-0.4293,51.0022],[-0.4286,51.0028],[-0.4281,51.0022],[-0.4273,51.0027],[-0.4261,51.0024],[-0.4257,51.0027],[-0.4242,51.0025],[-0.4238,51.0037],[-0.4223,51.0045],[-0.4208,51.0066],[-0.4183,51.006],[-0.4186,51.0044],[-0.4166,51.0043],[-0.4171,51.0033]]]]}},{"type":"Feature","properties":{"FID":6352,"MSOA21CD":"E02006600","MSOA21NM":"Horsham 013","MSOA21NMW":" ","BNG_E":506276,"BNG_N":114059,"LAT":50.9162,"LONG":-0.4895,"Shape__Area":48139927.0297,"Shape__Length":75261.72,"GlobalID":"09a35bbd-c95e-49ad-9806-016850e92cb0","msoa21hclnm":"Amberley, Pulborough & Storrington","localauthorityname":"Horsham","type":"Present in 2011","Life_expectancy_at_birth_male":82.0086,"Life_expectancy_at_birth_female":85.568,"Healthy_life_expectancy_male":69.2,"Healthy_life_expectancy_female":70.3,"Area_Name":"Amberley, Pulborough & Storrington","Life_expectancy_at_birth_male_compared_to_england":"Better","Life_expectancy_at_birth_female_compared_to_england":"Better","Healthy_life_expectancy_male_compared_to_england":"Better","Healthy_life_expectancy_female_compared_to_england":"Better"},"geometry":{"type":"MultiPolygon","coordinates":[[[[-0.5473,50.8994],[-0.5477,50.8993],[-0.5474,50.8994],[-0.5473,50.8994]]],[[[-0.5449,50.9141],[-0.5447,50.9141],[-0.5449,50.9141],[-0.545,50.9141],[-0.5449,50.9141]]],[[[-0.5483,50.9142],[-0.5492,50.9141],[-0.549,50.9142],[-0.5479,50.9142],[-0.5483,50.9142]]],[[[-0.4926,50.952],[-0.4942,50.9519],[-0.4943,50.9519],[-0.4926,50.952],[-0.4926,50.952]]],[[[-0.529,50.9526],[-0.529,50.9526],[-0.529,50.9526],[-0.529,50.9526]]],[[[-0.4916,50.9521],[-0.492,50.9518],[-0.4921,50.9518],[-0.4916,50.9521]]],[[[-0.4857,50.9522],[-0.4857,50.9521],[-0.4866,50.9524],[-0.4857,50.9522]]],[[[-0.4895,50.9529],[-0.4904,50.9527],[-0.4902,50.9529],[-0.4895,50.9529]]],[[[-0.4959,50.9529],[-0.4957,50.9526],[-0.4955,50.9526],[-0.4944,50.952],[-0.4943,50.9519],[-0.4942,50.9519],[-0.4926,50.952],[-0.4921,50.9518],[-0.4921,50.9518],[-0.492,50.9517],[-0.4914,50.9522],[-0.4905,50.9527],[-0.4892,50.9529],[-0.4887,50.9529],[-0.488,50.9527],[-0.4878,50.9526],[-0.4877,50.9525],[-0.4875,50.9524],[-0.487,50.9525],[-0.4857,50.952],[-0.4853,50.9504],[-0.4833,50.95],[-0.4822,50.9488],[-0.4824,50.9479],[-0.4819,50.9476],[-0.4786,50.9464],[-0.4776,50.9464],[-0.4732,50.945],[-0.4688,50.9423],[-0.4686,50.9421],[-0.4703,50.9409],[-0.4726,50.9384],[-0.4715,50.9355],[-0.4698,50.9337],[-0.471,50.9322],[-0.4742,50.9302],[-0.4723,50.9277],[-0.4722,50.9265],[-0.4725,50.9262],[-0.4705,50.9232],[-0.471,50.9237],[-0.4727,50.9225],[-0.4738,50.9212],[-0.4727,50.921],[-0.4726,50.9221],[-0.4711,50.9219],[-0.4699,50.9222],[-0.4691,50.9219],[-0.4689,50.9201],[-0.4682,50.9198],[-0.4687,50.9199],[-0.4689,50.9193],[-0.4679,50.9195],[-0.4676,50.9192],[-0.4681,50.9191],[-0.4685,50.9183],[-0.468,50.9181],[-0.467,50.9182],[-0.467,50.918],[-0.466,50.9182],[-0.4669,50.9189],[-0.4667,50.9191],[-0.4661,50.919],[-0.4673,50.9196],[-0.4671,50.92],[-0.4667,50.92],[-0.4664,50.9195],[-0.4664,50.92],[-0.4659,50.92],[-0.4659,50.9196],[-0.4652,50.9193],[-0.4611,50.919],[-0.4606,50.9193],[-0.461,50.9197],[-0.4606,50.9196],[-0.4606,50.9206],[-0.4611,50.922],[-0.4607,50.9221],[-0.4605,50.9215],[-0.4599,50.9213],[-0.4592,50.9218],[-0.4606,50.9242],[-0.4603,50.9247],[-0.4586,50.9248],[-0.4565,50.9237],[-0.4537,50.9229],[-0.4535,50.9225],[-0.4547,50.9218],[-0.4524,50.9212],[-0.452,50.92],[-0.4515,50.9201],[-0.4514,50.9198],[-0.451,50.919],[-0.4503,50.9197],[-0.4495,50.9196],[-0.4488,50.9199],[-0.4483,50.9202],[-0.448,50.9204],[-0.4485,50.9208],[-0.4483,50.9211],[-0.4489,50.9214],[-0.4499,50.9209],[-0.451,50.9219],[-0.4504,50.9228],[-0.4473,50.922],[-0.4467,50.9222],[-0.4464,50.9218],[-0.4459,50.9215],[-0.4453,50.9218],[-0.445,50.9216],[-0.444,50.922],[-0.4428,50.9223],[-0.4417,50.9211],[-0.4447,50.9199],[-0.4457,50.9195],[-0.4452,50.9189],[-0.4443,50.9178],[-0.4438,50.9179],[-0.4437,50.9171],[-0.4445,50.9162],[-0.4427,50.9155],[-0.443,50.9152],[-0.4427,50.912],[-0.445,50.915],[-0.4463,50.9152],[-0.4465,50.9141],[-0.4481,50.9143],[-0.4486,50.9131],[-0.4507,50.9127],[-0.4521,50.9118],[-0.4538,50.9111],[-0.4529,50.9092],[-0.4528,50.908],[-0.4567,50.9029],[-0.457,50.902],[-0.4692,50.8847],[-0.4766,50.8851],[-0.4753,50.8943],[-0.482,50.8944],[-0.4796,50.8963],[-0.4803,50.8984],[-0.4828,50.8991],[-0.4836,50.8979],[-0.4838,50.8981],[-0.4867,50.8974],[-0.4862,50.8969],[-0.4881,50.8962],[-0.488,50.8959],[-0.4893,50.8948],[-0.4905,50.8941],[-0.4912,50.894],[-0.4915,50.8933],[-0.493,50.8925],[-0.4933,50.8914],[-0.4924,50.8913],[-0.4908,50.8853],[-0.4931,50.8853],[-0.4944,50.8909],[-0.4985,50.8982],[-0.4999,50.8999],[-0.503,50.897],[-0.5149,50.8889],[-0.5193,50.8898],[-0.5207,50.8877],[-0.5227,50.8867],[-0.5238,50.886],[-0.524,50.8839],[-0.5247,50.883],[-0.5272,50.883],[-0.5293,50.8814],[-0.5308,50.8817],[-0.5328,50.8812],[-0.534,50.8824],[-0.5355,50.8856],[-0.5364,50.8862],[-0.5384,50.8862],[-0.5414,50.8852],[-0.5454,50.8849],[-0.5471,50.8845],[-0.5474,50.8836],[-0.5439,50.8814],[-0.5458,50.8806],[-0.5489,50.8802],[-0.5553,50.882],[-0.5586,50.8846],[-0.5608,50.8877],[-0.5601,50.8889],[-0.56,50.889],[-0.5598,50.8892],[-0.5598,50.8892],[-0.5588,50.8899],[-0.5505,50.8921],[-0.5485,50.8929],[-0.5473,50.8922],[-0.5472,50.89],[-0.5462,50.8896],[-0.5454,50.8895],[-0.5442,50.89],[-0.5429,50.8914],[-0.5431,50.8936],[-0.544,50.8948],[-0.5433,50.8953],[-0.5434,50.8964],[-0.5434,50.8964],[-0.5434,50.8967],[-0.5435,50.8982],[-0.5456,50.8995],[-0.5471,50.8997],[-0.5504,50.8991],[-0.554,50.9029],[-0.555,50.9034],[-0.5557,50.9051],[-0.5525,50.9089],[-0.552,50.9117],[-0.5512,50.9133],[-0.549,50.914],[-0.5458,50.9141],[-0.5445,50.9139],[-0.5435,50.9133],[-0.5426,50.9134],[-0.5426,50.9134],[-0.5426,50.9134],[-0.5364,50.9134],[-0.5363,50.9138],[-0.5374,50.9155],[-0.5375,50.9159],[-0.5375,50.9159],[-0.5361,50.9169],[-0.5365,50.9166],[-0.5381,50.9177],[-0.542,50.9189],[-0.542,50.9191],[-0.5422,50.9189],[-0.5447,50.9202],[-0.5449,50.9215],[-0.5475,50.9239],[-0.5478,50.9252],[-0.5464,50.9274],[-0.5471,50.927],[-0.5472,50.9273],[-0.5469,50.9283],[-0.5471,50.9292],[-0.5472,50.9293],[-0.5462,50.9297],[-0.543,50.9301],[-0.5345,50.933],[-0.5341,50.9334],[-0.5335,50.934],[-0.5334,50.9341],[-0.5334,50.9362],[-0.5291,50.9382],[-0.5278,50.9378],[-0.526,50.9381],[-0.5249,50.9361],[-0.5229,50.9353],[-0.5218,50.9353],[-0.521,50.9354],[-0.5183,50.9356],[-0.5137,50.9353],[-0.5132,50.935],[-0.5134,50.9353],[-0.5123,50.9356],[-0.5111,50.9364],[-0.5114,50.9381],[-0.5126,50.9397],[-0.5127,50.9408],[-0.5135,50.9419],[-0.5121,50.9431],[-0.5101,50.9435],[-0.5085,50.943],[-0.5072,50.9429],[-0.5062,50.9432],[-0.5027,50.9457],[-0.5024,50.9467],[-0.503,50.9478],[-0.5021,50.9491],[-0.5027,50.9502],[-0.5024,50.9508],[-0.502,50.9515],[-0.5018,50.9517],[-0.5018,50.9518],[-0.5014,50.9517],[-0.5009,50.9515],[-0.5007,50.9514],[-0.5005,50.9514],[-0.5,50.9514],[-0.5,50.9514],[-0.4992,50.9524],[-0.497,50.953],[-0.4965,50.953],[-0.4959,50.9529]]],[[[-0.4961,50.953],[-0.4961,50.953],[-0.4962,50.953],[-0.4961,50.953]]],[[[-0.5023,50.9517],[-0.5032,50.9501],[-0.5025,50.9491],[-0.5025,50.9491],[-0.5025,50.9491],[-0.5034,50.9479],[-0.5031,50.9471],[-0.5028,50.9462],[-0.5065,50.9434],[-0.5084,50.9432],[-0.5097,50.9439],[-0.5103,50.9438],[-0.5123,50.9432],[-0.5138,50.9421],[-0.5138,50.9414],[-0.513,50.9408],[-0.5131,50.9397],[-0.5117,50.9375],[-0.5118,50.9364],[-0.5127,50.9357],[-0.5188,50.9358],[-0.5227,50.9355],[-0.5247,50.9364],[-0.5254,50.9384],[-0.526,50.9383],[-0.5274,50.9381],[-0.529,50.9385],[-0.5341,50.9367],[-0.5341,50.9363],[-0.5337,50.934],[-0.5347,50.9332],[-0.5347,50.9332],[-0.5349,50.9331],[-0.5396,50.9315],[-0.5408,50.9313],[-0.5412,50.9315],[-0.5413,50.9316],[-0.5431,50.9305],[-0.5474,50.9296],[-0.5474,50.9293],[-0.5477,50.9266],[-0.5485,50.9254],[-0.5478,50.9238],[-0.5452,50.9213],[-0.5453,50.9204],[-0.5453,50.9204],[-0.5466,50.9208],[-0.5503,50.9226],[-0.5506,50.923],[-0.5523,50.923],[-0.5525,50.9235],[-0.5561,50.9235],[-0.5566,50.9249],[-0.556,50.9258],[-0.5576,50.9291],[-0.5614,50.9299],[-0.5651,50.9313],[-0.5681,50.9339],[-0.5689,50.9352],[-0.5688,50.9399],[-0.5685,50.94],[-0.5688,50.9424],[-0.5658,50.9458],[-0.5646,50.9481],[-0.5637,50.9494],[-0.5615,50.95],[-0.5601,50.9507],[-0.5595,50.9515],[-0.5575,50.9515],[-0.5574,50.9519],[-0.5562,50.952],[-0.5547,50.9522],[-0.5534,50.952],[-0.5523,50.9527],[-0.5516,50.9525],[-0.5509,50.9528],[-0.5502,50.9538],[-0.5466,50.9544],[-0.545,50.9531],[-0.5452,50.952],[-0.5444,50.9516],[-0.5453,50.9503],[-0.5444,50.9482],[-0.5439,50.948],[-0.5422,50.9486],[-0.5399,50.9481],[-0.5376,50.9482],[-0.5375,50.9489],[-0.5351,50.9493],[-0.5349,50.9498],[-0.5337,50.9502],[-0.533,50.9526],[-0.5324,50.9531],[-0.5324,50.9531],[-0.5302,50.9528],[-0.5291,50.9521],[-0.5286,50.9525],[-0.5291,50.9518],[-0.5287,50.9518],[-0.5282,50.9525],[-0.5271,50.9525],[-0.524,50.9534],[-0.5211,50.9555],[-0.5205,50.9559],[-0.5202,50.956],[-0.5195,50.9562],[-0.5161,50.9554],[-0.5125,50.9541],[-0.5055,50.9538],[-0.5034,50.9531],[-0.5023,50.9517]]],[[[-0.5029,50.9536],[-0.5032,50.9531],[-0.5057,50.9539],[-0.5128,50.9543],[-0.5167,50.9557],[-0.5093,50.9564],[-0.5083,50.9563],[-0.5047,50.9559],[-0.5038,50.9549],[-0.5044,50.9543],[-0.5029,50.9536]]],[[[-0.4963,50.9707],[-0.4933,50.9692],[-0.4954,50.9659],[-0.4953,50.9649],[-0.4962,50.9643],[-0.4933,50.9641],[-0.4936,50.9623],[-0.4936,50.9614],[-0.4949,50.9609],[-0.494,50.9583],[-0.4948,50.9578],[-0.4957,50.9583],[-0.496,50.9579],[-0.4965,50.957],[-0.4951,50.9568],[-0.4951,50.956],[-0.4961,50.9554],[-0.4979,50.953],[-0.4976,50.953],[-0.4973,50.953],[-0.4985,50.9526],[-0.4991,50.9525],[-0.4992,50.9524],[-0.5001,50.9514],[-0.5005,50.9514],[-0.5017,50.9518],[-0.5019,50.9518],[-0.5028,50.9527],[-0.5025,50.9537],[-0.5028,50.9538],[-0.5041,50.9543],[-0.5035,50.9549],[-0.5035,50.955],[-0.5042,50.9556],[-0.5043,50.9557],[-0.5048,50.9562],[-0.5076,50.9565],[-0.509,50.9566],[-0.5123,50.9564],[-0.5163,50.9561],[-0.5166,50.9564],[-0.5166,50.956],[-0.5171,50.956],[-0.5191,50.9564],[-0.52,50.9563],[-0.5209,50.9559],[-0.5229,50.9545],[-0.5231,50.9543],[-0.523,50.9544],[-0.5241,50.9554],[-0.5221,50.956],[-0.5207,50.9576],[-0.519,50.9583],[-0.5181,50.9593],[-0.5183,50.96],[-0.5164,50.9603],[-0.5184,50.9613],[-0.5207,50.9619],[-0.5216,50.9634],[-0.5204,50.964],[-0.5186,50.9634],[-0.5117,50.9676],[-0.5104,50.9683],[-0.5088,50.9692],[-0.5078,50.9693],[-0.504,50.9701],[-0.5034,50.9698],[-0.5003,50.9704],[-0.4989,50.9701],[-0.4979,50.9706],[-0.4975,50.9705],[-0.4965,50.9716],[-0.4968,50.9719],[-0.4958,50.9721],[-0.4954,50.9721],[-0.4955,50.9713],[-0.4966,50.9712],[-0.4963,50.9707]]]]}},{"type":"Feature","properties":{"FID":6353,"MSOA21CD":"E02006601","MSOA21NM":"Horsham 014","MSOA21NMW":" ","BNG_E":521908,"BNG_N":115606,"LAT":50.927,"LONG":-0.2667,"Shape__Area":47361304.1308,"Shape__Length":50781.5124,"GlobalID":"f7759583-eb2e-4ad8-a102-c8d2930cc770","msoa21hclnm":"Henfield & Small Dole","localauthorityname":"Horsham","type":"Present in 2011","Life_expectancy_at_birth_male":80.9914,"Life_expectancy_at_birth_female":84.6325,"Healthy_life_expectancy_male":69,"Healthy_life_expectancy_female":70.5,"Area_Name":"Henfield & Small Dole","Life_expectancy_at_birth_male_compared_to_england":"Better","Life_expectancy_at_birth_female_compared_to_england":"Better","Healthy_life_expectancy_male_compared_to_england":"Better","Healthy_life_expectancy_female_compared_to_england":"Better"},"geometry":{"type":"MultiPolygon","coordinates":[[[[-0.3011,50.9374],[-0.301,50.9373],[-0.3011,50.9374],[-0.3011,50.9374],[-0.3011,50.9374],[-0.3011,50.9374]]],[[[-0.2988,50.9406],[-0.299,50.9403],[-0.2989,50.9409],[-0.2988,50.9406]]],[[[-0.3176,50.9469],[-0.3177,50.9469],[-0.3165,50.9471],[-0.3166,50.9471],[-0.317,50.9469],[-0.3171,50.9469],[-0.3176,50.9469]]],[[[-0.319,50.9469],[-0.3193,50.9469],[-0.32,50.9472],[-0.319,50.9469],[-0.319,50.9469]]],[[[-0.2933,50.9472],[-0.2933,50.9472],[-0.2933,50.9472],[-0.2933,50.9472]]],[[[-0.2928,50.9474],[-0.2931,50.9473],[-0.2927,50.9475],[-0.2928,50.9474]]],[[[-0.3134,50.9479],[-0.3135,50.9479],[-0.3134,50.9479],[-0.3134,50.9479]]],[[[-0.3295,50.9472],[-0.3283,50.9467],[-0.3247,50.9468],[-0.3244,50.9474],[-0.3223,50.9481],[-0.3215,50.9482],[-0.3212,50.9479],[-0.3212,50.9476],[-0.3195,50.9468],[-0.3179,50.9465],[-0.3169,50.9468],[-0.3162,50.9472],[-0.3161,50.9472],[-0.3154,50.9474],[-0.315,50.9475],[-0.3132,50.9478],[-0.3101,50.947],[-0.3094,50.9468],[-0.3093,50.9468],[-0.308,50.9451],[-0.3086,50.9449],[-0.3079,50.9447],[-0.3066,50.9408],[-0.3015,50.9373],[-0.3023,50.9366],[-0.3025,50.9361],[-0.3031,50.935],[-0.3062,50.9341],[-0.3066,50.9335],[-0.3068,50.9333],[-0.3073,50.933],[-0.3094,50.9315],[-0.3098,50.9306],[-0.3095,50.9292],[-0.3103,50.9279],[-0.3103,50.9278],[-0.3104,50.9276],[-0.3099,50.9263],[-0.3077,50.9243],[-0.3075,50.9237],[-0.3072,50.9231],[-0.307,50.9224],[-0.3061,50.9218],[-0.3051,50.9217],[-0.3003,50.9181],[-0.3002,50.9141],[-0.2992,50.912],[-0.2978,50.9107],[-0.2954,50.9104],[-0.2954,50.9104],[-0.2953,50.9104],[-0.2949,50.91],[-0.2948,50.91],[-0.2945,50.9097],[-0.2925,50.9079],[-0.2925,50.9079],[-0.2926,50.9074],[-0.2927,50.907],[-0.2927,50.907],[-0.2927,50.9069],[-0.2919,50.9039],[-0.2923,50.9033],[-0.2927,50.9027],[-0.2921,50.9012],[-0.293,50.8993],[-0.2931,50.8992],[-0.2934,50.8991],[-0.2938,50.899],[-0.2949,50.8991],[-0.2975,50.8993],[-0.2993,50.899],[-0.3021,50.8996],[-0.3038,50.8994],[-0.3043,50.8966],[-0.3038,50.8957],[-0.3072,50.8936],[-0.3073,50.8919],[-0.3085,50.891],[-0.31,50.892],[-0.3098,50.8928],[-0.3129,50.8938],[-0.3131,50.8929],[-0.3157,50.8923],[-0.3188,50.8927],[-0.32,50.8924],[-0.3213,50.8916],[-0.3211,50.8925],[-0.3217,50.8924],[-0.3222,50.894],[-0.3239,50.8938],[-0.3245,50.8941],[-0.3254,50.8938],[-0.3254,50.8923],[-0.3232,50.8915],[-0.3235,50.8913],[-0.3262,50.8916],[-0.3262,50.8905],[-0.3275,50.8907],[-0.3276,50.8913],[-0.3274,50.8917],[-0.3292,50.8923],[-0.3297,50.8929],[-0.3309,50.8939],[-0.3319,50.894],[-0.3325,50.8924],[-0.3332,50.8924],[-0.333,50.8921],[-0.3336,50.8916],[-0.3357,50.8923],[-0.3342,50.8915],[-0.3342,50.8909],[-0.3331,50.8901],[-0.3328,50.8894],[-0.3357,50.8884],[-0.3404,50.8879],[-0.3427,50.8894],[-0.3389,50.8906],[-0.3368,50.8925],[-0.3466,50.8949],[-0.3456,50.8966],[-0.3459,50.899],[-0.3499,50.9042],[-0.3526,50.9119],[-0.352,50.913],[-0.3503,50.9135],[-0.35,50.9162],[-0.3504,50.9186],[-0.3471,50.9186],[-0.3449,50.9201],[-0.3473,50.9219],[-0.3478,50.924],[-0.3492,50.9258],[-0.3534,50.9245],[-0.3552,50.9251],[-0.3597,50.9244],[-0.361,50.9245],[-0.359,50.9293],[-0.3566,50.93],[-0.3538,50.9304],[-0.3528,50.9301],[-0.3535,50.932],[-0.3559,50.9326],[-0.3558,50.9345],[-0.3533,50.9379],[-0.3525,50.9405],[-0.352,50.9413],[-0.3505,50.9416],[-0.3507,50.9422],[-0.3481,50.9427],[-0.3476,50.942],[-0.3466,50.9419],[-0.3467,50.9423],[-0.3459,50.9424],[-0.345,50.9431],[-0.3398,50.9438],[-0.3387,50.9446],[-0.3386,50.9457],[-0.3372,50.9475],[-0.3348,50.9477],[-0.3328,50.9487],[-0.3301,50.9482],[-0.3295,50.9472]]],[[[-0.2858,50.9493],[-0.2886,50.949],[-0.284,50.9496],[-0.285,50.9494],[-0.2858,50.9493]]],[[[-0.2794,50.9505],[-0.2816,50.9501],[-0.2791,50.9507],[-0.2794,50.9505]]],[[[-0.2752,50.9523],[-0.2752,50.9523],[-0.2751,50.9524],[-0.2751,50.9524],[-0.2752,50.9523]]],[[[-0.2662,50.9566],[-0.2646,50.9561],[-0.263,50.9562],[-0.2618,50.956],[-0.2599,50.9548],[-0.2563,50.9555],[-0.2535,50.9556],[-0.2524,50.9558],[-0.252,50.9563],[-0.2482,50.9534],[-0.2446,50.9495],[-0.2387,50.95],[-0.2299,50.9486],[-0.2248,50.9485],[-0.2251,50.9453],[-0.2245,50.9429],[-0.2276,50.9424],[-0.2283,50.9386],[-0.2317,50.9363],[-0.2319,50.9358],[-0.2316,50.9354],[-0.2301,50.9353],[-0.2295,50.9335],[-0.2303,50.932],[-0.2303,50.93],[-0.2315,50.9289],[-0.2306,50.9286],[-0.23,50.9276],[-0.2301,50.9269],[-0.2294,50.926],[-0.2298,50.9253],[-0.2294,50.9227],[-0.2287,50.9222],[-0.2286,50.9213],[-0.2292,50.9187],[-0.2277,50.9182],[-0.2266,50.9168],[-0.2259,50.9166],[-0.2258,50.916],[-0.2269,50.9142],[-0.2265,50.9137],[-0.2268,50.9127],[-0.2238,50.9118],[-0.2245,50.9114],[-0.2263,50.9117],[-0.2335,50.9113],[-0.234,50.9099],[-0.2361,50.9082],[-0.2396,50.9077],[-0.241,50.9077],[-0.2415,50.908],[-0.2419,50.9077],[-0.2442,50.9074],[-0.2452,50.9066],[-0.2467,50.9064],[-0.2471,50.9064],[-0.2473,50.9068],[-0.2499,50.907],[-0.2518,50.9068],[-0.2518,50.9064],[-0.2533,50.9053],[-0.2549,50.905],[-0.2554,50.9038],[-0.2585,50.9037],[-0.26,50.9039],[-0.2626,50.8967],[-0.2634,50.8966],[-0.2699,50.8981],[-0.2773,50.8977],[-0.2758,50.8998],[-0.277,50.9002],[-0.2779,50.9016],[-0.2772,50.9039],[-0.2817,50.9047],[-0.2886,50.9053],[-0.2911,50.9061],[-0.2922,50.9058],[-0.2926,50.907],[-0.2923,50.9081],[-0.2945,50.9099],[-0.2946,50.91],[-0.2946,50.91],[-0.2954,50.9106],[-0.2977,50.9109],[-0.299,50.9121],[-0.3001,50.9143],[-0.3,50.9181],[-0.3002,50.9182],[-0.305,50.9218],[-0.3054,50.9219],[-0.3061,50.922],[-0.3065,50.9222],[-0.3069,50.9225],[-0.3069,50.9225],[-0.3069,50.9226],[-0.3076,50.9244],[-0.3098,50.9264],[-0.3102,50.9278],[-0.3094,50.9291],[-0.3095,50.931],[-0.3071,50.933],[-0.3066,50.9333],[-0.3061,50.934],[-0.3028,50.935],[-0.3022,50.9363],[-0.3021,50.9365],[-0.3021,50.9366],[-0.3007,50.9373],[-0.3008,50.9386],[-0.299,50.9397],[-0.2986,50.9407],[-0.2987,50.9416],[-0.2978,50.9429],[-0.2952,50.9433],[-0.2943,50.9438],[-0.2941,50.9438],[-0.2941,50.9439],[-0.2937,50.9441],[-0.2933,50.944],[-0.2928,50.944],[-0.2933,50.9441],[-0.2936,50.9441],[-0.2932,50.9446],[-0.2932,50.9447],[-0.2932,50.9451],[-0.2933,50.9454],[-0.2933,50.9469],[-0.2931,50.9471],[-0.2928,50.9472],[-0.2903,50.9487],[-0.2879,50.949],[-0.2876,50.949],[-0.2875,50.949],[-0.2853,50.9492],[-0.2793,50.9504],[-0.2751,50.9523],[-0.2747,50.9528],[-0.274,50.9527],[-0.2747,50.9528],[-0.2748,50.9543],[-0.2738,50.9548],[-0.2746,50.9544],[-0.2746,50.9545],[-0.2737,50.9549],[-0.2722,50.9547],[-0.2707,50.955],[-0.2703,50.9548],[-0.2693,50.9551],[-0.2688,50.9559],[-0.2679,50.9557],[-0.2662,50.9566]]]]}},{"type":"Feature","properties":{"FID":6354,"MSOA21CD":"E02006602","MSOA21NM":"Horsham 015","MSOA21NMW":" ","BNG_E":512107,"BNG_N":114976,"LAT":50.9233,"LONG":-0.4063,"Shape__Area":55643626.639,"Shape__Length":56756.3199,"GlobalID":"d5922b13-67b2-41f1-9dd0-d2fab412c524","msoa21hclnm":"Ashington & Washington","localauthorityname":"Horsham","type":"Present in 2011","Life_expectancy_at_birth_male":82.2835,"Life_expectancy_at_birth_female":86.2991,"Healthy_life_expectancy_male":72.2,"Healthy_life_expectancy_female":73.9,"Area_Name":"Ashington & Washington","Life_expectancy_at_birth_male_compared_to_england":"Better","Life_expectancy_at_birth_female_compared_to_england":"Better","Healthy_life_expectancy_male_compared_to_england":"Better","Healthy_life_expectancy_female_compared_to_england":"Better"},"geometry":{"type":"MultiPolygon","coordinates":[[[[-0.4191,50.9903],[-0.4148,50.9885],[-0.4125,50.9892],[-0.4111,50.9888],[-0.4095,50.9888],[-0.4074,50.9882],[-0.4092,50.9832],[-0.4119,50.9786],[-0.413,50.9738],[-0.4129,50.9735],[-0.4099,50.9733],[-0.4099,50.973],[-0.4091,50.9729],[-0.4085,50.9745],[-0.4073,50.9756],[-0.4057,50.9746],[-0.4048,50.9744],[-0.4047,50.9735],[-0.4037,50.973],[-0.4039,50.9727],[-0.4022,50.971],[-0.4046,50.9677],[-0.4055,50.9654],[-0.4042,50.9643],[-0.398,50.9634],[-0.3972,50.9632],[-0.3944,50.9632],[-0.3913,50.9641],[-0.393,50.9615],[-0.3937,50.9564],[-0.3948,50.9541],[-0.3946,50.9534],[-0.3951,50.9533],[-0.3951,50.9529],[-0.3944,50.9526],[-0.3951,50.9521],[-0.3939,50.9521],[-0.3941,50.9514],[-0.3932,50.9507],[-0.3901,50.95],[-0.3876,50.9486],[-0.3878,50.9472],[-0.389,50.9456],[-0.388,50.9451],[-0.3829,50.9408],[-0.3796,50.9425],[-0.3781,50.9428],[-0.3687,50.9464],[-0.3667,50.9485],[-0.3656,50.9512],[-0.3589,50.9516],[-0.357,50.9515],[-0.357,50.9502],[-0.3556,50.9495],[-0.3548,50.9496],[-0.3519,50.9461],[-0.3507,50.9422],[-0.3505,50.9416],[-0.352,50.9413],[-0.3525,50.9405],[-0.3533,50.9379],[-0.3558,50.9345],[-0.3559,50.9326],[-0.3535,50.932],[-0.3528,50.9301],[-0.3538,50.9304],[-0.3566,50.93],[-0.359,50.9293],[-0.361,50.9245],[-0.3597,50.9244],[-0.3552,50.9251],[-0.3534,50.9245],[-0.3492,50.9258],[-0.3478,50.924],[-0.3473,50.9219],[-0.3449,50.9201],[-0.3471,50.9186],[-0.3504,50.9186],[-0.35,50.9162],[-0.3503,50.9135],[-0.352,50.913],[-0.3526,50.9119],[-0.3499,50.9042],[-0.3459,50.899],[-0.3456,50.8966],[-0.3466,50.8949],[-0.3473,50.895],[-0.352,50.893],[-0.3563,50.8921],[-0.3584,50.8907],[-0.359,50.8909],[-0.3624,50.8897],[-0.3639,50.8885],[-0.3718,50.8873],[-0.3801,50.8856],[-0.3817,50.8866],[-0.3819,50.887],[-0.3855,50.8887],[-0.3866,50.8873],[-0.3885,50.8895],[-0.3887,50.8924],[-0.3927,50.8934],[-0.3931,50.8927],[-0.3943,50.892],[-0.396,50.8919],[-0.4015,50.8869],[-0.406,50.8842],[-0.4079,50.8819],[-0.4086,50.8799],[-0.4121,50.8807],[-0.4122,50.8797],[-0.4132,50.8796],[-0.4123,50.8853],[-0.4117,50.8866],[-0.4126,50.8866],[-0.4132,50.8857],[-0.417,50.8862],[-0.4203,50.8861],[-0.4222,50.8867],[-0.4228,50.8864],[-0.4245,50.8865],[-0.4246,50.8862],[-0.4265,50.8879],[-0.4264,50.8892],[-0.4271,50.8895],[-0.4274,50.891],[-0.4271,50.8931],[-0.4311,50.8928],[-0.4311,50.8895],[-0.4341,50.8854],[-0.437,50.8825],[-0.44,50.8775],[-0.4469,50.8805],[-0.4479,50.8797],[-0.4495,50.8822],[-0.4525,50.8909],[-0.4524,50.8928],[-0.4515,50.8955],[-0.4554,50.8969],[-0.4556,50.8967],[-0.4573,50.8958],[-0.4591,50.8936],[-0.4613,50.8921],[-0.4622,50.8906],[-0.4619,50.8892],[-0.4649,50.884],[-0.4692,50.8847],[-0.457,50.902],[-0.4567,50.9029],[-0.4528,50.908],[-0.4529,50.9092],[-0.4538,50.9111],[-0.4521,50.9118],[-0.4507,50.9127],[-0.4486,50.9131],[-0.4481,50.9143],[-0.4465,50.9141],[-0.4463,50.9152],[-0.445,50.915],[-0.4427,50.912],[-0.443,50.9152],[-0.4427,50.9155],[-0.4445,50.9162],[-0.4437,50.9171],[-0.4438,50.9179],[-0.4443,50.9178],[-0.4452,50.9189],[-0.4457,50.9195],[-0.4447,50.9199],[-0.4417,50.9211],[-0.4428,50.9223],[-0.444,50.922],[-0.444,50.9224],[-0.4447,50.9224],[-0.4452,50.9229],[-0.445,50.9242],[-0.4447,50.9252],[-0.4465,50.9257],[-0.4472,50.9258],[-0.4477,50.9248],[-0.4485,50.9249],[-0.4488,50.9253],[-0.4492,50.925],[-0.4506,50.9248],[-0.4516,50.9249],[-0.4523,50.9254],[-0.4527,50.925],[-0.4536,50.9251],[-0.4536,50.9254],[-0.4581,50.9258],[-0.457,50.9271],[-0.4584,50.9303],[-0.459,50.9307],[-0.4572,50.9334],[-0.4572,50.9351],[-0.4551,50.9348],[-0.4552,50.935],[-0.454,50.9352],[-0.4542,50.9356],[-0.4492,50.9364],[-0.4462,50.9363],[-0.4467,50.9385],[-0.4478,50.9405],[-0.4471,50.9406],[-0.4469,50.9399],[-0.4457,50.9406],[-0.4418,50.9406],[-0.4395,50.9474],[-0.4388,50.9493],[-0.4374,50.9529],[-0.4367,50.9541],[-0.4343,50.9568],[-0.4322,50.9604],[-0.4312,50.9612],[-0.4272,50.9639],[-0.4279,50.9642],[-0.4267,50.9662],[-0.4237,50.9707],[-0.4222,50.9719],[-0.4238,50.9724],[-0.4213,50.9746],[-0.4224,50.9754],[-0.4221,50.9764],[-0.4164,50.9855],[-0.4155,50.9886],[-0.4166,50.9888],[-0.4202,50.9907],[-0.4197,50.9932],[-0.4203,50.9932],[-0.4204,50.9956],[-0.4233,50.9958],[-0.4238,50.9962],[-0.4239,50.9971],[-0.4233,50.9981],[-0.4208,50.9992],[-0.4171,51.0033],[-0.4138,51.0029],[-0.4142,51.0022],[-0.4171,50.9995],[-0.4191,50.9941],[-0.4192,50.9927],[-0.4187,50.9926],[-0.4193,50.9907],[-0.4191,50.9903]]]]}},{"type":"Feature","properties":{"FID":6355,"MSOA21CD":"E02006603","MSOA21NM":"Horsham 016","MSOA21NMW":" ","BNG_E":521364,"BNG_N":110931,"LAT":50.8851,"LONG":-0.276,"Shape__Area":30043497.5437,"Shape__Length":40919.354,"GlobalID":"e8395cc9-0876-4401-bf43-77f66f076f25","msoa21hclnm":"Steyning & Upper Beeding","localauthorityname":"Horsham","type":"Present in 2011","Life_expectancy_at_birth_male":82.22,"Life_expectancy_at_birth_female":87.5035,"Healthy_life_expectancy_male":71.2,"Healthy_life_expectancy_female":73.8,"Area_Name":"Steyning & Upper Beeding","Life_expectancy_at_birth_male_compared_to_england":"Better","Life_expectancy_at_birth_female_compared_to_england":"Better","Healthy_life_expectancy_male_compared_to_england":"Better","Healthy_life_expectancy_female_compared_to_england":"Better"},"geometry":{"type":"MultiPolygon","coordinates":[[[[-0.3389,50.8906],[-0.3427,50.8894],[-0.3404,50.8879],[-0.3357,50.8884],[-0.3328,50.8894],[-0.3331,50.8901],[-0.3342,50.8909],[-0.3342,50.8915],[-0.3357,50.8923],[-0.3336,50.8916],[-0.333,50.8921],[-0.3332,50.8924],[-0.3325,50.8924],[-0.3319,50.894],[-0.3309,50.8939],[-0.3297,50.8929],[-0.3292,50.8923],[-0.3274,50.8917],[-0.3276,50.8913],[-0.3275,50.8907],[-0.3262,50.8905],[-0.3262,50.8916],[-0.3235,50.8913],[-0.3232,50.8915],[-0.3254,50.8923],[-0.3254,50.8938],[-0.3245,50.8941],[-0.3239,50.8938],[-0.3222,50.894],[-0.3217,50.8924],[-0.3211,50.8925],[-0.3213,50.8916],[-0.32,50.8924],[-0.3188,50.8927],[-0.3157,50.8923],[-0.3131,50.8929],[-0.3129,50.8938],[-0.3098,50.8928],[-0.31,50.892],[-0.3085,50.891],[-0.3088,50.8908],[-0.3097,50.8888],[-0.3094,50.888],[-0.3079,50.8875],[-0.3079,50.8873],[-0.3086,50.8852],[-0.3084,50.8849],[-0.3083,50.8847],[-0.3076,50.8838],[-0.3076,50.8838],[-0.3068,50.883],[-0.3067,50.8824],[-0.3066,50.8821],[-0.3066,50.8817],[-0.3058,50.8814],[-0.3048,50.8809],[-0.3044,50.8807],[-0.3034,50.8798],[-0.3034,50.8798],[-0.3034,50.8798],[-0.3045,50.8775],[-0.3045,50.8774],[-0.3029,50.8754],[-0.3038,50.8721],[-0.3016,50.871],[-0.301,50.8692],[-0.2994,50.8688],[-0.2987,50.8682],[-0.2987,50.8663],[-0.2987,50.8663],[-0.3029,50.8661],[-0.3076,50.8665],[-0.3095,50.8652],[-0.3114,50.8648],[-0.3135,50.8649],[-0.3136,50.8645],[-0.3161,50.8647],[-0.3204,50.8654],[-0.3255,50.8638],[-0.3316,50.8631],[-0.3397,50.8625],[-0.3433,50.8629],[-0.3438,50.8629],[-0.3446,50.864],[-0.3491,50.8644],[-0.3487,50.8652],[-0.3491,50.866],[-0.3519,50.8674],[-0.353,50.8683],[-0.3558,50.8695],[-0.3599,50.8725],[-0.3646,50.8745],[-0.3635,50.8762],[-0.364,50.8768],[-0.3662,50.8769],[-0.3661,50.8793],[-0.3667,50.8822],[-0.3665,50.8845],[-0.3639,50.8885],[-0.3624,50.8897],[-0.359,50.8909],[-0.3584,50.8907],[-0.3563,50.8921],[-0.352,50.893],[-0.3473,50.895],[-0.3466,50.8949],[-0.3368,50.8925],[-0.3389,50.8906]]],[[[-0.2442,50.9074],[-0.2416,50.9022],[-0.2416,50.902],[-0.2435,50.9021],[-0.2438,50.9015],[-0.2432,50.8993],[-0.2439,50.8958],[-0.2433,50.8917],[-0.2438,50.8887],[-0.2438,50.8849],[-0.2451,50.8806],[-0.2456,50.8763],[-0.2469,50.8763],[-0.2484,50.875],[-0.2487,50.8731],[-0.2443,50.869],[-0.2424,50.8683],[-0.2392,50.8679],[-0.2398,50.866],[-0.2406,50.8652],[-0.245,50.8638],[-0.2485,50.8641],[-0.2496,50.868],[-0.249,50.8706],[-0.2497,50.871],[-0.2553,50.8716],[-0.2589,50.8712],[-0.2564,50.8659],[-0.2566,50.8623],[-0.2592,50.8622],[-0.2622,50.8623],[-0.2695,50.8637],[-0.2761,50.8634],[-0.28,50.8632],[-0.288,50.8642],[-0.2904,50.8638],[-0.2909,50.8627],[-0.2925,50.8629],[-0.2964,50.8642],[-0.2995,50.8642],[-0.2999,50.8647],[-0.2999,50.8647],[-0.299,50.8649],[-0.2984,50.8655],[-0.2982,50.8681],[-0.2991,50.8689],[-0.3007,50.8693],[-0.3012,50.8711],[-0.3035,50.8722],[-0.3027,50.8741],[-0.3027,50.8755],[-0.304,50.8773],[-0.3042,50.8774],[-0.3037,50.8785],[-0.3032,50.8785],[-0.3035,50.8787],[-0.3033,50.8794],[-0.3032,50.8794],[-0.3031,50.8799],[-0.3048,50.8812],[-0.3059,50.8817],[-0.3065,50.882],[-0.3066,50.8831],[-0.3083,50.885],[-0.3078,50.8866],[-0.3075,50.8876],[-0.3084,50.8879],[-0.3091,50.8882],[-0.3092,50.8883],[-0.3095,50.8887],[-0.3095,50.8887],[-0.3094,50.889],[-0.3089,50.89],[-0.3086,50.8906],[-0.3071,50.8918],[-0.3068,50.8935],[-0.3035,50.8956],[-0.304,50.8965],[-0.3035,50.8993],[-0.3022,50.8995],[-0.2993,50.8989],[-0.2987,50.8989],[-0.2974,50.8991],[-0.2949,50.8989],[-0.294,50.8988],[-0.2928,50.8992],[-0.2919,50.901],[-0.2925,50.9026],[-0.2918,50.9036],[-0.2917,50.9044],[-0.2922,50.9058],[-0.2911,50.9061],[-0.2886,50.9053],[-0.2817,50.9047],[-0.2772,50.9039],[-0.2779,50.9016],[-0.277,50.9002],[-0.2758,50.8998],[-0.2773,50.8977],[-0.2699,50.8981],[-0.2634,50.8966],[-0.2626,50.8967],[-0.26,50.9039],[-0.2585,50.9037],[-0.2554,50.9038],[-0.2549,50.905],[-0.2533,50.9053],[-0.2518,50.9064],[-0.2518,50.9068],[-0.2499,50.907],[-0.2473,50.9068],[-0.2471,50.9064],[-0.2467,50.9064],[-0.2452,50.9066],[-0.2442,50.9074]]]]}},{"type":"Feature","properties":{"FID":6356,"MSOA21CD":"E02006604","MSOA21NM":"Mid Sussex 001","MSOA21NMW":" ","BNG_E":539130,"BNG_N":138722,"LAT":51.1309,"LONG":-0.013,"Shape__Area":3060697.0067,"Shape__Length":14301.6305,"GlobalID":"35bff572-356e-445f-a1b1-0ddd2c2ff0bd","msoa21hclnm":"East Grinstead Central & North","localauthorityname":"Mid Sussex","type":"Present in 2011","Life_expectancy_at_birth_male":78.3995,"Life_expectancy_at_birth_female":84.0124,"Healthy_life_expectancy_male":66.5,"Healthy_life_expectancy_female":69.9,"Area_Name":"East Grinstead Central & North","Life_expectancy_at_birth_male_compared_to_england":"Similar","Life_expectancy_at_birth_female_compared_to_england":"Similar","Healthy_life_expectancy_male_compared_to_england":"Better","Healthy_life_expectancy_female_compared_to_england":"Better"},"geometry":{"type":"MultiPolygon","coordinates":[[[[-0.0167,51.141],[-0.0162,51.1404],[-0.0144,51.14],[-0.0144,51.1397],[-0.0134,51.1396],[-0.0122,51.1389],[-0.0113,51.1391],[-0.0095,51.1382],[-0.0068,51.1392],[-0.0063,51.1384],[-0.0066,51.1376],[-0.0054,51.1382],[-0.0043,51.138],[-0.0032,51.1381],[-0.0006,51.1392],[0.0013,51.1396],[0.007,51.139],[0.006,51.139],[0.005,51.1385],[0.0055,51.1379],[0.0036,51.1374],[0.0022,51.1363],[0.0015,51.1367],[0.0011,51.1364],[-2.8526e-06,51.1373],[-0.0009,51.1368],[-0.0019,51.1361],[-0.0011,51.1353],[-0.0014,51.1348],[-0.0008,51.1344],[-0.0011,51.1341],[-0.0015,51.1329],[-0.0025,51.1329],[-0.0025,51.1333],[-0.0032,51.1331],[-0.0041,51.1321],[-0.0037,51.1319],[-0.004,51.1317],[-0.0037,51.1314],[-0.0046,51.131],[-0.0039,51.1286],[-0.0046,51.1289],[-0.0051,51.1278],[-0.0051,51.1271],[-0.0038,51.1267],[-0.0037,51.1267],[-0.0013,51.1261],[-0.0006,51.1273],[0.0013,51.1274],[0.0013,51.127],[0.0022,51.1243],[0.0021,51.1234],[-0.0003,51.1236],[-0,51.1232],[0.0004,51.1225],[-0.0003,51.1224],[-0.0012,51.1228],[-0.0025,51.123],[-0.0024,51.1227],[-0.0032,51.1224],[-0.0035,51.1227],[-0.0039,51.1226],[-0.0046,51.1223],[-0.0058,51.1223],[-0.0074,51.1202],[-0.0087,51.1197],[-0.009,51.1208],[-0.0102,51.1208],[-0.0107,51.1213],[-0.0116,51.1212],[-0.0116,51.1228],[-0.0117,51.123],[-0.0148,51.1221],[-0.0166,51.1204],[-0.0181,51.1216],[-0.0182,51.1222],[-0.0183,51.1218],[-0.0188,51.1217],[-0.019,51.1219],[-0.0195,51.1217],[-0.0198,51.1219],[-0.0208,51.1218],[-0.0212,51.1222],[-0.0224,51.1224],[-0.0236,51.123],[-0.0221,51.1238],[-0.0191,51.1254],[-0.0176,51.1268],[-0.0164,51.1288],[-0.0159,51.1296],[-0.0157,51.13],[-0.0152,51.1308],[-0.0133,51.1334],[-0.0183,51.1306],[-0.02,51.1297],[-0.0205,51.1291],[-0.0206,51.1286],[-0.0211,51.1286],[-0.0211,51.129],[-0.0205,51.1306],[-0.0216,51.1311],[-0.0218,51.1316],[-0.0235,51.1323],[-0.0226,51.1331],[-0.024,51.1336],[-0.0241,51.1336],[-0.0249,51.1338],[-0.0252,51.1332],[-0.0261,51.1328],[-0.028,51.1331],[-0.0291,51.1326],[-0.0296,51.133],[-0.0316,51.1342],[-0.0308,51.1349],[-0.0324,51.1358],[-0.0314,51.1366],[-0.0308,51.1364],[-0.0301,51.1371],[-0.0297,51.1383],[-0.0313,51.1383],[-0.0323,51.139],[-0.0312,51.1387],[-0.0276,51.1386],[-0.0246,51.1386],[-0.0233,51.1389],[-0.0206,51.1393],[-0.02,51.1393],[-0.0204,51.141],[-0.0187,51.1408],[-0.0184,51.1412],[-0.0178,51.1412],[-0.0167,51.141]]]]}},{"type":"Feature","properties":{"FID":6357,"MSOA21CD":"E02006605","MSOA21NM":"Mid Sussex 002","MSOA21NMW":" ","BNG_E":531832,"BNG_N":136494,"LAT":51.1126,"LONG":-0.118,"Shape__Area":22693398.5275,"Shape__Length":27653.6006,"GlobalID":"f859f615-3155-4ecc-a612-787734a5c709","msoa21hclnm":"Copthorne & Turners Hill","localauthorityname":"Mid Sussex","type":"Present in 2011","Life_expectancy_at_birth_male":82.0374,"Life_expectancy_at_birth_female":84.4009,"Healthy_life_expectancy_male":71.1,"Healthy_life_expectancy_female":72.5,"Area_Name":"Copthorne & Turners Hill","Life_expectancy_at_birth_male_compared_to_england":"Better","Life_expectancy_at_birth_female_compared_to_england":"Similar","Healthy_life_expectancy_male_compared_to_england":"Better","Healthy_life_expectancy_female_compared_to_england":"Better"},"geometry":{"type":"MultiPolygon","coordinates":[[[[-0.1317,51.1415],[-0.131,51.1395],[-0.1274,51.1395],[-0.1276,51.1403],[-0.1251,51.1409],[-0.1245,51.1403],[-0.1238,51.1403],[-0.121,51.1407],[-0.119,51.1408],[-0.1187,51.1405],[-0.118,51.1406],[-0.1174,51.1412],[-0.1173,51.1416],[-0.1148,51.1412],[-0.1149,51.1408],[-0.1116,51.1404],[-0.1118,51.1401],[-0.1092,51.1394],[-0.0996,51.1387],[-0.0937,51.1384],[-0.0931,51.1387],[-0.0922,51.1335],[-0.0921,51.1316],[-0.0939,51.1314],[-0.0954,51.1305],[-0.0982,51.13],[-0.1006,51.13],[-0.1008,51.1296],[-0.1008,51.1292],[-0.1013,51.129],[-0.1038,51.1289],[-0.1057,51.1228],[-0.1058,51.1195],[-0.1022,51.1191],[-0.1023,51.1168],[-0.1028,51.1167],[-0.1025,51.116],[-0.094,51.1171],[-0.0868,51.1152],[-0.087,51.1146],[-0.0845,51.1143],[-0.0831,51.1123],[-0.0836,51.1114],[-0.0804,51.1084],[-0.0816,51.108],[-0.0812,51.1069],[-0.0829,51.1063],[-0.0824,51.1054],[-0.0828,51.1051],[-0.0818,51.1043],[-0.081,51.1032],[-0.0814,51.103],[-0.0809,51.1023],[-0.0838,51.1012],[-0.081,51.0994],[-0.0759,51.0982],[-0.0768,51.0983],[-0.0802,51.0965],[-0.083,51.0956],[-0.0877,51.0924],[-0.0902,51.0919],[-0.0902,51.0919],[-0.0924,51.0914],[-0.0949,51.0912],[-0.0971,51.0904],[-0.0978,51.0908],[-0.0977,51.0914],[-0.098,51.0912],[-0.0988,51.0926],[-0.1019,51.0905],[-0.105,51.0893],[-0.1086,51.0888],[-0.1102,51.0873],[-0.1115,51.0854],[-0.1125,51.0851],[-0.1156,51.0853],[-0.1132,51.0868],[-0.115,51.0885],[-0.1158,51.0874],[-0.1182,51.0856],[-0.1186,51.084],[-0.1202,51.0828],[-0.1207,51.0816],[-0.1237,51.0829],[-0.1235,51.0831],[-0.1239,51.0835],[-0.1325,51.0838],[-0.1334,51.0859],[-0.1354,51.0857],[-0.137,51.0861],[-0.1406,51.0856],[-0.1436,51.0842],[-0.144,51.0836],[-0.1469,51.0825],[-0.1494,51.083],[-0.1499,51.0834],[-0.1539,51.0833],[-0.1565,51.0838],[-0.158,51.0849],[-0.1595,51.085],[-0.1608,51.083],[-0.1604,51.081],[-0.1607,51.0798],[-0.1616,51.0827],[-0.1613,51.0929],[-0.1608,51.0932],[-0.1569,51.0951],[-0.1536,51.0967],[-0.1511,51.0989],[-0.1506,51.0993],[-0.1472,51.1014],[-0.1464,51.1022],[-0.1452,51.1026],[-0.1452,51.1032],[-0.1395,51.1081],[-0.1374,51.1115],[-0.137,51.1132],[-0.1368,51.1162],[-0.1369,51.1171],[-0.1378,51.1191],[-0.1379,51.1206],[-0.1387,51.1205],[-0.1403,51.123],[-0.1411,51.1254],[-0.1414,51.126],[-0.1412,51.1291],[-0.1406,51.1309],[-0.1395,51.1324],[-0.1395,51.1326],[-0.14,51.1342],[-0.1399,51.1361],[-0.1376,51.1422],[-0.1317,51.1415]]]]}},{"type":"Feature","properties":{"FID":6358,"MSOA21CD":"E02006606","MSOA21NM":"Mid Sussex 003","MSOA21NMW":" ","BNG_E":541382,"BNG_N":137776,"LAT":51.1218,"LONG":0.0188,"Shape__Area":7851057.2833,"Shape__Length":17484.1176,"GlobalID":"fb8642e3-d356-4d09-999b-32787844d09c","msoa21hclnm":"East Grinstead East","localauthorityname":"Mid Sussex","type":"Present in 2011","Life_expectancy_at_birth_male":81.4842,"Life_expectancy_at_birth_female":85.6565,"Healthy_life_expectancy_male":71.2,"Healthy_life_expectancy_female":73.9,"Area_Name":"East Grinstead East","Life_expectancy_at_birth_male_compared_to_england":"Better","Life_expectancy_at_birth_female_compared_to_england":"Better","Healthy_life_expectancy_male_compared_to_england":"Better","Healthy_life_expectancy_female_compared_to_england":"Better"},"geometry":{"type":"MultiPolygon","coordinates":[[[[0.0274,51.1399],[0.0261,51.137],[0.0272,51.1356],[0.0278,51.1332],[0.026,51.1319],[0.0253,51.1282],[0.0255,51.1273],[0.0259,51.1268],[0.0265,51.1267],[0.0262,51.1249],[0.0252,51.1235],[0.0255,51.1228],[0.0269,51.1218],[0.0278,51.1192],[0.0282,51.1177],[0.0328,51.1166],[0.0342,51.1159],[0.0349,51.115],[0.0365,51.1151],[0.0375,51.1132],[0.0368,51.1122],[0.04,51.1118],[0.0415,51.1122],[0.0413,51.1109],[0.0442,51.1111],[0.0446,51.1109],[0.0445,51.1106],[0.0413,51.1102],[0.0393,51.1094],[0.0385,51.1099],[0.0381,51.1098],[0.0375,51.1104],[0.0368,51.1105],[0.0366,51.1101],[0.0354,51.1098],[0.0342,51.1086],[0.0329,51.1086],[0.0331,51.1083],[0.0323,51.1081],[0.0319,51.1086],[0.0285,51.1086],[0.027,51.1086],[0.0272,51.109],[0.0254,51.109],[0.0239,51.1079],[0.0215,51.107],[0.0186,51.1036],[0.0157,51.1046],[0.0132,51.1061],[0.0095,51.1104],[0.0086,51.1088],[0.0067,51.1077],[0.0069,51.1067],[0.0058,51.1062],[0.005,51.1053],[0.0039,51.1063],[0.0049,51.1083],[0.0042,51.1099],[0.0035,51.1101],[0.0031,51.1097],[0.0031,51.11],[0.0024,51.1102],[0.0023,51.1108],[0.0016,51.1109],[0.0012,51.1105],[0.0002,51.1112],[-0.0019,51.1109],[-0.0023,51.1115],[-0.0029,51.1113],[-0.0032,51.1117],[-0.0041,51.1114],[-0.0053,51.1118],[-0.0048,51.1123],[-0.0048,51.1134],[-0.0027,51.1138],[-0.0019,51.1153],[-0.0058,51.1163],[-0.0049,51.1172],[-0.006,51.1182],[-0.0057,51.1191],[-0.0066,51.1195],[-0.0067,51.1196],[-0.0074,51.1202],[-0.0058,51.1223],[-0.0046,51.1223],[-0.0039,51.1226],[-0.0035,51.1227],[-0.0032,51.1224],[-0.0024,51.1227],[-0.0025,51.123],[-0.0012,51.1228],[-0.0003,51.1224],[0.0004,51.1225],[-0,51.1232],[-0.0003,51.1236],[0.0021,51.1234],[0.0022,51.1243],[0.0013,51.127],[0.0013,51.1274],[-0.0006,51.1273],[-0.0013,51.1261],[-0.0037,51.1267],[-0.0038,51.1267],[-0.0051,51.1271],[-0.0051,51.1278],[-0.0046,51.1289],[-0.0039,51.1286],[-0.0046,51.131],[-0.0037,51.1314],[-0.004,51.1317],[-0.0037,51.1319],[-0.0041,51.1321],[-0.0032,51.1331],[-0.0025,51.1333],[-0.0025,51.1329],[-0.0015,51.1329],[-0.0011,51.1341],[-0.0008,51.1344],[-0.0014,51.1348],[-0.0011,51.1353],[-0.0019,51.1361],[-0.0009,51.1368],[-2.8526e-06,51.1373],[0.0011,51.1364],[0.0015,51.1367],[0.0022,51.1363],[0.0036,51.1374],[0.0055,51.1379],[0.005,51.1385],[0.006,51.139],[0.007,51.139],[0.0168,51.1391],[0.0199,51.14],[0.021,51.1393],[0.0233,51.1391],[0.0274,51.1399]]]]}},{"type":"Feature","properties":{"FID":6359,"MSOA21CD":"E02006607","MSOA21NM":"Mid Sussex 004","MSOA21NMW":" ","BNG_E":538367,"BNG_N":136798,"LAT":51.1138,"LONG":-0.0246,"Shape__Area":16027542.699,"Shape__Length":24339.1418,"GlobalID":"d681a617-7510-4c20-9a5e-6f175b1c32fb","msoa21hclnm":"East Grinstead West & South","localauthorityname":"Mid Sussex","type":"Present in 2011","Life_expectancy_at_birth_male":82.0861,"Life_expectancy_at_birth_female":86.4365,"Healthy_life_expectancy_male":71.6,"Healthy_life_expectancy_female":74.5,"Area_Name":"East Grinstead West & South","Life_expectancy_at_birth_male_compared_to_england":"Better","Life_expectancy_at_birth_female_compared_to_england":"Better","Healthy_life_expectancy_male_compared_to_england":"Better","Healthy_life_expectancy_female_compared_to_england":"Better"},"geometry":{"type":"MultiPolygon","coordinates":[[[[-0.0323,51.139],[-0.0313,51.1383],[-0.0297,51.1383],[-0.0301,51.1371],[-0.0308,51.1364],[-0.0314,51.1366],[-0.0324,51.1358],[-0.0308,51.1349],[-0.0316,51.1342],[-0.0296,51.133],[-0.0291,51.1326],[-0.028,51.1331],[-0.0261,51.1328],[-0.0252,51.1332],[-0.0249,51.1338],[-0.0241,51.1336],[-0.024,51.1336],[-0.0226,51.1331],[-0.0235,51.1323],[-0.0218,51.1316],[-0.0216,51.1311],[-0.0205,51.1306],[-0.0211,51.129],[-0.0211,51.1286],[-0.0206,51.1286],[-0.0205,51.1291],[-0.02,51.1297],[-0.0183,51.1306],[-0.0133,51.1334],[-0.0152,51.1308],[-0.0157,51.13],[-0.0159,51.1296],[-0.0164,51.1288],[-0.0176,51.1268],[-0.0191,51.1254],[-0.0221,51.1238],[-0.0236,51.123],[-0.0224,51.1224],[-0.0212,51.1222],[-0.0208,51.1218],[-0.0198,51.1219],[-0.0195,51.1217],[-0.019,51.1219],[-0.0188,51.1217],[-0.0183,51.1218],[-0.0182,51.1222],[-0.0181,51.1216],[-0.0166,51.1204],[-0.0148,51.1221],[-0.0117,51.123],[-0.0116,51.1228],[-0.0116,51.1212],[-0.0107,51.1213],[-0.0102,51.1208],[-0.009,51.1208],[-0.0087,51.1197],[-0.0074,51.1202],[-0.0067,51.1196],[-0.0066,51.1195],[-0.0057,51.1191],[-0.006,51.1182],[-0.0049,51.1172],[-0.0058,51.1163],[-0.0019,51.1153],[-0.0027,51.1138],[-0.0048,51.1134],[-0.0048,51.1123],[-0.0053,51.1118],[-0.0041,51.1114],[-0.0032,51.1117],[-0.0029,51.1113],[-0.0023,51.1115],[-0.0019,51.1109],[0.0002,51.1112],[0.0012,51.1105],[0.0016,51.1109],[0.0023,51.1108],[0.0024,51.1102],[0.0031,51.11],[0.0031,51.1097],[0.0035,51.1101],[0.0042,51.1099],[0.0049,51.1083],[0.0039,51.1063],[0.005,51.1053],[0.0065,51.1047],[0.0073,51.1048],[0.0084,51.1043],[0.0088,51.1044],[0.0114,51.1026],[0.0105,51.1022],[0.0078,51.1026],[0.0029,51.1023],[0.0014,51.1014],[-0.0007,51.101],[-0.0042,51.0992],[-0.0053,51.0989],[-0.0071,51.0991],[-0.0072,51.0984],[-0.0101,51.0969],[-0.012,51.0963],[-0.0139,51.0975],[-0.0142,51.0968],[-0.0158,51.0966],[-0.0177,51.097],[-0.0183,51.0964],[-0.0196,51.096],[-0.0213,51.0968],[-0.0217,51.0966],[-0.0216,51.0959],[-0.0223,51.0954],[-0.0254,51.0942],[-0.0262,51.0917],[-0.027,51.0917],[-0.028,51.0931],[-0.0296,51.0937],[-0.0308,51.0942],[-0.0322,51.0943],[-0.0355,51.0938],[-0.0362,51.0935],[-0.0362,51.093],[-0.0351,51.0924],[-0.0328,51.0924],[-0.0346,51.0899],[-0.0351,51.0897],[-0.0356,51.0873],[-0.0363,51.0862],[-0.0371,51.087],[-0.0408,51.0878],[-0.0447,51.089],[-0.0462,51.0897],[-0.0492,51.0906],[-0.0487,51.0914],[-0.0462,51.0923],[-0.0473,51.093],[-0.0468,51.0942],[-0.0483,51.0953],[-0.0499,51.0974],[-0.0477,51.0985],[-0.0477,51.099],[-0.0505,51.1015],[-0.0515,51.1033],[-0.0517,51.1049],[-0.0532,51.1066],[-0.0535,51.1088],[-0.0572,51.1104],[-0.0576,51.1112],[-0.0603,51.1122],[-0.0602,51.1135],[-0.0572,51.1152],[-0.0533,51.1154],[-0.0538,51.1163],[-0.0551,51.1168],[-0.0558,51.1187],[-0.0557,51.1192],[-0.0565,51.1207],[-0.0568,51.1215],[-0.0556,51.1221],[-0.0574,51.1251],[-0.0586,51.1265],[-0.0594,51.1285],[-0.0603,51.1299],[-0.0602,51.1309],[-0.0597,51.1319],[-0.0586,51.1322],[-0.0579,51.1328],[-0.0567,51.1338],[-0.0563,51.1368],[-0.0546,51.1374],[-0.0464,51.1391],[-0.0427,51.1395],[-0.0332,51.1393],[-0.0323,51.139]]]]}},{"type":"Feature","properties":{"FID":6360,"MSOA21CD":"E02006608","MSOA21NM":"Mid Sussex 005","MSOA21NMW":" ","BNG_E":534580,"BNG_N":137453,"LAT":51.1206,"LONG":-0.0784,"Shape__Area":11157654.3406,"Shape__Length":16987.7328,"GlobalID":"04a0e805-242c-44b4-98ab-844d8d6b547a","msoa21hclnm":"Crawley Down","localauthorityname":"Mid Sussex","type":"Present in 2011","Life_expectancy_at_birth_male":83.2753,"Life_expectancy_at_birth_female":85.091,"Healthy_life_expectancy_male":72.1,"Healthy_life_expectancy_female":72.6,"Area_Name":"Crawley Down","Life_expectancy_at_birth_male_compared_to_england":"Better","Life_expectancy_at_birth_female_compared_to_england":"Similar","Healthy_life_expectancy_male_compared_to_england":"Better","Healthy_life_expectancy_female_compared_to_england":"Better"},"geometry":{"type":"MultiPolygon","coordinates":[[[[-0.0854,51.1428],[-0.0815,51.1424],[-0.0763,51.1423],[-0.07,51.1414],[-0.0661,51.1411],[-0.0632,51.1413],[-0.0563,51.1368],[-0.0567,51.1338],[-0.0579,51.1328],[-0.0586,51.1322],[-0.0597,51.1319],[-0.0602,51.1309],[-0.0603,51.1299],[-0.0594,51.1285],[-0.0586,51.1265],[-0.0574,51.1251],[-0.0556,51.1221],[-0.0568,51.1215],[-0.0565,51.1207],[-0.0557,51.1192],[-0.0558,51.1187],[-0.0551,51.1168],[-0.0538,51.1163],[-0.0533,51.1154],[-0.0572,51.1152],[-0.0602,51.1135],[-0.0603,51.1122],[-0.0576,51.1112],[-0.0572,51.1104],[-0.0535,51.1088],[-0.0532,51.1066],[-0.0517,51.1049],[-0.054,51.1049],[-0.0552,51.1043],[-0.0569,51.104],[-0.0594,51.1041],[-0.0611,51.1038],[-0.0662,51.1043],[-0.0672,51.1025],[-0.0694,51.1023],[-0.0719,51.101],[-0.0724,51.1015],[-0.0743,51.1002],[-0.0749,51.0981],[-0.0759,51.0982],[-0.081,51.0994],[-0.0838,51.1012],[-0.0809,51.1023],[-0.0814,51.103],[-0.081,51.1032],[-0.0818,51.1043],[-0.0828,51.1051],[-0.0824,51.1054],[-0.0829,51.1063],[-0.0812,51.1069],[-0.0816,51.108],[-0.0804,51.1084],[-0.0836,51.1114],[-0.0831,51.1123],[-0.0845,51.1143],[-0.087,51.1146],[-0.0868,51.1152],[-0.094,51.1171],[-0.1025,51.116],[-0.1028,51.1167],[-0.1023,51.1168],[-0.1022,51.1191],[-0.1058,51.1195],[-0.1057,51.1228],[-0.1038,51.1289],[-0.1013,51.129],[-0.1008,51.1292],[-0.1008,51.1296],[-0.1006,51.13],[-0.0982,51.13],[-0.0954,51.1305],[-0.0939,51.1314],[-0.0921,51.1316],[-0.0922,51.1335],[-0.0931,51.1387],[-0.0854,51.1428]]]]}},{"type":"Feature","properties":{"FID":6361,"MSOA21CD":"E02006609","MSOA21NM":"Mid Sussex 006","MSOA21NMW":" ","BNG_E":536498,"BNG_N":130366,"LAT":51.0564,"LONG":-0.0537,"Shape__Area":71266061.1948,"Shape__Length":55731.1647,"GlobalID":"99b7d2d9-70a5-4c49-af14-50973bb7ceef","msoa21hclnm":"Horsted Keynes, Ardingly & Sharpthorne","localauthorityname":"Mid Sussex","type":"Present in 2011","Life_expectancy_at_birth_male":84.0803,"Life_expectancy_at_birth_female":87.5353,"Healthy_life_expectancy_male":72.3,"Healthy_life_expectancy_female":74.6,"Area_Name":"Horsted Keynes, Ardingly & Sharpthorne","Life_expectancy_at_birth_male_compared_to_england":"Better","Life_expectancy_at_birth_female_compared_to_england":"Better","Healthy_life_expectancy_male_compared_to_england":"Better","Healthy_life_expectancy_female_compared_to_england":"Better"},"geometry":{"type":"MultiPolygon","coordinates":[[[[-0.0517,51.1049],[-0.0515,51.1033],[-0.0505,51.1015],[-0.0477,51.099],[-0.0477,51.0985],[-0.0499,51.0974],[-0.0483,51.0953],[-0.0468,51.0942],[-0.0473,51.093],[-0.0462,51.0923],[-0.0487,51.0914],[-0.0492,51.0906],[-0.0462,51.0897],[-0.0447,51.089],[-0.0408,51.0878],[-0.0371,51.087],[-0.0363,51.0862],[-0.0356,51.0873],[-0.0351,51.0897],[-0.0346,51.0899],[-0.0328,51.0924],[-0.031,51.0926],[-0.0318,51.0913],[-0.0315,51.0878],[-0.028,51.0819],[-0.0269,51.0751],[-0.024,51.0758],[-0.0218,51.0759],[-0.0196,51.0757],[-0.0168,51.0742],[-0.0133,51.074],[-0.014,51.0704],[-0.015,51.0694],[-0.0131,51.0665],[-0.0122,51.0663],[-0.0104,51.0652],[-0.0103,51.0638],[-0.0098,51.0635],[-0.0114,51.0626],[-0.0104,51.0593],[-0.0085,51.0576],[-0.0085,51.0565],[-0.0058,51.0568],[-0.0038,51.0563],[-0.0023,51.0555],[0.002,51.0557],[0.0017,51.0575],[0.0042,51.0577],[0.0043,51.0581],[0.0061,51.0575],[0.0078,51.058],[0.0087,51.0569],[0.0105,51.0573],[0.0137,51.057],[0.0113,51.053],[0.0077,51.0509],[0.004,51.0499],[0.002,51.0489],[-0.0012,51.0484],[-0.0019,51.0484],[-0.0028,51.0478],[-0.0035,51.0468],[-0.0021,51.0446],[-0.0022,51.0427],[-0.0027,51.0423],[-0.0057,51.0415],[-0.0057,51.0412],[-0.0076,51.041],[-0.0066,51.0401],[-0.0079,51.039],[-0.0075,51.038],[-0.0042,51.0383],[-0.0019,51.0377],[-0.0021,51.037],[-0.0006,51.037],[-0.0007,51.0367],[-0.0026,51.0352],[-0.0054,51.0349],[-0.008,51.0342],[-0.0082,51.0325],[-0.0101,51.0313],[-0.0106,51.0303],[-0.0122,51.0287],[-0.0135,51.0291],[-0.0155,51.0285],[-0.0172,51.0278],[-0.0179,51.028],[-0.0184,51.0277],[-0.0207,51.0275],[-0.0219,51.0265],[-0.0205,51.0262],[-0.02,51.0247],[-0.0205,51.0226],[-0.0196,51.0216],[-0.0216,51.0207],[-0.0197,51.0195],[-0.02,51.0186],[-0.0222,51.0168],[-0.0215,51.0171],[-0.0195,51.0166],[-0.0194,51.0157],[-0.016,51.0148],[-0.0165,51.0145],[-0.0167,51.0138],[-0.0177,51.0136],[-0.0176,51.0132],[-0.0183,51.0125],[-0.0179,51.0122],[-0.0185,51.0116],[-0.0184,51.0107],[-0.0195,51.0101],[-0.0201,51.0089],[-0.0198,51.0078],[-0.0186,51.0067],[-0.0191,51.0065],[-0.0187,51.0054],[-0.0199,51.0032],[-0.0185,51.0031],[-0.0185,51.0026],[-0.0174,51.0032],[-0.017,51.003],[-0.0157,51.003],[-0.0158,51.0025],[-0.0164,51.0025],[-0.0178,51.0002],[-0.0176,50.999],[-0.0185,50.9959],[-0.0181,50.9953],[-0.0188,50.9923],[-0.0188,50.989],[-0.0192,50.9891],[-0.0193,50.9887],[-0.0195,50.9873],[-0.0202,50.9862],[-0.0201,50.9854],[-0.0235,50.9822],[-0.0246,50.98],[-0.0293,50.9792],[-0.0322,50.9799],[-0.032,50.9796],[-0.0338,50.9779],[-0.0347,50.9775],[-0.0363,50.9772],[-0.0371,50.9774],[-0.0379,50.9788],[-0.0367,50.9791],[-0.0367,50.9798],[-0.0377,50.9796],[-0.0396,50.9793],[-0.0445,50.9796],[-0.0454,50.9805],[-0.047,50.9812],[-0.0488,50.9811],[-0.0501,50.9804],[-0.0518,50.98],[-0.0522,50.9795],[-0.0535,50.9795],[-0.0565,50.98],[-0.0584,50.98],[-0.06,50.9795],[-0.0607,50.9785],[-0.0612,50.9784],[-0.0634,50.9791],[-0.064,50.9796],[-0.0636,50.98],[-0.0638,50.9808],[-0.065,50.9812],[-0.0652,50.9821],[-0.0662,50.9828],[-0.0656,50.9837],[-0.0657,50.9858],[-0.0672,50.9891],[-0.0685,50.9896],[-0.0705,50.9913],[-0.0699,50.9925],[-0.0706,50.9939],[-0.0708,50.9954],[-0.0704,50.9962],[-0.0736,50.9964],[-0.0724,50.9978],[-0.0674,50.9997],[-0.0658,51.0011],[-0.0617,51.0018],[-0.0616,51.0026],[-0.0611,51.0029],[-0.0596,51.0034],[-0.0581,51.0033],[-0.0579,51.0043],[-0.0559,51.0041],[-0.0546,51.0043],[-0.0514,51.0042],[-0.0519,51.0051],[-0.0538,51.0063],[-0.0547,51.0075],[-0.0541,51.0079],[-0.0552,51.0078],[-0.0562,51.0081],[-0.0561,51.0086],[-0.0569,51.009],[-0.0575,51.0083],[-0.0604,51.0076],[-0.061,51.008],[-0.0616,51.0074],[-0.0622,51.0073],[-0.0652,51.008],[-0.0646,51.0084],[-0.0657,51.0092],[-0.0669,51.0086],[-0.0674,51.0093],[-0.0669,51.0098],[-0.0684,51.0118],[-0.0699,51.0141],[-0.0705,51.0148],[-0.0708,51.0155],[-0.0698,51.0156],[-0.0701,51.0159],[-0.0766,51.0195],[-0.0771,51.0196],[-0.0779,51.019],[-0.0777,51.0181],[-0.0782,51.0176],[-0.0792,51.0173],[-0.0803,51.0176],[-0.0835,51.0181],[-0.0839,51.0189],[-0.0867,51.0186],[-0.0876,51.0178],[-0.0888,51.0178],[-0.0904,51.018],[-0.0908,51.0169],[-0.0928,51.017],[-0.0928,51.0182],[-0.0936,51.0181],[-0.0971,51.0184],[-0.0986,51.018],[-0.0984,51.0187],[-0.101,51.0185],[-0.1021,51.0188],[-0.1025,51.016],[-0.1026,51.016],[-0.1046,51.0162],[-0.1056,51.0179],[-0.1069,51.0226],[-0.1077,51.0236],[-0.1117,51.0239],[-0.1123,51.0241],[-0.1105,51.0316],[-0.1115,51.0346],[-0.1126,51.036],[-0.107,51.0372],[-0.1043,51.0389],[-0.1022,51.039],[-0.1008,51.0386],[-0.1002,51.0389],[-0.1012,51.042],[-0.1005,51.0436],[-0.1058,51.0453],[-0.1074,51.0463],[-0.108,51.0471],[-0.1102,51.0504],[-0.1124,51.0512],[-0.1143,51.0513],[-0.1173,51.0522],[-0.1182,51.0531],[-0.1184,51.0543],[-0.1188,51.055],[-0.1194,51.0551],[-0.1189,51.0557],[-0.121,51.0579],[-0.1207,51.0583],[-0.1199,51.0583],[-0.1202,51.0578],[-0.1185,51.057],[-0.1175,51.0543],[-0.1168,51.054],[-0.1169,51.0536],[-0.1148,51.0525],[-0.1124,51.0529],[-0.1099,51.0519],[-0.1087,51.0517],[-0.1077,51.0511],[-0.107,51.0511],[-0.1064,51.05],[-0.1049,51.0494],[-0.1027,51.0502],[-0.1023,51.053],[-0.1036,51.0539],[-0.106,51.0568],[-0.1075,51.0577],[-0.1065,51.0603],[-0.1075,51.0634],[-0.1087,51.0655],[-0.1084,51.0677],[-0.1094,51.073],[-0.1099,51.0735],[-0.1102,51.0778],[-0.1111,51.0789],[-0.1118,51.0825],[-0.112,51.0844],[-0.1115,51.0854],[-0.1102,51.0873],[-0.1086,51.0888],[-0.105,51.0893],[-0.1019,51.0905],[-0.0988,51.0926],[-0.098,51.0912],[-0.0977,51.0914],[-0.0978,51.0908],[-0.0971,51.0904],[-0.0949,51.0912],[-0.0924,51.0914],[-0.0902,51.0919],[-0.0902,51.0919],[-0.0877,51.0924],[-0.083,51.0956],[-0.0802,51.0965],[-0.0768,51.0983],[-0.0759,51.0982],[-0.0749,51.0981],[-0.0743,51.1002],[-0.0724,51.1015],[-0.0719,51.101],[-0.0694,51.1023],[-0.0672,51.1025],[-0.0662,51.1043],[-0.0611,51.1038],[-0.0594,51.1041],[-0.0569,51.104],[-0.0552,51.1043],[-0.054,51.1049],[-0.0517,51.1049]]]]}},{"type":"Feature","properties":{"FID":6362,"MSOA21CD":"E02006610","MSOA21NM":"Mid Sussex 007","MSOA21NMW":" ","BNG_E":528089,"BNG_N":129253,"LAT":51.0483,"LONG":-0.174,"Shape__Area":74364841.7112,"Shape__Length":57988.8554,"GlobalID":"07732161-5bdc-44ae-9552-d50e4608097e","msoa21hclnm":"Balcombe & Handcross","localauthorityname":"Mid Sussex","type":"Present in 2011","Life_expectancy_at_birth_male":78.8259,"Life_expectancy_at_birth_female":83.2215,"Healthy_life_expectancy_male":68.1,"Healthy_life_expectancy_female":71,"Area_Name":"Balcombe & Handcross","Life_expectancy_at_birth_male_compared_to_england":"Similar","Life_expectancy_at_birth_female_compared_to_england":"Similar","Healthy_life_expectancy_male_compared_to_england":"Better","Healthy_life_expectancy_female_compared_to_england":"Better"},"geometry":{"type":"MultiPolygon","coordinates":[[[[-0.1613,51.0929],[-0.1616,51.0827],[-0.1607,51.0798],[-0.1604,51.081],[-0.1608,51.083],[-0.1595,51.085],[-0.158,51.0849],[-0.1565,51.0838],[-0.1539,51.0833],[-0.1499,51.0834],[-0.1494,51.083],[-0.1469,51.0825],[-0.144,51.0836],[-0.1436,51.0842],[-0.1406,51.0856],[-0.137,51.0861],[-0.1354,51.0857],[-0.1334,51.0859],[-0.1325,51.0838],[-0.1239,51.0835],[-0.1235,51.0831],[-0.1237,51.0829],[-0.1207,51.0816],[-0.1202,51.0828],[-0.1186,51.084],[-0.1182,51.0856],[-0.1158,51.0874],[-0.115,51.0885],[-0.1132,51.0868],[-0.1156,51.0853],[-0.1125,51.0851],[-0.1115,51.0854],[-0.112,51.0844],[-0.1118,51.0825],[-0.1111,51.0789],[-0.1102,51.0778],[-0.1099,51.0735],[-0.1094,51.073],[-0.1084,51.0677],[-0.1087,51.0655],[-0.1075,51.0634],[-0.1065,51.0603],[-0.1075,51.0577],[-0.106,51.0568],[-0.1036,51.0539],[-0.1023,51.053],[-0.1027,51.0502],[-0.1049,51.0494],[-0.1064,51.05],[-0.107,51.0511],[-0.1077,51.0511],[-0.1087,51.0517],[-0.1099,51.0519],[-0.1124,51.0529],[-0.1148,51.0525],[-0.1169,51.0536],[-0.1168,51.054],[-0.1175,51.0543],[-0.1185,51.057],[-0.1202,51.0578],[-0.1199,51.0583],[-0.1207,51.0583],[-0.121,51.0579],[-0.1189,51.0557],[-0.1194,51.0551],[-0.1188,51.055],[-0.1184,51.0543],[-0.1182,51.0531],[-0.1173,51.0522],[-0.1143,51.0513],[-0.1124,51.0512],[-0.1102,51.0504],[-0.108,51.0471],[-0.1074,51.0463],[-0.1058,51.0453],[-0.1005,51.0436],[-0.1012,51.042],[-0.1002,51.0389],[-0.1008,51.0386],[-0.1022,51.039],[-0.1043,51.0389],[-0.107,51.0372],[-0.1126,51.036],[-0.1115,51.0346],[-0.1105,51.0316],[-0.1123,51.0241],[-0.1117,51.0239],[-0.1077,51.0236],[-0.1069,51.0226],[-0.1056,51.0179],[-0.1046,51.0162],[-0.1071,51.0166],[-0.1075,51.0161],[-0.1086,51.0163],[-0.1094,51.0154],[-0.1106,51.0159],[-0.1114,51.0153],[-0.1127,51.0159],[-0.1139,51.0154],[-0.1156,51.0156],[-0.1183,51.0158],[-0.1218,51.0151],[-0.125,51.0158],[-0.1256,51.0162],[-0.1281,51.0161],[-0.1281,51.0168],[-0.1314,51.0165],[-0.1339,51.0168],[-0.1336,51.0187],[-0.1337,51.0191],[-0.1346,51.0191],[-0.1348,51.0186],[-0.1356,51.0186],[-0.1362,51.017],[-0.1377,51.0168],[-0.1391,51.0178],[-0.1411,51.0179],[-0.143,51.0175],[-0.1431,51.0173],[-0.144,51.0172],[-0.1432,51.0168],[-0.1436,51.0167],[-0.1437,51.016],[-0.1431,51.0159],[-0.1435,51.0152],[-0.1429,51.0151],[-0.1428,51.0148],[-0.1428,51.0148],[-0.142,51.0146],[-0.1406,51.0129],[-0.14,51.0132],[-0.1395,51.0131],[-0.1395,51.0128],[-0.1388,51.0131],[-0.1382,51.013],[-0.1362,51.0144],[-0.1354,51.0144],[-0.1333,51.0124],[-0.134,51.012],[-0.1366,51.0115],[-0.1385,51.0115],[-0.1386,51.0111],[-0.1377,51.0103],[-0.1382,51.0095],[-0.1399,51.0098],[-0.1405,51.0101],[-0.1419,51.0101],[-0.1412,51.011],[-0.1433,51.012],[-0.1459,51.0115],[-0.1453,51.014],[-0.1508,51.0151],[-0.1521,51.0156],[-0.1519,51.0158],[-0.1548,51.0152],[-0.1569,51.0144],[-0.1601,51.0118],[-0.1616,51.0124],[-0.1652,51.0129],[-0.1715,51.0128],[-0.172,51.0124],[-0.1725,51.0095],[-0.1737,51.0074],[-0.1733,51.0063],[-0.1768,51.0068],[-0.1756,51.0037],[-0.1802,51.0015],[-0.1819,50.9996],[-0.1809,50.999],[-0.1841,51.0006],[-0.1885,51.0015],[-0.1889,51.0013],[-0.1889,51.0003],[-0.19,51.0002],[-0.1937,50.9983],[-0.1958,50.9993],[-0.1974,50.9994],[-0.1999,50.9991],[-0.2013,50.9993],[-0.2021,50.9979],[-0.2026,50.9978],[-0.2028,50.9974],[-0.2021,50.9969],[-0.2033,50.9962],[-0.2032,50.995],[-0.203,50.9951],[-0.2024,50.9948],[-0.2019,50.994],[-0.203,50.9933],[-0.2032,50.9928],[-0.2039,50.9928],[-0.204,50.9925],[-0.2025,50.9917],[-0.2032,50.9913],[-0.2043,50.9914],[-0.2046,50.9884],[-0.2056,50.9883],[-0.2075,50.9874],[-0.2101,50.9876],[-0.2151,50.9879],[-0.2151,50.9882],[-0.2136,50.9892],[-0.2139,50.992],[-0.2166,50.9932],[-0.2143,50.9968],[-0.217,50.9981],[-0.2191,50.9987],[-0.2251,50.9976],[-0.2253,50.9966],[-0.2245,50.9937],[-0.2286,50.9916],[-0.2283,50.99],[-0.2312,50.9904],[-0.2321,50.9926],[-0.2331,50.9931],[-0.2362,50.9928],[-0.2367,50.9963],[-0.235,50.9987],[-0.2348,50.9996],[-0.235,51.0043],[-0.2357,51.0057],[-0.2347,51.0063],[-0.2327,51.0084],[-0.2329,51.0095],[-0.2323,51.0106],[-0.2321,51.0109],[-0.2341,51.0111],[-0.2368,51.0119],[-0.2451,51.0123],[-0.2455,51.0141],[-0.2446,51.0157],[-0.2431,51.0169],[-0.2402,51.0172],[-0.2385,51.0195],[-0.2378,51.0201],[-0.237,51.0203],[-0.2366,51.0211],[-0.2379,51.0222],[-0.2397,51.0226],[-0.2441,51.0242],[-0.2491,51.0249],[-0.2479,51.028],[-0.2481,51.0308],[-0.2471,51.0334],[-0.2439,51.0346],[-0.2408,51.0351],[-0.2394,51.0343],[-0.2393,51.0345],[-0.2358,51.0358],[-0.2361,51.0362],[-0.2291,51.0379],[-0.2281,51.0377],[-0.2282,51.0353],[-0.2265,51.0346],[-0.2253,51.0372],[-0.2241,51.0379],[-0.223,51.038],[-0.2224,51.0376],[-0.2192,51.0379],[-0.2192,51.0382],[-0.2216,51.0404],[-0.2217,51.0411],[-0.2268,51.0416],[-0.226,51.044],[-0.2236,51.0456],[-0.2223,51.0476],[-0.2212,51.048],[-0.2194,51.0518],[-0.2231,51.0572],[-0.2233,51.0583],[-0.2224,51.0605],[-0.222,51.0607],[-0.2201,51.061],[-0.2186,51.0619],[-0.2185,51.0627],[-0.2178,51.0636],[-0.2156,51.0641],[-0.2119,51.0643],[-0.2113,51.0684],[-0.213,51.072],[-0.2123,51.0722],[-0.2126,51.0754],[-0.2115,51.0751],[-0.2112,51.0778],[-0.2108,51.0792],[-0.2114,51.0824],[-0.2127,51.0849],[-0.2127,51.0859],[-0.212,51.0866],[-0.2119,51.0862],[-0.211,51.0863],[-0.2077,51.0863],[-0.2014,51.0849],[-0.1993,51.0849],[-0.1964,51.0848],[-0.1956,51.0861],[-0.191,51.0877],[-0.174,51.0893],[-0.1725,51.0899],[-0.1688,51.0905],[-0.1645,51.092],[-0.1621,51.0924],[-0.1613,51.0929]]]]}},{"type":"Feature","properties":{"FID":6363,"MSOA21CD":"E02006611","MSOA21NM":"Mid Sussex 008","MSOA21NMW":" ","BNG_E":534919,"BNG_N":124614,"LAT":51.0051,"LONG":-0.0784,"Shape__Area":5220092.5622,"Shape__Length":15850.966,"GlobalID":"06e1189c-c78e-4dff-8332-94eb0533465b","msoa21hclnm":"Haywards Heath North East","localauthorityname":"Mid Sussex","type":"Present in 2011","Life_expectancy_at_birth_male":83.0104,"Life_expectancy_at_birth_female":85.3934,"Healthy_life_expectancy_male":72.4,"Healthy_life_expectancy_female":73.5,"Area_Name":"Haywards Heath North East","Life_expectancy_at_birth_male_compared_to_england":"Better","Life_expectancy_at_birth_female_compared_to_england":"Better","Healthy_life_expectancy_male_compared_to_england":"Better","Healthy_life_expectancy_female_compared_to_england":"Better"},"geometry":{"type":"MultiPolygon","coordinates":[[[[-0.0766,51.0195],[-0.0701,51.0159],[-0.0698,51.0156],[-0.0708,51.0155],[-0.0705,51.0148],[-0.0699,51.0141],[-0.0684,51.0118],[-0.0669,51.0098],[-0.0674,51.0093],[-0.0669,51.0086],[-0.0657,51.0092],[-0.0646,51.0084],[-0.0652,51.008],[-0.0622,51.0073],[-0.0616,51.0074],[-0.061,51.008],[-0.0604,51.0076],[-0.0575,51.0083],[-0.0569,51.009],[-0.0561,51.0086],[-0.0562,51.0081],[-0.0552,51.0078],[-0.0541,51.0079],[-0.0547,51.0075],[-0.0538,51.0063],[-0.0519,51.0051],[-0.0514,51.0042],[-0.0546,51.0043],[-0.0559,51.0041],[-0.0579,51.0043],[-0.0581,51.0033],[-0.0596,51.0034],[-0.0611,51.0029],[-0.0616,51.0026],[-0.0617,51.0018],[-0.0658,51.0011],[-0.0674,50.9997],[-0.0724,50.9978],[-0.0736,50.9964],[-0.0704,50.9962],[-0.0708,50.9954],[-0.0706,50.9939],[-0.0699,50.9925],[-0.0705,50.9913],[-0.072,50.9913],[-0.0736,50.9917],[-0.0755,50.9911],[-0.0768,50.9915],[-0.078,50.9912],[-0.0792,50.9927],[-0.0799,50.9925],[-0.0813,50.9939],[-0.0819,50.994],[-0.0825,50.9929],[-0.0849,50.9932],[-0.0855,50.9938],[-0.0848,50.9943],[-0.0824,50.9959],[-0.0821,50.9957],[-0.0816,50.9961],[-0.0811,50.9961],[-0.0807,50.9966],[-0.0791,50.9967],[-0.0794,50.9971],[-0.079,50.9977],[-0.0799,50.9982],[-0.0806,50.9981],[-0.0812,50.9984],[-0.081,50.9987],[-0.0815,50.9987],[-0.0816,50.9995],[-0.0826,50.9994],[-0.0837,50.999],[-0.0851,50.9999],[-0.0833,51.0017],[-0.0827,51.0029],[-0.0824,51.0036],[-0.0816,51.0054],[-0.0808,51.0062],[-0.0827,51.006],[-0.0843,51.0051],[-0.0859,51.0051],[-0.0863,51.0051],[-0.0863,51.0051],[-0.0883,51.0049],[-0.0901,51.0061],[-0.0909,51.0073],[-0.0915,51.0074],[-0.0938,51.007],[-0.0951,51.0079],[-0.0951,51.0078],[-0.0965,51.0084],[-0.097,51.0083],[-0.0966,51.0077],[-0.0969,51.0072],[-0.0979,51.0074],[-0.1006,51.0069],[-0.1024,51.0067],[-0.103,51.0077],[-0.1031,51.0073],[-0.1037,51.0072],[-0.1036,51.0091],[-0.1044,51.0092],[-0.1049,51.0098],[-0.1051,51.0102],[-0.1038,51.0104],[-0.104,51.0122],[-0.1038,51.0135],[-0.1022,51.0145],[-0.1019,51.0142],[-0.1026,51.016],[-0.1025,51.016],[-0.1021,51.0188],[-0.101,51.0185],[-0.0984,51.0187],[-0.0986,51.018],[-0.0971,51.0184],[-0.0936,51.0181],[-0.0928,51.0182],[-0.0928,51.017],[-0.0908,51.0169],[-0.0904,51.018],[-0.0888,51.0178],[-0.0876,51.0178],[-0.0867,51.0186],[-0.0839,51.0189],[-0.0835,51.0181],[-0.0803,51.0176],[-0.0792,51.0173],[-0.0782,51.0176],[-0.0777,51.0181],[-0.0779,51.019],[-0.0771,51.0196],[-0.0766,51.0195]]]]}},{"type":"Feature","properties":{"FID":6364,"MSOA21CD":"E02006612","MSOA21NM":"Mid Sussex 009","MSOA21NMW":" ","BNG_E":532590,"BNG_N":124053,"LAT":51.0006,"LONG":-0.1117,"Shape__Area":3183807.6126,"Shape__Length":15432.6246,"GlobalID":"b08830ed-1764-4a4b-811e-5ff698ee6de7","msoa21hclnm":"Haywards Heath West","localauthorityname":"Mid Sussex","type":"Present in 2011","Life_expectancy_at_birth_male":78.1042,"Life_expectancy_at_birth_female":81.6433,"Healthy_life_expectancy_male":67.6,"Healthy_life_expectancy_female":69.3,"Area_Name":"Haywards Heath West","Life_expectancy_at_birth_male_compared_to_england":"Similar","Life_expectancy_at_birth_female_compared_to_england":"Worse","Healthy_life_expectancy_male_compared_to_england":"Better","Healthy_life_expectancy_female_compared_to_england":"Better"},"geometry":{"type":"MultiPolygon","coordinates":[[[[-0.1026,51.016],[-0.1019,51.0142],[-0.1022,51.0145],[-0.1038,51.0135],[-0.104,51.0122],[-0.1038,51.0104],[-0.1051,51.0102],[-0.1049,51.0098],[-0.1044,51.0092],[-0.1036,51.0091],[-0.1037,51.0072],[-0.1031,51.0073],[-0.103,51.0077],[-0.1024,51.0067],[-0.1006,51.0069],[-0.0979,51.0074],[-0.0969,51.0072],[-0.0966,51.0077],[-0.097,51.0083],[-0.0965,51.0084],[-0.0951,51.0078],[-0.0983,51.004],[-0.0984,51.0039],[-0.101,51.0004],[-0.1011,50.9994],[-0.101,50.999],[-0.1003,50.9958],[-0.0993,50.995],[-0.0982,50.9945],[-0.0979,50.9944],[-0.0975,50.9942],[-0.0952,50.9932],[-0.0927,50.9923],[-0.0917,50.9922],[-0.0946,50.9914],[-0.0952,50.9912],[-0.0998,50.9892],[-0.1009,50.988],[-0.1007,50.9897],[-0.0999,50.9894],[-0.0999,50.9901],[-0.0993,50.9904],[-0.1002,50.9908],[-0.1,50.9917],[-0.1007,50.9915],[-0.1011,50.9923],[-0.1006,50.9924],[-0.1009,50.9928],[-0.1029,50.9923],[-0.1037,50.9924],[-0.1045,50.9922],[-0.1062,50.9933],[-0.1057,50.994],[-0.1045,50.9942],[-0.104,50.9956],[-0.1065,50.9957],[-0.1068,50.996],[-0.1079,50.9956],[-0.1077,50.9951],[-0.1091,50.9952],[-0.1093,50.9945],[-0.1095,50.9941],[-0.1102,50.9921],[-0.1104,50.9916],[-0.1107,50.9908],[-0.1117,50.9879],[-0.1119,50.9875],[-0.1127,50.9853],[-0.1158,50.9846],[-0.117,50.9849],[-0.1174,50.9852],[-0.1177,50.9855],[-0.119,50.9879],[-0.1222,50.9949],[-0.1216,50.996],[-0.1219,50.997],[-0.1213,50.9981],[-0.1191,50.9994],[-0.1208,50.9994],[-0.1233,51],[-0.1223,51.001],[-0.1248,51.0018],[-0.1257,51.0026],[-0.1212,51.0035],[-0.1204,51.003],[-0.1187,51.003],[-0.119,51.0019],[-0.1162,51.0013],[-0.116,51.0016],[-0.1153,51.0013],[-0.1149,51.002],[-0.1141,51.002],[-0.1134,51.0029],[-0.1128,51.0027],[-0.1125,51.0031],[-0.1127,51.004],[-0.1123,51.0042],[-0.1113,51.0037],[-0.1111,51.0038],[-0.1111,51.0043],[-0.1121,51.0051],[-0.1111,51.0054],[-0.1098,51.0051],[-0.1093,51.0056],[-0.1089,51.0054],[-0.1078,51.006],[-0.1097,51.007],[-0.1092,51.0084],[-0.109,51.0089],[-0.1094,51.0092],[-0.1089,51.0095],[-0.1097,51.0104],[-0.1097,51.0105],[-0.1091,51.0112],[-0.1099,51.0113],[-0.1105,51.0128],[-0.1103,51.0135],[-0.1115,51.013],[-0.1124,51.0137],[-0.1112,51.0142],[-0.1114,51.0145],[-0.1108,51.0149],[-0.1114,51.0153],[-0.1106,51.0159],[-0.1094,51.0154],[-0.1086,51.0163],[-0.1075,51.0161],[-0.1071,51.0166],[-0.1046,51.0162],[-0.1026,51.016]]]]}},{"type":"Feature","properties":{"FID":6365,"MSOA21CD":"E02006613","MSOA21NM":"Mid Sussex 010","MSOA21NMW":" ","BNG_E":533902,"BNG_N":124029,"LAT":51.0001,"LONG":-0.0931,"Shape__Area":1640033.6616,"Shape__Length":7189.4875,"GlobalID":"314fd550-90c7-4c7e-ab23-12ddec808396","msoa21hclnm":"Haywards Heath East","localauthorityname":"Mid Sussex","type":"Present in 2011","Life_expectancy_at_birth_male":79.3155,"Life_expectancy_at_birth_female":86.826,"Healthy_life_expectancy_male":65.5,"Healthy_life_expectancy_female":69.3,"Area_Name":"Haywards Heath East","Life_expectancy_at_birth_male_compared_to_england":"Similar","Life_expectancy_at_birth_female_compared_to_england":"Better","Healthy_life_expectancy_male_compared_to_england":"Similar","Healthy_life_expectancy_female_compared_to_england":"Better"},"geometry":{"type":"MultiPolygon","coordinates":[[[[-0.0951,51.0079],[-0.0938,51.007],[-0.0915,51.0074],[-0.0909,51.0073],[-0.0901,51.0061],[-0.0883,51.0049],[-0.0863,51.0051],[-0.0863,51.0051],[-0.0859,51.0051],[-0.0843,51.0051],[-0.0827,51.006],[-0.0808,51.0062],[-0.0816,51.0054],[-0.0824,51.0036],[-0.0827,51.0029],[-0.0833,51.0017],[-0.0851,50.9999],[-0.0837,50.999],[-0.0826,50.9994],[-0.0816,50.9995],[-0.0815,50.9987],[-0.081,50.9987],[-0.0812,50.9984],[-0.0806,50.9981],[-0.0799,50.9982],[-0.079,50.9977],[-0.0794,50.9971],[-0.0791,50.9967],[-0.0807,50.9966],[-0.0811,50.9961],[-0.0816,50.9961],[-0.0821,50.9957],[-0.0824,50.9959],[-0.0848,50.9943],[-0.0855,50.9938],[-0.0849,50.9932],[-0.0859,50.9935],[-0.0866,50.993],[-0.0868,50.9942],[-0.0883,50.9947],[-0.0888,50.9952],[-0.0888,50.9955],[-0.0878,50.9954],[-0.0876,50.996],[-0.089,50.9959],[-0.089,50.9962],[-0.0898,50.9962],[-0.0896,50.9967],[-0.0911,50.9966],[-0.0907,50.9954],[-0.09,50.9951],[-0.0904,50.9947],[-0.0898,50.9943],[-0.0927,50.9923],[-0.0952,50.9932],[-0.0975,50.9942],[-0.0979,50.9944],[-0.0982,50.9945],[-0.0993,50.995],[-0.1003,50.9958],[-0.101,50.999],[-0.1011,50.9994],[-0.101,51.0004],[-0.0984,51.0039],[-0.0983,51.004],[-0.0951,51.0078],[-0.0951,51.0079]]]]}},{"type":"Feature","properties":{"FID":6366,"MSOA21CD":"E02006614","MSOA21NM":"Mid Sussex 011","MSOA21NMW":" ","BNG_E":531062,"BNG_N":123235,"LAT":50.9936,"LONG":-0.1338,"Shape__Area":24280215.3975,"Shape__Length":40018.7259,"GlobalID":"6ec57697-ea3b-4806-9773-eae416d37d71","msoa21hclnm":"Haywards Heath South & Cuckfield","localauthorityname":"Mid Sussex","type":"Present in 2011","Life_expectancy_at_birth_male":83.5939,"Life_expectancy_at_birth_female":88.6747,"Healthy_life_expectancy_male":72,"Healthy_life_expectancy_female":74.7,"Area_Name":"Haywards Heath South & Cuckfield","Life_expectancy_at_birth_male_compared_to_england":"Better","Life_expectancy_at_birth_female_compared_to_england":"Better","Healthy_life_expectancy_male_compared_to_england":"Better","Healthy_life_expectancy_female_compared_to_england":"Better"},"geometry":{"type":"MultiPolygon","coordinates":[[[[-0.1336,51.0187],[-0.1339,51.0168],[-0.1314,51.0165],[-0.1281,51.0168],[-0.1281,51.0161],[-0.1256,51.0162],[-0.125,51.0158],[-0.1218,51.0151],[-0.1183,51.0158],[-0.1156,51.0156],[-0.1139,51.0154],[-0.1127,51.0159],[-0.1114,51.0153],[-0.1108,51.0149],[-0.1114,51.0145],[-0.1112,51.0142],[-0.1124,51.0137],[-0.1115,51.013],[-0.1103,51.0135],[-0.1105,51.0128],[-0.1099,51.0113],[-0.1091,51.0112],[-0.1097,51.0105],[-0.1097,51.0104],[-0.1089,51.0095],[-0.1094,51.0092],[-0.109,51.0089],[-0.1092,51.0084],[-0.1097,51.007],[-0.1078,51.006],[-0.1089,51.0054],[-0.1093,51.0056],[-0.1098,51.0051],[-0.1111,51.0054],[-0.1121,51.0051],[-0.1111,51.0043],[-0.1111,51.0038],[-0.1113,51.0037],[-0.1123,51.0042],[-0.1127,51.004],[-0.1125,51.0031],[-0.1128,51.0027],[-0.1134,51.0029],[-0.1141,51.002],[-0.1149,51.002],[-0.1153,51.0013],[-0.116,51.0016],[-0.1162,51.0013],[-0.119,51.0019],[-0.1187,51.003],[-0.1204,51.003],[-0.1212,51.0035],[-0.1257,51.0026],[-0.1248,51.0018],[-0.1223,51.001],[-0.1233,51],[-0.1208,50.9994],[-0.1191,50.9994],[-0.1213,50.9981],[-0.1219,50.997],[-0.1216,50.996],[-0.1222,50.9949],[-0.119,50.9879],[-0.1177,50.9855],[-0.1174,50.9852],[-0.117,50.9849],[-0.1158,50.9846],[-0.1127,50.9853],[-0.1119,50.9875],[-0.1117,50.9879],[-0.1107,50.9908],[-0.1104,50.9916],[-0.1102,50.9921],[-0.1095,50.9941],[-0.1093,50.9945],[-0.1091,50.9952],[-0.1077,50.9951],[-0.1079,50.9956],[-0.1068,50.996],[-0.1065,50.9957],[-0.104,50.9956],[-0.1045,50.9942],[-0.1057,50.994],[-0.1062,50.9933],[-0.1045,50.9922],[-0.1037,50.9924],[-0.1029,50.9923],[-0.1009,50.9928],[-0.1006,50.9924],[-0.1011,50.9923],[-0.1007,50.9915],[-0.1,50.9917],[-0.1002,50.9908],[-0.0993,50.9904],[-0.0999,50.9901],[-0.0999,50.9894],[-0.1007,50.9897],[-0.1009,50.988],[-0.0998,50.9892],[-0.0952,50.9912],[-0.0946,50.9914],[-0.0917,50.9922],[-0.0927,50.9923],[-0.0898,50.9943],[-0.0904,50.9947],[-0.09,50.9951],[-0.0907,50.9954],[-0.0911,50.9966],[-0.0896,50.9967],[-0.0898,50.9962],[-0.089,50.9962],[-0.089,50.9959],[-0.0876,50.996],[-0.0878,50.9954],[-0.0888,50.9955],[-0.0888,50.9952],[-0.0883,50.9947],[-0.0868,50.9942],[-0.0866,50.993],[-0.0859,50.9935],[-0.0849,50.9932],[-0.0825,50.9929],[-0.0819,50.994],[-0.0813,50.9939],[-0.0799,50.9925],[-0.0792,50.9927],[-0.078,50.9912],[-0.0788,50.9909],[-0.0838,50.9907],[-0.0831,50.9898],[-0.082,50.9897],[-0.0824,50.9891],[-0.0853,50.9897],[-0.0863,50.9892],[-0.0868,50.9879],[-0.0925,50.9828],[-0.0931,50.9808],[-0.0932,50.9792],[-0.0942,50.9794],[-0.0973,50.9788],[-0.0981,50.9794],[-0.1021,50.9795],[-0.1017,50.9801],[-0.1027,50.9808],[-0.1044,50.9803],[-0.1072,50.9803],[-0.1088,50.9802],[-0.11,50.9788],[-0.11,50.9782],[-0.1117,50.9765],[-0.1118,50.9764],[-0.1131,50.9763],[-0.1141,50.9765],[-0.1146,50.9759],[-0.1153,50.9761],[-0.1164,50.9735],[-0.1161,50.9704],[-0.1162,50.9704],[-0.1183,50.9705],[-0.1204,50.9704],[-0.1209,50.9694],[-0.1234,50.9688],[-0.1237,50.9684],[-0.1261,50.9683],[-0.1271,50.9686],[-0.1285,50.9687],[-0.1302,50.9691],[-0.1301,50.9693],[-0.1313,50.9692],[-0.133,50.9703],[-0.1346,50.9706],[-0.136,50.97],[-0.1381,50.9681],[-0.1398,50.9679],[-0.1397,50.9674],[-0.1408,50.9674],[-0.147,50.9667],[-0.148,50.9664],[-0.1492,50.9668],[-0.1507,50.9668],[-0.1532,50.9662],[-0.1559,50.9651],[-0.1564,50.9648],[-0.1566,50.9693],[-0.1558,50.9711],[-0.1558,50.9724],[-0.1564,50.9734],[-0.1607,50.9722],[-0.1618,50.9734],[-0.1613,50.974],[-0.1599,50.9808],[-0.1634,50.9806],[-0.1691,50.9811],[-0.1703,50.9824],[-0.1728,50.9799],[-0.1751,50.9755],[-0.1747,50.9747],[-0.1765,50.9742],[-0.1769,50.9748],[-0.1772,50.9742],[-0.1779,50.9741],[-0.1797,50.9745],[-0.18,50.975],[-0.1809,50.975],[-0.1812,50.9757],[-0.1801,50.9774],[-0.1801,50.9786],[-0.181,50.9798],[-0.1809,50.9814],[-0.1796,50.9835],[-0.1809,50.9834],[-0.1823,50.9824],[-0.1852,50.982],[-0.188,50.982],[-0.1879,50.9853],[-0.1897,50.9879],[-0.1899,50.99],[-0.1897,50.9904],[-0.1886,50.9907],[-0.1853,50.9904],[-0.1836,50.9909],[-0.1831,50.9938],[-0.1817,50.9951],[-0.1817,50.9962],[-0.1806,50.9969],[-0.1808,50.9976],[-0.1801,50.9984],[-0.1809,50.999],[-0.1819,50.9996],[-0.1802,51.0015],[-0.1756,51.0037],[-0.1768,51.0068],[-0.1733,51.0063],[-0.1737,51.0074],[-0.1725,51.0095],[-0.172,51.0124],[-0.1715,51.0128],[-0.1652,51.0129],[-0.1616,51.0124],[-0.1601,51.0118],[-0.1569,51.0144],[-0.1548,51.0152],[-0.1519,51.0158],[-0.1521,51.0156],[-0.1508,51.0151],[-0.1453,51.014],[-0.1459,51.0115],[-0.1433,51.012],[-0.1412,51.011],[-0.1419,51.0101],[-0.1405,51.0101],[-0.1399,51.0098],[-0.1382,51.0095],[-0.1377,51.0103],[-0.1386,51.0111],[-0.1385,51.0115],[-0.1366,51.0115],[-0.134,51.012],[-0.1333,51.0124],[-0.1354,51.0144],[-0.1362,51.0144],[-0.1382,51.013],[-0.1388,51.0131],[-0.1395,51.0128],[-0.1395,51.0131],[-0.14,51.0132],[-0.1406,51.0129],[-0.142,51.0146],[-0.1428,51.0148],[-0.1428,51.0148],[-0.1429,51.0151],[-0.1435,51.0152],[-0.1431,51.0159],[-0.1437,51.016],[-0.1436,51.0167],[-0.1432,51.0168],[-0.144,51.0172],[-0.1431,51.0173],[-0.143,51.0175],[-0.1411,51.0179],[-0.1391,51.0178],[-0.1377,51.0168],[-0.1362,51.017],[-0.1356,51.0186],[-0.1348,51.0186],[-0.1346,51.0191],[-0.1337,51.0191],[-0.1336,51.0187]]]]}},{"type":"Feature","properties":{"FID":6367,"MSOA21CD":"E02006615","MSOA21NM":"Mid Sussex 012","MSOA21NMW":" ","BNG_E":530095,"BNG_N":119007,"LAT":50.9558,"LONG":-0.1491,"Shape__Area":1479234.5437,"Shape__Length":8944.6306,"GlobalID":"cbe7a2dd-765c-4670-9696-d018744f6620","msoa21hclnm":"Burgess Hill West","localauthorityname":"Mid Sussex","type":"Present in 2011","Life_expectancy_at_birth_male":80.9368,"Life_expectancy_at_birth_female":83.9876,"Healthy_life_expectancy_male":69.7,"Healthy_life_expectancy_female":70.9,"Area_Name":"Burgess Hill West","Life_expectancy_at_birth_male_compared_to_england":"Better","Life_expectancy_at_birth_female_compared_to_england":"Similar","Healthy_life_expectancy_male_compared_to_england":"Better","Healthy_life_expectancy_female_compared_to_england":"Better"},"geometry":{"type":"MultiPolygon","coordinates":[[[[-0.1397,50.9673],[-0.1397,50.965],[-0.1395,50.9646],[-0.1394,50.9643],[-0.1394,50.9642],[-0.1385,50.9613],[-0.1395,50.9612],[-0.141,50.9613],[-0.1441,50.9614],[-0.1465,50.9615],[-0.1497,50.9617],[-0.1501,50.9617],[-0.1529,50.9614],[-0.1531,50.9613],[-0.1537,50.961],[-0.1558,50.9604],[-0.1554,50.9583],[-0.1553,50.9574],[-0.1523,50.958],[-0.1509,50.9578],[-0.1504,50.9587],[-0.15,50.9582],[-0.1497,50.9587],[-0.1494,50.9586],[-0.1492,50.9589],[-0.1478,50.9588],[-0.1478,50.9584],[-0.147,50.9584],[-0.1464,50.9579],[-0.1458,50.9582],[-0.1454,50.958],[-0.1452,50.9583],[-0.145,50.9587],[-0.1432,50.9585],[-0.1427,50.9587],[-0.1433,50.9581],[-0.1426,50.9574],[-0.1414,50.9572],[-0.1407,50.9575],[-0.1396,50.9575],[-0.1394,50.9569],[-0.1399,50.9566],[-0.141,50.9569],[-0.1414,50.9567],[-0.1413,50.9557],[-0.142,50.9549],[-0.1429,50.9553],[-0.143,50.9558],[-0.1437,50.9553],[-0.145,50.9551],[-0.1439,50.9542],[-0.1447,50.9543],[-0.145,50.9536],[-0.148,50.9537],[-0.1484,50.9529],[-0.1504,50.9528],[-0.1508,50.9524],[-0.1514,50.9527],[-0.1534,50.9526],[-0.1541,50.9522],[-0.1537,50.95],[-0.1564,50.9522],[-0.1575,50.9544],[-0.1583,50.9558],[-0.1583,50.9571],[-0.1585,50.9587],[-0.1593,50.9601],[-0.1592,50.9617],[-0.1585,50.9629],[-0.1564,50.9648],[-0.1559,50.9651],[-0.1532,50.9662],[-0.1507,50.9668],[-0.1492,50.9668],[-0.148,50.9664],[-0.147,50.9667],[-0.1408,50.9674],[-0.1397,50.9674],[-0.1397,50.9673]]]]}},{"type":"Feature","properties":{"FID":6368,"MSOA21CD":"E02006616","MSOA21NM":"Mid Sussex 013","MSOA21NMW":" ","BNG_E":532350,"BNG_N":119769,"LAT":50.9622,"LONG":-0.1167,"Shape__Area":2663701.5507,"Shape__Length":10619.8629,"GlobalID":"5e4c0b36-48c4-47c2-8336-9ccb7f19934a","msoa21hclnm":"Burgess Hill East","localauthorityname":"Mid Sussex","type":"Present in 2011","Life_expectancy_at_birth_male":82.0827,"Life_expectancy_at_birth_female":84.678,"Healthy_life_expectancy_male":70,"Healthy_life_expectancy_female":70.1,"Area_Name":"Burgess Hill East","Life_expectancy_at_birth_male_compared_to_england":"Better","Life_expectancy_at_birth_female_compared_to_england":"Similar","Healthy_life_expectancy_male_compared_to_england":"Better","Healthy_life_expectancy_female_compared_to_england":"Better"},"geometry":{"type":"MultiPolygon","coordinates":[[[[-0.1183,50.9705],[-0.1162,50.9704],[-0.1161,50.9704],[-0.1151,50.9697],[-0.1153,50.969],[-0.1163,50.9672],[-0.1126,50.9674],[-0.111,50.9677],[-0.1105,50.9679],[-0.1098,50.9675],[-0.1086,50.967],[-0.1094,50.9657],[-0.1091,50.9655],[-0.1094,50.965],[-0.1055,50.9644],[-0.1064,50.9629],[-0.1075,50.9614],[-0.1081,50.9603],[-0.1083,50.9587],[-0.1082,50.958],[-0.1078,50.9579],[-0.1081,50.9569],[-0.1076,50.9563],[-0.1062,50.9547],[-0.1063,50.954],[-0.1052,50.9517],[-0.105,50.9493],[-0.1042,50.9473],[-0.1047,50.9456],[-0.1082,50.9482],[-0.1085,50.9476],[-0.1102,50.9472],[-0.1108,50.9474],[-0.1106,50.9481],[-0.1111,50.9481],[-0.1108,50.9485],[-0.1118,50.9488],[-0.1114,50.949],[-0.1117,50.9493],[-0.1124,50.9491],[-0.114,50.9492],[-0.1141,50.9499],[-0.1147,50.95],[-0.1148,50.9504],[-0.1154,50.9503],[-0.1151,50.9508],[-0.1166,50.951],[-0.1167,50.9516],[-0.1157,50.9528],[-0.1188,50.9552],[-0.1204,50.9558],[-0.1189,50.9547],[-0.1196,50.9544],[-0.1195,50.9548],[-0.1203,50.9546],[-0.1203,50.9542],[-0.1208,50.9546],[-0.1255,50.9543],[-0.1255,50.9541],[-0.127,50.9542],[-0.1269,50.9544],[-0.1264,50.9552],[-0.1245,50.9582],[-0.1237,50.9595],[-0.1245,50.9595],[-0.1247,50.9591],[-0.127,50.959],[-0.1274,50.9597],[-0.1277,50.9602],[-0.1295,50.9599],[-0.13,50.9607],[-0.1294,50.9611],[-0.1293,50.9622],[-0.1298,50.9626],[-0.1293,50.963],[-0.1295,50.9633],[-0.1297,50.9636],[-0.1276,50.9645],[-0.1279,50.9653],[-0.1269,50.9657],[-0.1263,50.9643],[-0.1245,50.9645],[-0.1246,50.9649],[-0.1237,50.965],[-0.1237,50.9659],[-0.1243,50.9662],[-0.1265,50.9664],[-0.1271,50.9686],[-0.1261,50.9683],[-0.1237,50.9684],[-0.1234,50.9688],[-0.1209,50.9694],[-0.1204,50.9704],[-0.1183,50.9705]]]]}},{"type":"Feature","properties":{"FID":6369,"MSOA21CD":"E02006617","MSOA21NM":"Mid Sussex 014","MSOA21NMW":" ","BNG_E":530631,"BNG_N":119406,"LAT":50.9593,"LONG":-0.1413,"Shape__Area":2364581.4649,"Shape__Length":12115.8296,"GlobalID":"6c3e4571-b0f5-47ed-a02d-3fa669245b88","msoa21hclnm":"Burgess Hill Central","localauthorityname":"Mid Sussex","type":"Present in 2011","Life_expectancy_at_birth_male":79.4756,"Life_expectancy_at_birth_female":84.077,"Healthy_life_expectancy_male":65.6,"Healthy_life_expectancy_female":67.3,"Area_Name":"Burgess Hill Central","Life_expectancy_at_birth_male_compared_to_england":"Similar","Life_expectancy_at_birth_female_compared_to_england":"Similar","Healthy_life_expectancy_male_compared_to_england":"Similar","Healthy_life_expectancy_female_compared_to_england":"Similar"},"geometry":{"type":"MultiPolygon","coordinates":[[[[-0.133,50.9703],[-0.1313,50.9692],[-0.1301,50.9693],[-0.1302,50.9691],[-0.1285,50.9687],[-0.1271,50.9686],[-0.1265,50.9664],[-0.1243,50.9662],[-0.1237,50.9659],[-0.1237,50.965],[-0.1246,50.9649],[-0.1245,50.9645],[-0.1263,50.9643],[-0.1269,50.9657],[-0.1279,50.9653],[-0.1276,50.9645],[-0.1297,50.9636],[-0.1295,50.9633],[-0.1293,50.963],[-0.1298,50.9626],[-0.1293,50.9622],[-0.1294,50.9611],[-0.13,50.9607],[-0.1295,50.9599],[-0.1277,50.9602],[-0.1274,50.9597],[-0.127,50.959],[-0.1247,50.9591],[-0.1245,50.9595],[-0.1237,50.9595],[-0.1245,50.9582],[-0.1264,50.9552],[-0.1269,50.9544],[-0.127,50.9542],[-0.1255,50.9541],[-0.1256,50.9533],[-0.1246,50.9534],[-0.1246,50.953],[-0.1259,50.9529],[-0.1259,50.9524],[-0.128,50.9527],[-0.13,50.9496],[-0.1312,50.9477],[-0.1323,50.948],[-0.1323,50.9483],[-0.133,50.9484],[-0.1323,50.9503],[-0.1347,50.9507],[-0.1345,50.9513],[-0.1357,50.952],[-0.1375,50.9521],[-0.1376,50.9524],[-0.1379,50.9521],[-0.1391,50.9521],[-0.1393,50.9511],[-0.1406,50.951],[-0.1396,50.9524],[-0.1408,50.9528],[-0.1404,50.9532],[-0.1433,50.9531],[-0.1438,50.9535],[-0.145,50.9536],[-0.1447,50.9543],[-0.1439,50.9542],[-0.145,50.9551],[-0.1437,50.9553],[-0.143,50.9558],[-0.1429,50.9553],[-0.142,50.9549],[-0.1413,50.9557],[-0.1414,50.9567],[-0.141,50.9569],[-0.1399,50.9566],[-0.1394,50.9569],[-0.1396,50.9575],[-0.1407,50.9575],[-0.1414,50.9572],[-0.1426,50.9574],[-0.1433,50.9581],[-0.1427,50.9587],[-0.1432,50.9585],[-0.145,50.9587],[-0.1452,50.9583],[-0.1454,50.958],[-0.1458,50.9582],[-0.1464,50.9579],[-0.147,50.9584],[-0.1478,50.9584],[-0.1478,50.9588],[-0.1492,50.9589],[-0.1494,50.9586],[-0.1497,50.9587],[-0.15,50.9582],[-0.1504,50.9587],[-0.1509,50.9578],[-0.1523,50.958],[-0.1553,50.9574],[-0.1554,50.9583],[-0.1558,50.9604],[-0.1537,50.961],[-0.1531,50.9613],[-0.1529,50.9614],[-0.1501,50.9617],[-0.1497,50.9617],[-0.1465,50.9615],[-0.1441,50.9614],[-0.141,50.9613],[-0.1395,50.9612],[-0.1385,50.9613],[-0.1394,50.9642],[-0.1394,50.9643],[-0.1395,50.9646],[-0.1397,50.965],[-0.1397,50.9673],[-0.1397,50.9674],[-0.1398,50.9679],[-0.1381,50.9681],[-0.136,50.97],[-0.1346,50.9706],[-0.133,50.9703]]]]}},{"type":"Feature","properties":{"FID":6370,"MSOA21CD":"E02006618","MSOA21NM":"Mid Sussex 015","MSOA21NMW":" ","BNG_E":532111,"BNG_N":118183,"LAT":50.9479,"LONG":-0.1207,"Shape__Area":2954896.7843,"Shape__Length":12124.0518,"GlobalID":"69a6385d-9492-425d-9400-2b1a55bbf179","msoa21hclnm":"Burgess Hill South","localauthorityname":"Mid Sussex","type":"Present in 2011","Life_expectancy_at_birth_male":83.2083,"Life_expectancy_at_birth_female":85.4937,"Healthy_life_expectancy_male":72.7,"Healthy_life_expectancy_female":73.8,"Area_Name":"Burgess Hill South","Life_expectancy_at_birth_male_compared_to_england":"Better","Life_expectancy_at_birth_female_compared_to_england":"Better","Healthy_life_expectancy_male_compared_to_england":"Better","Healthy_life_expectancy_female_compared_to_england":"Better"},"geometry":{"type":"MultiPolygon","coordinates":[[[[-0.1188,50.9552],[-0.1157,50.9528],[-0.1167,50.9516],[-0.1166,50.951],[-0.1151,50.9508],[-0.1154,50.9503],[-0.1148,50.9504],[-0.1147,50.95],[-0.1141,50.9499],[-0.114,50.9492],[-0.1124,50.9491],[-0.1117,50.9493],[-0.1114,50.949],[-0.1118,50.9488],[-0.1108,50.9485],[-0.1111,50.9481],[-0.1106,50.9481],[-0.1108,50.9474],[-0.1102,50.9472],[-0.1085,50.9476],[-0.1082,50.9482],[-0.1047,50.9456],[-0.1054,50.9431],[-0.1089,50.9438],[-0.1111,50.9437],[-0.1181,50.9453],[-0.1191,50.9431],[-0.12,50.9417],[-0.1247,50.9417],[-0.1247,50.9412],[-0.1285,50.9417],[-0.1286,50.9412],[-0.1344,50.9422],[-0.1358,50.9403],[-0.1395,50.9409],[-0.1393,50.9413],[-0.141,50.9413],[-0.1421,50.9416],[-0.141,50.9457],[-0.141,50.947],[-0.1429,50.9468],[-0.1474,50.9478],[-0.1482,50.948],[-0.1492,50.9484],[-0.1497,50.9492],[-0.1508,50.9492],[-0.1537,50.95],[-0.1541,50.9522],[-0.1534,50.9526],[-0.1514,50.9527],[-0.1508,50.9524],[-0.1504,50.9528],[-0.1484,50.9529],[-0.148,50.9537],[-0.145,50.9536],[-0.1438,50.9535],[-0.1433,50.9531],[-0.1404,50.9532],[-0.1408,50.9528],[-0.1396,50.9524],[-0.1406,50.951],[-0.1393,50.9511],[-0.1391,50.9521],[-0.1379,50.9521],[-0.1376,50.9524],[-0.1375,50.9521],[-0.1357,50.952],[-0.1345,50.9513],[-0.1347,50.9507],[-0.1323,50.9503],[-0.133,50.9484],[-0.1323,50.9483],[-0.1323,50.948],[-0.1312,50.9477],[-0.13,50.9496],[-0.128,50.9527],[-0.1259,50.9524],[-0.1259,50.9529],[-0.1246,50.953],[-0.1246,50.9534],[-0.1256,50.9533],[-0.1255,50.9541],[-0.1255,50.9543],[-0.1208,50.9546],[-0.1203,50.9542],[-0.1203,50.9546],[-0.1195,50.9548],[-0.1196,50.9544],[-0.1189,50.9547],[-0.1204,50.9558],[-0.1188,50.9552]]]]}},{"type":"Feature","properties":{"FID":6371,"MSOA21CD":"E02006619","MSOA21NM":"Mid Sussex 016","MSOA21NMW":" ","BNG_E":527342,"BNG_N":115582,"LAT":50.9256,"LONG":-0.1895,"Shape__Area":71774507.2749,"Shape__Length":64115.8694,"GlobalID":"ea845a33-7a84-4d98-b08f-56800efb7f0a","msoa21hclnm":"Hurstpierpoint & Bolney","localauthorityname":"Mid Sussex","type":"Present in 2011","Life_expectancy_at_birth_male":82.4079,"Life_expectancy_at_birth_female":86.8402,"Healthy_life_expectancy_male":70.5,"Healthy_life_expectancy_female":72,"Area_Name":"Hurstpierpoint & Bolney","Life_expectancy_at_birth_male_compared_to_england":"Better","Life_expectancy_at_birth_female_compared_to_england":"Better","Healthy_life_expectancy_male_compared_to_england":"Better","Healthy_life_expectancy_female_compared_to_england":"Better"},"geometry":{"type":"MultiPolygon","coordinates":[[[[-0.1801,50.9984],[-0.1808,50.9976],[-0.1806,50.9969],[-0.1817,50.9962],[-0.1817,50.9951],[-0.1831,50.9938],[-0.1836,50.9909],[-0.1853,50.9904],[-0.1886,50.9907],[-0.1897,50.9904],[-0.1899,50.99],[-0.1897,50.9879],[-0.1879,50.9853],[-0.188,50.982],[-0.1852,50.982],[-0.1823,50.9824],[-0.1809,50.9834],[-0.1796,50.9835],[-0.1809,50.9814],[-0.181,50.9798],[-0.1801,50.9786],[-0.1801,50.9774],[-0.1812,50.9757],[-0.1809,50.975],[-0.18,50.975],[-0.1797,50.9745],[-0.1779,50.9741],[-0.1772,50.9742],[-0.1769,50.9748],[-0.1765,50.9742],[-0.1747,50.9747],[-0.1751,50.9755],[-0.1728,50.9799],[-0.1703,50.9824],[-0.1691,50.9811],[-0.1634,50.9806],[-0.1599,50.9808],[-0.1613,50.974],[-0.1618,50.9734],[-0.1607,50.9722],[-0.1564,50.9734],[-0.1558,50.9724],[-0.1558,50.9711],[-0.1566,50.9693],[-0.1564,50.9648],[-0.1585,50.9629],[-0.1592,50.9617],[-0.1593,50.9601],[-0.1585,50.9587],[-0.1583,50.9571],[-0.1583,50.9558],[-0.1575,50.9544],[-0.1564,50.9522],[-0.1537,50.95],[-0.1544,50.9482],[-0.1539,50.9481],[-0.1546,50.9457],[-0.1554,50.9447],[-0.157,50.9398],[-0.1574,50.9388],[-0.1608,50.9393],[-0.1647,50.9406],[-0.1654,50.939],[-0.1646,50.9382],[-0.1662,50.9357],[-0.171,50.9354],[-0.1741,50.9352],[-0.1748,50.936],[-0.1755,50.936],[-0.1759,50.9363],[-0.1768,50.9361],[-0.1774,50.9363],[-0.1773,50.9358],[-0.178,50.9353],[-0.1783,50.9343],[-0.1791,50.9344],[-0.1787,50.9339],[-0.1774,50.934],[-0.1764,50.9335],[-0.1757,50.9333],[-0.1751,50.9335],[-0.1755,50.9328],[-0.1743,50.933],[-0.1733,50.9324],[-0.1726,50.9319],[-0.1732,50.932],[-0.1736,50.9316],[-0.1738,50.9303],[-0.173,50.93],[-0.1724,50.9304],[-0.1712,50.9302],[-0.1704,50.9304],[-0.17,50.9309],[-0.1697,50.9306],[-0.1702,50.93],[-0.1682,50.9298],[-0.1671,50.9285],[-0.1674,50.9286],[-0.1658,50.9281],[-0.1662,50.9267],[-0.1658,50.9258],[-0.1616,50.9234],[-0.1617,50.9221],[-0.1609,50.9199],[-0.1608,50.9171],[-0.1619,50.9149],[-0.162,50.9135],[-0.1544,50.9126],[-0.1539,50.9128],[-0.1537,50.9115],[-0.1551,50.9104],[-0.1544,50.9102],[-0.1546,50.9083],[-0.1521,50.9083],[-0.1519,50.9076],[-0.1496,50.9075],[-0.1482,50.9058],[-0.149,50.905],[-0.1391,50.9023],[-0.1369,50.9015],[-0.1394,50.8941],[-0.1334,50.894],[-0.134,50.8882],[-0.135,50.8866],[-0.1371,50.8846],[-0.1424,50.8843],[-0.1421,50.8858],[-0.1446,50.887],[-0.1525,50.8854],[-0.1532,50.8849],[-0.153,50.8799],[-0.1555,50.8798],[-0.1594,50.8803],[-0.1617,50.881],[-0.1664,50.8809],[-0.1681,50.8807],[-0.1685,50.8819],[-0.1676,50.8848],[-0.1682,50.885],[-0.1682,50.8856],[-0.1659,50.8923],[-0.1686,50.8924],[-0.1693,50.8899],[-0.1778,50.8905],[-0.1808,50.8884],[-0.1824,50.8883],[-0.1813,50.8836],[-0.1819,50.8809],[-0.1851,50.8766],[-0.1863,50.8757],[-0.1877,50.8756],[-0.1897,50.8744],[-0.1877,50.8686],[-0.1892,50.869],[-0.1944,50.8696],[-0.1974,50.8696],[-0.199,50.8701],[-0.2009,50.8749],[-0.2026,50.8759],[-0.2054,50.8701],[-0.2093,50.8705],[-0.2139,50.8705],[-0.2141,50.8752],[-0.2214,50.8759],[-0.2246,50.8763],[-0.2246,50.8772],[-0.2255,50.8781],[-0.2267,50.8782],[-0.2327,50.8759],[-0.2374,50.872],[-0.2388,50.8697],[-0.2392,50.8679],[-0.2424,50.8683],[-0.2443,50.869],[-0.2487,50.8731],[-0.2484,50.875],[-0.2469,50.8763],[-0.2456,50.8763],[-0.2451,50.8806],[-0.2438,50.8849],[-0.2438,50.8887],[-0.2433,50.8917],[-0.2439,50.8958],[-0.2432,50.8993],[-0.2438,50.9015],[-0.2435,50.9021],[-0.2416,50.902],[-0.2416,50.9022],[-0.2442,50.9074],[-0.2419,50.9077],[-0.2415,50.908],[-0.241,50.9077],[-0.2396,50.9077],[-0.2361,50.9082],[-0.234,50.9099],[-0.2335,50.9113],[-0.2263,50.9117],[-0.2245,50.9114],[-0.2238,50.9118],[-0.2268,50.9127],[-0.2265,50.9137],[-0.2269,50.9142],[-0.2258,50.916],[-0.2259,50.9166],[-0.2266,50.9168],[-0.2277,50.9182],[-0.2292,50.9187],[-0.2286,50.9213],[-0.2287,50.9222],[-0.2294,50.9227],[-0.2298,50.9253],[-0.2294,50.926],[-0.2301,50.9269],[-0.23,50.9276],[-0.2306,50.9286],[-0.2315,50.9289],[-0.2303,50.93],[-0.2303,50.932],[-0.2295,50.9335],[-0.2301,50.9353],[-0.2316,50.9354],[-0.2319,50.9358],[-0.2317,50.9363],[-0.2283,50.9386],[-0.2276,50.9424],[-0.2245,50.9429],[-0.2251,50.9453],[-0.2248,50.9485],[-0.2299,50.9486],[-0.2387,50.95],[-0.2402,50.9513],[-0.2409,50.9529],[-0.241,50.9574],[-0.2405,50.959],[-0.2411,50.9617],[-0.2408,50.9637],[-0.2415,50.9679],[-0.2414,50.97],[-0.2403,50.9737],[-0.2361,50.9795],[-0.2359,50.9796],[-0.2295,50.987],[-0.231,50.9892],[-0.2361,50.9872],[-0.2418,50.9868],[-0.242,50.9907],[-0.2411,50.9915],[-0.2393,50.992],[-0.2392,50.9927],[-0.2371,50.9925],[-0.2362,50.9928],[-0.2331,50.9931],[-0.2321,50.9926],[-0.2312,50.9904],[-0.2283,50.99],[-0.2286,50.9916],[-0.2245,50.9937],[-0.2253,50.9966],[-0.2251,50.9976],[-0.2191,50.9987],[-0.217,50.9981],[-0.2143,50.9968],[-0.2166,50.9932],[-0.2139,50.992],[-0.2136,50.9892],[-0.2151,50.9882],[-0.2151,50.9879],[-0.2101,50.9876],[-0.2075,50.9874],[-0.2056,50.9883],[-0.2046,50.9884],[-0.2043,50.9914],[-0.2032,50.9913],[-0.2025,50.9917],[-0.204,50.9925],[-0.2039,50.9928],[-0.2032,50.9928],[-0.203,50.9933],[-0.2019,50.994],[-0.2024,50.9948],[-0.203,50.9951],[-0.2032,50.995],[-0.2033,50.9962],[-0.2021,50.9969],[-0.2028,50.9974],[-0.2026,50.9978],[-0.2021,50.9979],[-0.2013,50.9993],[-0.1999,50.9991],[-0.1974,50.9994],[-0.1958,50.9993],[-0.1937,50.9983],[-0.19,51.0002],[-0.1889,51.0003],[-0.1889,51.0013],[-0.1885,51.0015],[-0.1841,51.0006],[-0.1809,50.999],[-0.1801,50.9984]]]]}},{"type":"Feature","properties":{"FID":6372,"MSOA21CD":"E02006620","MSOA21NM":"Mid Sussex 017","MSOA21NMW":" ","BNG_E":530222,"BNG_N":115836,"LAT":50.9273,"LONG":-0.1484,"Shape__Area":12042943.3052,"Shape__Length":20695.428,"GlobalID":"260a4d55-dc36-467d-9cde-01bd5ad8535e","msoa21hclnm":"Hassocks, Keymer & East Hurstpierpoint","localauthorityname":"Mid Sussex","type":"Present in 2011","Life_expectancy_at_birth_male":82.1697,"Life_expectancy_at_birth_female":88.3436,"Healthy_life_expectancy_male":71.5,"Healthy_life_expectancy_female":74.4,"Area_Name":"Hassocks, Keymer & East Hurstpierpoint","Life_expectancy_at_birth_male_compared_to_england":"Better","Life_expectancy_at_birth_female_compared_to_england":"Better","Healthy_life_expectancy_male_compared_to_england":"Better","Healthy_life_expectancy_female_compared_to_england":"Better"},"geometry":{"type":"MultiPolygon","coordinates":[[[[-0.1537,50.95],[-0.1508,50.9492],[-0.1497,50.9492],[-0.1492,50.9484],[-0.1482,50.948],[-0.1474,50.9478],[-0.1429,50.9468],[-0.141,50.947],[-0.141,50.9457],[-0.1421,50.9416],[-0.141,50.9413],[-0.1393,50.9413],[-0.1395,50.9409],[-0.1358,50.9403],[-0.1344,50.9422],[-0.1286,50.9412],[-0.1285,50.9417],[-0.1247,50.9412],[-0.1247,50.9417],[-0.12,50.9417],[-0.12,50.9413],[-0.1179,50.9415],[-0.1169,50.9411],[-0.1179,50.9406],[-0.1201,50.9405],[-0.1204,50.9389],[-0.1199,50.9329],[-0.1207,50.9302],[-0.1233,50.9269],[-0.1254,50.924],[-0.127,50.921],[-0.1283,50.9191],[-0.1289,50.9163],[-0.1295,50.9137],[-0.1297,50.9114],[-0.1303,50.9113],[-0.1308,50.9103],[-0.1308,50.9098],[-0.1301,50.9095],[-0.1306,50.9078],[-0.1309,50.9003],[-0.1319,50.8964],[-0.1334,50.894],[-0.1394,50.8941],[-0.1369,50.9015],[-0.1391,50.9023],[-0.149,50.905],[-0.1482,50.9058],[-0.1496,50.9075],[-0.1519,50.9076],[-0.1521,50.9083],[-0.1546,50.9083],[-0.1544,50.9102],[-0.1551,50.9104],[-0.1537,50.9115],[-0.1539,50.9128],[-0.1544,50.9126],[-0.162,50.9135],[-0.1619,50.9149],[-0.1608,50.9171],[-0.1609,50.9199],[-0.1617,50.9221],[-0.1616,50.9234],[-0.1658,50.9258],[-0.1662,50.9267],[-0.1658,50.9281],[-0.1674,50.9286],[-0.1671,50.9285],[-0.1682,50.9298],[-0.1702,50.93],[-0.1697,50.9306],[-0.17,50.9309],[-0.1704,50.9304],[-0.1712,50.9302],[-0.1724,50.9304],[-0.173,50.93],[-0.1738,50.9303],[-0.1736,50.9316],[-0.1732,50.932],[-0.1726,50.9319],[-0.1733,50.9324],[-0.1743,50.933],[-0.1755,50.9328],[-0.1751,50.9335],[-0.1757,50.9333],[-0.1764,50.9335],[-0.1774,50.934],[-0.1787,50.9339],[-0.1791,50.9344],[-0.1783,50.9343],[-0.178,50.9353],[-0.1773,50.9358],[-0.1774,50.9363],[-0.1768,50.9361],[-0.1759,50.9363],[-0.1755,50.936],[-0.1748,50.936],[-0.1741,50.9352],[-0.171,50.9354],[-0.1662,50.9357],[-0.1646,50.9382],[-0.1654,50.939],[-0.1647,50.9406],[-0.1608,50.9393],[-0.1574,50.9388],[-0.157,50.9398],[-0.1554,50.9447],[-0.1546,50.9457],[-0.1539,50.9481],[-0.1544,50.9482],[-0.1537,50.95]]]]}},{"type":"Feature","properties":{"FID":6373,"MSOA21CD":"E02006621","MSOA21NM":"Worthing 001","MSOA21NMW":" ","BNG_E":512527,"BNG_N":106489,"LAT":50.847,"LONG":-0.403,"Shape__Area":5418722.4243,"Shape__Length":13399.4208,"GlobalID":"0be32ca3-6ed3-49b3-ae7b-ac2111d83efe","msoa21hclnm":"High Salvington & Findon Valley","localauthorityname":"Worthing","type":"Present in 2011","Life_expectancy_at_birth_male":81.6826,"Life_expectancy_at_birth_female":84.5886,"Healthy_life_expectancy_male":69.2,"Healthy_life_expectancy_female":71.3,"Area_Name":"High Salvington & Findon Valley","Life_expectancy_at_birth_male_compared_to_england":"Better","Life_expectancy_at_birth_female_compared_to_england":"Better","Healthy_life_expectancy_male_compared_to_england":"Better","Healthy_life_expectancy_female_compared_to_england":"Better"},"geometry":{"type":"MultiPolygon","coordinates":[[[[-0.4106,50.8535],[-0.4093,50.8523],[-0.4073,50.8528],[-0.4069,50.8536],[-0.4054,50.8546],[-0.4033,50.8565],[-0.4022,50.8568],[-0.3977,50.8579],[-0.3968,50.8581],[-0.3953,50.8591],[-0.3925,50.8597],[-0.3888,50.8595],[-0.388,50.8582],[-0.3855,50.8564],[-0.3843,50.856],[-0.3838,50.8512],[-0.3828,50.8488],[-0.3829,50.8475],[-0.3839,50.8428],[-0.3852,50.8425],[-0.3869,50.8428],[-0.3877,50.8418],[-0.3897,50.8409],[-0.3898,50.8432],[-0.3928,50.8434],[-0.3938,50.8428],[-0.3936,50.8409],[-0.3929,50.8409],[-0.3926,50.8402],[-0.393,50.8399],[-0.3929,50.8396],[-0.3915,50.8392],[-0.3921,50.8388],[-0.3919,50.8387],[-0.3927,50.8385],[-0.3929,50.8388],[-0.3959,50.8385],[-0.3983,50.8387],[-0.3989,50.839],[-0.3995,50.8402],[-0.4011,50.84],[-0.4021,50.8403],[-0.4015,50.8406],[-0.4024,50.8407],[-0.4033,50.8407],[-0.4027,50.8395],[-0.4033,50.8392],[-0.4037,50.8394],[-0.4033,50.8398],[-0.4066,50.8398],[-0.4084,50.8398],[-0.4092,50.8394],[-0.4103,50.8397],[-0.411,50.8398],[-0.4117,50.8397],[-0.412,50.8384],[-0.4113,50.838],[-0.4115,50.8378],[-0.4134,50.838],[-0.4134,50.8387],[-0.4146,50.8387],[-0.4151,50.8384],[-0.4151,50.8388],[-0.4155,50.8388],[-0.4157,50.8382],[-0.4151,50.8376],[-0.415,50.8364],[-0.4156,50.8362],[-0.4153,50.8358],[-0.4181,50.8358],[-0.4188,50.8357],[-0.4195,50.8355],[-0.4214,50.8344],[-0.4219,50.8342],[-0.422,50.8346],[-0.4223,50.8365],[-0.4224,50.8381],[-0.4224,50.8381],[-0.4223,50.8403],[-0.4223,50.8407],[-0.4221,50.8461],[-0.423,50.8481],[-0.422,50.8509],[-0.4229,50.8518],[-0.4241,50.8549],[-0.4243,50.8569],[-0.4228,50.8602],[-0.4217,50.8602],[-0.42,50.8601],[-0.4168,50.8571],[-0.4154,50.8567],[-0.4161,50.8563],[-0.4156,50.8552],[-0.4117,50.8541],[-0.4106,50.8535]]]]}},{"type":"Feature","properties":{"FID":6374,"MSOA21CD":"E02006622","MSOA21NM":"Worthing 002","MSOA21NMW":" ","BNG_E":513116,"BNG_N":105065,"LAT":50.8341,"LONG":-0.395,"Shape__Area":1681514.4169,"Shape__Length":9614.1578,"GlobalID":"7d5018f7-fc21-4672-851f-eef27f54036d","msoa21hclnm":"Salvington","localauthorityname":"Worthing","type":"Present in 2011","Life_expectancy_at_birth_male":81.1382,"Life_expectancy_at_birth_female":83.9452,"Healthy_life_expectancy_male":66.4,"Healthy_life_expectancy_female":67.8,"Area_Name":"Salvington","Life_expectancy_at_birth_male_compared_to_england":"Better","Life_expectancy_at_birth_female_compared_to_england":"Similar","Healthy_life_expectancy_male_compared_to_england":"Similar","Healthy_life_expectancy_female_compared_to_england":"Similar"},"geometry":{"type":"MultiPolygon","coordinates":[[[[-0.3897,50.8409],[-0.3891,50.8381],[-0.3886,50.838],[-0.3889,50.8378],[-0.3885,50.8375],[-0.3885,50.8371],[-0.386,50.8359],[-0.3855,50.8362],[-0.3846,50.8356],[-0.3841,50.8346],[-0.3846,50.8345],[-0.3842,50.834],[-0.3846,50.8337],[-0.3842,50.8333],[-0.3851,50.8325],[-0.3845,50.8321],[-0.3835,50.8321],[-0.3836,50.8318],[-0.3844,50.8316],[-0.3844,50.8313],[-0.3834,50.8305],[-0.3853,50.8305],[-0.3866,50.8305],[-0.3861,50.8314],[-0.3872,50.8326],[-0.3886,50.8321],[-0.3891,50.8324],[-0.389,50.8332],[-0.3896,50.8338],[-0.39,50.8334],[-0.3909,50.8333],[-0.391,50.8318],[-0.3902,50.8315],[-0.3901,50.8311],[-0.3912,50.831],[-0.3912,50.8304],[-0.3915,50.8294],[-0.3922,50.8293],[-0.3922,50.8291],[-0.3922,50.8291],[-0.3923,50.8274],[-0.3916,50.8263],[-0.3921,50.8261],[-0.3924,50.8253],[-0.3939,50.8247],[-0.3955,50.8252],[-0.3956,50.8262],[-0.3968,50.8262],[-0.3967,50.8258],[-0.398,50.8254],[-0.3987,50.8258],[-0.3986,50.8267],[-0.3978,50.8269],[-0.3978,50.8274],[-0.3984,50.8279],[-0.3997,50.8287],[-0.4002,50.8284],[-0.4016,50.8289],[-0.4014,50.8295],[-0.4042,50.8292],[-0.4042,50.8296],[-0.4051,50.8295],[-0.4054,50.83],[-0.4056,50.8311],[-0.4052,50.8311],[-0.4051,50.8315],[-0.4051,50.8317],[-0.4058,50.8319],[-0.4059,50.8345],[-0.4058,50.8354],[-0.4079,50.8356],[-0.4084,50.8356],[-0.4084,50.836],[-0.4089,50.836],[-0.4084,50.8361],[-0.4084,50.8366],[-0.4092,50.8367],[-0.4094,50.8376],[-0.409,50.8379],[-0.4085,50.8381],[-0.4082,50.8372],[-0.4072,50.8371],[-0.407,50.8366],[-0.4059,50.8365],[-0.4056,50.8361],[-0.404,50.8361],[-0.4036,50.8364],[-0.4035,50.8364],[-0.4033,50.838],[-0.4022,50.8383],[-0.4022,50.8387],[-0.4027,50.8389],[-0.4009,50.8394],[-0.4011,50.84],[-0.3995,50.8402],[-0.3989,50.839],[-0.3983,50.8387],[-0.3959,50.8385],[-0.3929,50.8388],[-0.3927,50.8385],[-0.3919,50.8387],[-0.3921,50.8388],[-0.3915,50.8392],[-0.3929,50.8396],[-0.393,50.8399],[-0.3926,50.8402],[-0.3929,50.8409],[-0.3936,50.8409],[-0.3938,50.8428],[-0.3928,50.8434],[-0.3898,50.8432],[-0.3897,50.8409]]]]}},{"type":"Feature","properties":{"FID":6375,"MSOA21CD":"E02006623","MSOA21NM":"Worthing 003","MSOA21NMW":" ","BNG_E":511678,"BNG_N":104975,"LAT":50.8335,"LONG":-0.4155,"Shape__Area":1435651.7686,"Shape__Length":8182.3214,"GlobalID":"2f0f82e9-6569-4d73-b2f6-efc070d78b7c","msoa21hclnm":"Durrington North","localauthorityname":"Worthing","type":"Present in 2011","Life_expectancy_at_birth_male":79.9029,"Life_expectancy_at_birth_female":83.5615,"Healthy_life_expectancy_male":63.5,"Healthy_life_expectancy_female":64.7,"Area_Name":"Durrington North","Life_expectancy_at_birth_male_compared_to_england":"Similar","Life_expectancy_at_birth_female_compared_to_england":"Similar","Healthy_life_expectancy_male_compared_to_england":"Worse","Healthy_life_expectancy_female_compared_to_england":"Worse"},"geometry":{"type":"MultiPolygon","coordinates":[[[[-0.4009,50.8394],[-0.4027,50.8389],[-0.4022,50.8387],[-0.4022,50.8383],[-0.4033,50.838],[-0.4035,50.8364],[-0.4036,50.8364],[-0.404,50.8361],[-0.4056,50.8361],[-0.4059,50.8365],[-0.407,50.8366],[-0.4072,50.8371],[-0.4082,50.8372],[-0.4085,50.8381],[-0.409,50.8379],[-0.4094,50.8376],[-0.4092,50.8367],[-0.4084,50.8366],[-0.4084,50.8361],[-0.4089,50.836],[-0.4084,50.836],[-0.4084,50.8356],[-0.4079,50.8356],[-0.4058,50.8354],[-0.4059,50.8345],[-0.4058,50.8319],[-0.4051,50.8317],[-0.4051,50.8315],[-0.4052,50.8311],[-0.4056,50.8311],[-0.4054,50.83],[-0.4051,50.8295],[-0.4042,50.8296],[-0.4042,50.8292],[-0.4049,50.8291],[-0.405,50.8291],[-0.4082,50.8285],[-0.4115,50.8277],[-0.4119,50.8277],[-0.4147,50.8272],[-0.4164,50.8269],[-0.42,50.8262],[-0.4203,50.8267],[-0.4183,50.8272],[-0.4182,50.8275],[-0.419,50.828],[-0.4188,50.8285],[-0.42,50.8287],[-0.4209,50.8288],[-0.422,50.8281],[-0.4229,50.8291],[-0.4235,50.8286],[-0.424,50.8289],[-0.4242,50.83],[-0.4237,50.8307],[-0.4238,50.8312],[-0.4251,50.8318],[-0.4251,50.8326],[-0.425,50.8343],[-0.4239,50.8344],[-0.422,50.8346],[-0.4219,50.8342],[-0.4214,50.8344],[-0.4195,50.8355],[-0.4188,50.8357],[-0.4181,50.8358],[-0.4153,50.8358],[-0.4156,50.8362],[-0.415,50.8364],[-0.4151,50.8376],[-0.4157,50.8382],[-0.4155,50.8388],[-0.4151,50.8388],[-0.4151,50.8384],[-0.4146,50.8387],[-0.4134,50.8387],[-0.4134,50.838],[-0.4115,50.8378],[-0.4113,50.838],[-0.412,50.8384],[-0.4117,50.8397],[-0.411,50.8398],[-0.4103,50.8397],[-0.4092,50.8394],[-0.4084,50.8398],[-0.4066,50.8398],[-0.4033,50.8398],[-0.4037,50.8394],[-0.4033,50.8392],[-0.4027,50.8395],[-0.4033,50.8407],[-0.4024,50.8407],[-0.4015,50.8406],[-0.4021,50.8403],[-0.4011,50.84],[-0.4009,50.8394]]]]}},{"type":"Feature","properties":{"FID":6376,"MSOA21CD":"E02006624","MSOA21NM":"Worthing 004","MSOA21NMW":" ","BNG_E":514489,"BNG_N":106341,"LAT":50.8453,"LONG":-0.3752,"Shape__Area":5960495.7051,"Shape__Length":16601.6046,"GlobalID":"b0768f9b-b48b-463d-b0c8-743b2b584add","msoa21hclnm":"Broadwater West","localauthorityname":"Worthing","type":"Present in 2011","Life_expectancy_at_birth_male":82.7691,"Life_expectancy_at_birth_female":88.0756,"Healthy_life_expectancy_male":71.7,"Healthy_life_expectancy_female":74,"Area_Name":"Broadwater West","Life_expectancy_at_birth_male_compared_to_england":"Better","Life_expectancy_at_birth_female_compared_to_england":"Better","Healthy_life_expectancy_male_compared_to_england":"Better","Healthy_life_expectancy_female_compared_to_england":"Better"},"geometry":{"type":"MultiPolygon","coordinates":[[[[-0.3788,50.8626],[-0.3779,50.8615],[-0.3751,50.8614],[-0.3713,50.8608],[-0.3675,50.8605],[-0.368,50.8583],[-0.3671,50.8562],[-0.369,50.8553],[-0.3672,50.8518],[-0.3667,50.8487],[-0.3655,50.8469],[-0.3621,50.8469],[-0.3621,50.8465],[-0.3602,50.8462],[-0.3585,50.8435],[-0.3595,50.8424],[-0.3596,50.841],[-0.3594,50.8397],[-0.3597,50.8382],[-0.3593,50.838],[-0.3596,50.8367],[-0.3591,50.8356],[-0.3655,50.8343],[-0.3716,50.834],[-0.3716,50.8335],[-0.3713,50.8324],[-0.371,50.8313],[-0.3703,50.8312],[-0.3703,50.8308],[-0.3709,50.8306],[-0.3716,50.8308],[-0.372,50.8303],[-0.3722,50.8306],[-0.3727,50.8306],[-0.3724,50.8295],[-0.3723,50.8285],[-0.3711,50.828],[-0.3712,50.8276],[-0.3742,50.8282],[-0.3758,50.8292],[-0.3764,50.8296],[-0.3803,50.8294],[-0.3803,50.8288],[-0.381,50.8288],[-0.3808,50.8278],[-0.3821,50.8277],[-0.3819,50.8267],[-0.3806,50.8265],[-0.3802,50.8259],[-0.3807,50.8253],[-0.3804,50.8244],[-0.3801,50.8239],[-0.3797,50.8239],[-0.3797,50.8236],[-0.3797,50.8224],[-0.3801,50.8221],[-0.3796,50.8219],[-0.3806,50.8217],[-0.3805,50.8212],[-0.3813,50.8217],[-0.383,50.8215],[-0.3829,50.8212],[-0.3836,50.821],[-0.383,50.8207],[-0.383,50.82],[-0.3849,50.8201],[-0.3858,50.8211],[-0.3864,50.8211],[-0.3875,50.8209],[-0.3879,50.8211],[-0.388,50.8221],[-0.3882,50.8236],[-0.3882,50.8238],[-0.3917,50.8238],[-0.3916,50.8255],[-0.3916,50.8263],[-0.3923,50.8274],[-0.3922,50.8291],[-0.3922,50.8291],[-0.3922,50.8293],[-0.3915,50.8294],[-0.3912,50.8304],[-0.3912,50.831],[-0.3901,50.8311],[-0.3902,50.8315],[-0.391,50.8318],[-0.3909,50.8333],[-0.39,50.8334],[-0.3896,50.8338],[-0.389,50.8332],[-0.3891,50.8324],[-0.3886,50.8321],[-0.3872,50.8326],[-0.3861,50.8314],[-0.3866,50.8305],[-0.3853,50.8305],[-0.3834,50.8305],[-0.3844,50.8313],[-0.3844,50.8316],[-0.3836,50.8318],[-0.3835,50.8321],[-0.3845,50.8321],[-0.3851,50.8325],[-0.3842,50.8333],[-0.3846,50.8337],[-0.3842,50.834],[-0.3846,50.8345],[-0.3841,50.8346],[-0.3846,50.8356],[-0.3855,50.8362],[-0.386,50.8359],[-0.3885,50.8371],[-0.3885,50.8375],[-0.3889,50.8378],[-0.3886,50.838],[-0.3891,50.8381],[-0.3897,50.8409],[-0.3877,50.8418],[-0.3869,50.8428],[-0.3852,50.8425],[-0.3839,50.8428],[-0.3829,50.8475],[-0.3828,50.8488],[-0.3838,50.8512],[-0.3843,50.856],[-0.3855,50.8564],[-0.388,50.8582],[-0.3888,50.8595],[-0.3882,50.8595],[-0.3827,50.8628],[-0.381,50.8632],[-0.3788,50.8626]]]]}},{"type":"Feature","properties":{"FID":6377,"MSOA21CD":"E02006625","MSOA21NM":"Worthing 005","MSOA21NMW":" ","BNG_E":515289,"BNG_N":104466,"LAT":50.8282,"LONG":-0.3644,"Shape__Area":1663074.9804,"Shape__Length":7997.8602,"GlobalID":"818154e9-48dd-47d5-a814-7465764d8199","msoa21hclnm":"Broadwater East","localauthorityname":"Worthing","type":"Present in 2011","Life_expectancy_at_birth_male":77.1253,"Life_expectancy_at_birth_female":87.1384,"Healthy_life_expectancy_male":64.4,"Healthy_life_expectancy_female":69.6,"Area_Name":"Broadwater East","Life_expectancy_at_birth_male_compared_to_england":"Similar","Life_expectancy_at_birth_female_compared_to_england":"Better","Healthy_life_expectancy_male_compared_to_england":"Similar","Healthy_life_expectancy_female_compared_to_england":"Better"},"geometry":{"type":"MultiPolygon","coordinates":[[[[-0.3589,50.8346],[-0.3588,50.8342],[-0.3571,50.8343],[-0.3583,50.8306],[-0.3546,50.8297],[-0.3532,50.829],[-0.3545,50.8282],[-0.3557,50.8277],[-0.3553,50.827],[-0.3554,50.826],[-0.3571,50.8259],[-0.3571,50.8255],[-0.359,50.8253],[-0.3589,50.8251],[-0.3598,50.8256],[-0.3605,50.8256],[-0.3603,50.8247],[-0.3589,50.8245],[-0.3589,50.8242],[-0.3584,50.8241],[-0.3584,50.8233],[-0.3602,50.8237],[-0.3601,50.8232],[-0.3605,50.8231],[-0.3613,50.8237],[-0.3629,50.8233],[-0.364,50.8223],[-0.3647,50.8219],[-0.3642,50.8214],[-0.3633,50.8211],[-0.3637,50.8207],[-0.3633,50.8202],[-0.364,50.8201],[-0.3689,50.8192],[-0.3694,50.8191],[-0.3716,50.8188],[-0.3727,50.8187],[-0.3745,50.8186],[-0.375,50.8186],[-0.3758,50.8195],[-0.3753,50.8197],[-0.3743,50.8197],[-0.3728,50.8202],[-0.3728,50.8205],[-0.3729,50.8208],[-0.3731,50.8226],[-0.3737,50.8225],[-0.3738,50.8218],[-0.375,50.8221],[-0.3751,50.8224],[-0.3742,50.8228],[-0.3743,50.8233],[-0.3737,50.824],[-0.3739,50.8243],[-0.3733,50.8244],[-0.3734,50.825],[-0.3738,50.8263],[-0.3733,50.8264],[-0.3726,50.8272],[-0.3708,50.827],[-0.3697,50.8275],[-0.369,50.8274],[-0.3691,50.8278],[-0.3697,50.8277],[-0.3712,50.8276],[-0.3711,50.828],[-0.3723,50.8285],[-0.3724,50.8295],[-0.3727,50.8306],[-0.3722,50.8306],[-0.372,50.8303],[-0.3716,50.8308],[-0.3709,50.8306],[-0.3703,50.8308],[-0.3703,50.8312],[-0.371,50.8313],[-0.3713,50.8324],[-0.3716,50.8335],[-0.3716,50.834],[-0.3655,50.8343],[-0.3591,50.8356],[-0.3589,50.8346]]]]}},{"type":"Feature","properties":{"FID":6378,"MSOA21CD":"E02006626","MSOA21NM":"Worthing 006","MSOA21NMW":" ","BNG_E":510740,"BNG_N":104420,"LAT":50.8287,"LONG":-0.429,"Shape__Area":4091048.2312,"Shape__Length":11156.2939,"GlobalID":"164eab80-c655-4d30-a8af-f80c9279f773","msoa21hclnm":"Northbrook","localauthorityname":"Worthing","type":"Present in 2011","Life_expectancy_at_birth_male":79.5312,"Life_expectancy_at_birth_female":80.0027,"Healthy_life_expectancy_male":63.4,"Healthy_life_expectancy_female":63,"Area_Name":"Northbrook","Life_expectancy_at_birth_male_compared_to_england":"Similar","Life_expectancy_at_birth_female_compared_to_england":"Worse","Healthy_life_expectancy_male_compared_to_england":"Worse","Healthy_life_expectancy_female_compared_to_england":"Worse"},"geometry":{"type":"MultiPolygon","coordinates":[[[[-0.4223,50.8403],[-0.4224,50.8381],[-0.4224,50.8381],[-0.4223,50.8365],[-0.422,50.8346],[-0.4239,50.8344],[-0.425,50.8343],[-0.4251,50.8326],[-0.4251,50.8318],[-0.4238,50.8312],[-0.4237,50.8307],[-0.4242,50.83],[-0.424,50.8289],[-0.4235,50.8286],[-0.4229,50.8291],[-0.422,50.8281],[-0.4209,50.8288],[-0.42,50.8287],[-0.4188,50.8285],[-0.419,50.828],[-0.4182,50.8275],[-0.4183,50.8272],[-0.4203,50.8267],[-0.42,50.8262],[-0.4225,50.8254],[-0.4222,50.8245],[-0.4207,50.8235],[-0.4203,50.8236],[-0.4202,50.8233],[-0.4209,50.8232],[-0.4208,50.8229],[-0.4195,50.823],[-0.4199,50.8215],[-0.419,50.8213],[-0.4183,50.8214],[-0.4173,50.821],[-0.4169,50.8205],[-0.4178,50.8203],[-0.4177,50.8198],[-0.4171,50.8195],[-0.4172,50.8191],[-0.4122,50.8195],[-0.4114,50.8195],[-0.4114,50.8192],[-0.4121,50.8189],[-0.4138,50.8189],[-0.4137,50.8182],[-0.4143,50.8179],[-0.4177,50.818],[-0.4177,50.8175],[-0.4218,50.8175],[-0.4223,50.8175],[-0.4237,50.8175],[-0.4251,50.8176],[-0.4282,50.8176],[-0.4302,50.8176],[-0.4321,50.8176],[-0.4356,50.8177],[-0.4419,50.8173],[-0.4427,50.8192],[-0.4422,50.82],[-0.4429,50.8198],[-0.4436,50.8214],[-0.4437,50.8215],[-0.4451,50.8275],[-0.4437,50.8316],[-0.4436,50.8331],[-0.4459,50.8348],[-0.4465,50.8363],[-0.4457,50.8362],[-0.4455,50.8368],[-0.4433,50.8372],[-0.446,50.8399],[-0.4385,50.8407],[-0.4329,50.8398],[-0.425,50.8399],[-0.4223,50.8407],[-0.4223,50.8403]]]]}},{"type":"Feature","properties":{"FID":6379,"MSOA21CD":"E02006627","MSOA21NM":"Worthing 007","MSOA21NMW":" ","BNG_E":512476,"BNG_N":103864,"LAT":50.8234,"LONG":-0.4045,"Shape__Area":2004111.3375,"Shape__Length":9507.7409,"GlobalID":"f177ee57-e5e7-4d23-9970-5affaa883f5c","msoa21hclnm":"Durrington South","localauthorityname":"Worthing","type":"Present in 2011","Life_expectancy_at_birth_male":80.6825,"Life_expectancy_at_birth_female":84.7996,"Healthy_life_expectancy_male":66.6,"Healthy_life_expectancy_female":68,"Area_Name":"Durrington South","Life_expectancy_at_birth_male_compared_to_england":"Similar","Life_expectancy_at_birth_female_compared_to_england":"Similar","Healthy_life_expectancy_male_compared_to_england":"Better","Healthy_life_expectancy_female_compared_to_england":"Similar"},"geometry":{"type":"MultiPolygon","coordinates":[[[[-0.4016,50.8289],[-0.4002,50.8284],[-0.3997,50.8287],[-0.3984,50.8279],[-0.3978,50.8274],[-0.3978,50.8269],[-0.3986,50.8267],[-0.3987,50.8258],[-0.398,50.8254],[-0.3967,50.8258],[-0.3968,50.8262],[-0.3956,50.8262],[-0.3955,50.8252],[-0.3939,50.8247],[-0.3924,50.8253],[-0.3921,50.8261],[-0.3916,50.8263],[-0.3916,50.8255],[-0.3917,50.8238],[-0.3882,50.8238],[-0.3882,50.8236],[-0.388,50.8221],[-0.3887,50.8221],[-0.3882,50.8204],[-0.3892,50.8202],[-0.3892,50.8207],[-0.3897,50.8207],[-0.3897,50.8212],[-0.3892,50.8212],[-0.3893,50.8218],[-0.3899,50.8219],[-0.3901,50.8223],[-0.3907,50.8222],[-0.3916,50.8226],[-0.392,50.8221],[-0.3911,50.8211],[-0.3923,50.8206],[-0.3924,50.8208],[-0.3942,50.8204],[-0.3947,50.8208],[-0.3944,50.8211],[-0.3955,50.8213],[-0.3957,50.8219],[-0.3973,50.8218],[-0.3972,50.8212],[-0.3966,50.8193],[-0.3972,50.8193],[-0.3965,50.819],[-0.397,50.819],[-0.3969,50.8184],[-0.3964,50.8184],[-0.3963,50.8182],[-0.3984,50.8181],[-0.4028,50.8178],[-0.4034,50.8178],[-0.405,50.8177],[-0.4051,50.8177],[-0.4076,50.8175],[-0.41,50.8174],[-0.41,50.8174],[-0.4139,50.8174],[-0.4162,50.8175],[-0.4177,50.8175],[-0.4177,50.818],[-0.4143,50.8179],[-0.4137,50.8182],[-0.4138,50.8189],[-0.4121,50.8189],[-0.4114,50.8192],[-0.4114,50.8195],[-0.4122,50.8195],[-0.4172,50.8191],[-0.4171,50.8195],[-0.4177,50.8198],[-0.4178,50.8203],[-0.4169,50.8205],[-0.4173,50.821],[-0.4183,50.8214],[-0.419,50.8213],[-0.4199,50.8215],[-0.4195,50.823],[-0.4208,50.8229],[-0.4209,50.8232],[-0.4202,50.8233],[-0.4203,50.8236],[-0.4207,50.8235],[-0.4222,50.8245],[-0.4225,50.8254],[-0.42,50.8262],[-0.4164,50.8269],[-0.4147,50.8272],[-0.4119,50.8277],[-0.4115,50.8277],[-0.4082,50.8285],[-0.405,50.8291],[-0.4049,50.8291],[-0.4042,50.8292],[-0.4014,50.8295],[-0.4016,50.8289]]]]}},{"type":"Feature","properties":{"FID":6380,"MSOA21CD":"E02006628","MSOA21NM":"Worthing 008","MSOA21NMW":" ","BNG_E":514411,"BNG_N":103743,"LAT":50.8219,"LONG":-0.3771,"Shape__Area":1117521.4425,"Shape__Length":9540.7852,"GlobalID":"2b6bbc39-9a0a-4be9-8c0f-a113a266c568","msoa21hclnm":"Broadwater South","localauthorityname":"Worthing","type":"Present in 2011","Life_expectancy_at_birth_male":78.7602,"Life_expectancy_at_birth_female":82.3531,"Healthy_life_expectancy_male":63,"Healthy_life_expectancy_female":65.4,"Area_Name":"Broadwater South","Life_expectancy_at_birth_male_compared_to_england":"Similar","Life_expectancy_at_birth_female_compared_to_england":"Similar","Healthy_life_expectancy_male_compared_to_england":"Worse","Healthy_life_expectancy_female_compared_to_england":"Similar"},"geometry":{"type":"MultiPolygon","coordinates":[[[[-0.3742,50.8282],[-0.3712,50.8276],[-0.3697,50.8277],[-0.3691,50.8278],[-0.369,50.8274],[-0.3697,50.8275],[-0.3708,50.827],[-0.3726,50.8272],[-0.3733,50.8264],[-0.3738,50.8263],[-0.3734,50.825],[-0.3733,50.8244],[-0.3739,50.8243],[-0.3737,50.824],[-0.3743,50.8233],[-0.3742,50.8228],[-0.3751,50.8224],[-0.375,50.8221],[-0.3738,50.8218],[-0.3737,50.8225],[-0.3731,50.8226],[-0.3729,50.8208],[-0.3728,50.8205],[-0.3728,50.8202],[-0.3743,50.8197],[-0.3753,50.8197],[-0.3758,50.8195],[-0.375,50.8186],[-0.3745,50.8186],[-0.3749,50.8177],[-0.3762,50.8174],[-0.3764,50.8174],[-0.3775,50.8176],[-0.378,50.8173],[-0.378,50.8169],[-0.3774,50.8168],[-0.3783,50.8157],[-0.3782,50.8155],[-0.3786,50.8152],[-0.3781,50.8149],[-0.3782,50.8143],[-0.3792,50.8146],[-0.3799,50.8143],[-0.3803,50.8144],[-0.3802,50.8152],[-0.3811,50.8155],[-0.3822,50.8148],[-0.3829,50.8149],[-0.383,50.8153],[-0.3832,50.8168],[-0.3833,50.8177],[-0.3836,50.8181],[-0.3869,50.8183],[-0.3873,50.8186],[-0.3899,50.8185],[-0.3919,50.8185],[-0.3945,50.8183],[-0.3946,50.8183],[-0.3963,50.8182],[-0.3964,50.8184],[-0.3969,50.8184],[-0.397,50.819],[-0.3965,50.819],[-0.3972,50.8193],[-0.3966,50.8193],[-0.3972,50.8212],[-0.3973,50.8218],[-0.3957,50.8219],[-0.3955,50.8213],[-0.3944,50.8211],[-0.3947,50.8208],[-0.3942,50.8204],[-0.3924,50.8208],[-0.3923,50.8206],[-0.3911,50.8211],[-0.392,50.8221],[-0.3916,50.8226],[-0.3907,50.8222],[-0.3901,50.8223],[-0.3899,50.8219],[-0.3893,50.8218],[-0.3892,50.8212],[-0.3897,50.8212],[-0.3897,50.8207],[-0.3892,50.8207],[-0.3892,50.8202],[-0.3882,50.8204],[-0.3887,50.8221],[-0.388,50.8221],[-0.3879,50.8211],[-0.3875,50.8209],[-0.3864,50.8211],[-0.3858,50.8211],[-0.3849,50.8201],[-0.383,50.82],[-0.383,50.8207],[-0.3836,50.821],[-0.3829,50.8212],[-0.383,50.8215],[-0.3813,50.8217],[-0.3805,50.8212],[-0.3806,50.8217],[-0.3796,50.8219],[-0.3801,50.8221],[-0.3797,50.8224],[-0.3797,50.8236],[-0.3797,50.8239],[-0.3801,50.8239],[-0.3804,50.8244],[-0.3807,50.8253],[-0.3802,50.8259],[-0.3806,50.8265],[-0.3819,50.8267],[-0.3821,50.8277],[-0.3808,50.8278],[-0.381,50.8288],[-0.3803,50.8288],[-0.3803,50.8294],[-0.3764,50.8296],[-0.3758,50.8292],[-0.3742,50.8282]]]]}},{"type":"Feature","properties":{"FID":6381,"MSOA21CD":"E02006629","MSOA21NM":"Worthing 009","MSOA21NMW":" ","BNG_E":516352,"BNG_N":103561,"LAT":50.8199,"LONG":-0.3496,"Shape__Area":1857423.9729,"Shape__Length":7989.8885,"GlobalID":"0f6b963f-3f5e-43ad-afee-b51cde4b0023","msoa21hclnm":"East Worthing","localauthorityname":"Worthing","type":"Present in 2011","Life_expectancy_at_birth_male":78.4313,"Life_expectancy_at_birth_female":80.9759,"Healthy_life_expectancy_male":62.9,"Healthy_life_expectancy_female":63,"Area_Name":"East Worthing","Life_expectancy_at_birth_male_compared_to_england":"Similar","Life_expectancy_at_birth_female_compared_to_england":"Worse","Healthy_life_expectancy_male_compared_to_england":"Worse","Healthy_life_expectancy_female_compared_to_england":"Worse"},"geometry":{"type":"MultiPolygon","coordinates":[[[[-0.3543,50.8268],[-0.3542,50.826],[-0.3538,50.826],[-0.3533,50.8252],[-0.3518,50.8249],[-0.3507,50.8229],[-0.3494,50.8225],[-0.3442,50.8234],[-0.3439,50.8227],[-0.3429,50.8223],[-0.3425,50.8224],[-0.3409,50.8227],[-0.3408,50.8224],[-0.3387,50.8221],[-0.3372,50.821],[-0.3342,50.8191],[-0.3332,50.818],[-0.333,50.8177],[-0.3325,50.8175],[-0.3326,50.8174],[-0.336,50.8162],[-0.339,50.8155],[-0.3392,50.8159],[-0.3418,50.8154],[-0.3435,50.8149],[-0.3474,50.8141],[-0.3483,50.814],[-0.3483,50.8143],[-0.3489,50.8143],[-0.3509,50.8141],[-0.3516,50.8136],[-0.3516,50.8151],[-0.3522,50.8146],[-0.3526,50.8153],[-0.353,50.8152],[-0.3529,50.813],[-0.3547,50.8129],[-0.3549,50.8146],[-0.3557,50.8144],[-0.356,50.8147],[-0.3565,50.8147],[-0.3566,50.815],[-0.3559,50.8153],[-0.3562,50.8161],[-0.3568,50.8163],[-0.3577,50.816],[-0.3579,50.8164],[-0.3583,50.8163],[-0.359,50.8162],[-0.3613,50.8158],[-0.3616,50.8158],[-0.3616,50.8158],[-0.3634,50.8192],[-0.3629,50.8193],[-0.3626,50.8194],[-0.363,50.8198],[-0.3639,50.8196],[-0.364,50.8201],[-0.3633,50.8202],[-0.3637,50.8207],[-0.3633,50.8211],[-0.3642,50.8214],[-0.3647,50.8219],[-0.364,50.8223],[-0.3629,50.8233],[-0.3613,50.8237],[-0.3605,50.8231],[-0.3601,50.8232],[-0.3602,50.8237],[-0.3584,50.8233],[-0.3584,50.8241],[-0.3589,50.8242],[-0.3589,50.8245],[-0.3603,50.8247],[-0.3605,50.8256],[-0.3598,50.8256],[-0.3589,50.8251],[-0.359,50.8253],[-0.3571,50.8255],[-0.3571,50.8259],[-0.3554,50.826],[-0.3553,50.827],[-0.3543,50.8268]]]]}},{"type":"Feature","properties":{"FID":6382,"MSOA21CD":"E02006630","MSOA21NM":"Worthing 010","MSOA21NMW":" ","BNG_E":513999,"BNG_N":102714,"LAT":50.8128,"LONG":-0.3832,"Shape__Area":1073266.8863,"Shape__Length":8239.2296,"GlobalID":"b48723a7-735c-4fc6-bd1e-b00b52ddb495","msoa21hclnm":"Heene","localauthorityname":"Worthing","type":"Present in 2011","Life_expectancy_at_birth_male":76.7376,"Life_expectancy_at_birth_female":79.8438,"Healthy_life_expectancy_male":62.4,"Healthy_life_expectancy_female":63.6,"Area_Name":"Heene","Life_expectancy_at_birth_male_compared_to_england":"Worse","Life_expectancy_at_birth_female_compared_to_england":"Worse","Healthy_life_expectancy_male_compared_to_england":"Worse","Healthy_life_expectancy_female_compared_to_england":"Worse"},"geometry":{"type":"MultiPolygon","coordinates":[[[[-0.3727,50.8176],[-0.3727,50.8171],[-0.3746,50.8171],[-0.3742,50.8155],[-0.3726,50.8156],[-0.3721,50.816],[-0.3725,50.8169],[-0.3724,50.8168],[-0.3716,50.8166],[-0.371,50.8158],[-0.3717,50.8158],[-0.3731,50.815],[-0.3746,50.8148],[-0.3745,50.8144],[-0.375,50.8144],[-0.3757,50.8142],[-0.3758,50.8136],[-0.3764,50.8136],[-0.3767,50.8128],[-0.3757,50.8128],[-0.3757,50.8126],[-0.3765,50.8122],[-0.3765,50.8119],[-0.3765,50.8116],[-0.378,50.8115],[-0.3791,50.8115],[-0.3792,50.8119],[-0.3817,50.8119],[-0.3825,50.8113],[-0.3831,50.8113],[-0.3838,50.8114],[-0.3841,50.8108],[-0.3851,50.8099],[-0.3831,50.8099],[-0.3829,50.8095],[-0.3831,50.8093],[-0.3831,50.8092],[-0.383,50.809],[-0.383,50.8092],[-0.3821,50.8093],[-0.382,50.8088],[-0.3811,50.8088],[-0.381,50.8085],[-0.3804,50.8084],[-0.3801,50.8082],[-0.3783,50.8085],[-0.3782,50.808],[-0.3884,50.8068],[-0.3885,50.8072],[-0.3887,50.8083],[-0.3887,50.8085],[-0.3905,50.8084],[-0.3907,50.8093],[-0.3909,50.8102],[-0.3903,50.8102],[-0.3905,50.811],[-0.3907,50.8124],[-0.3907,50.8132],[-0.3909,50.8141],[-0.3936,50.8141],[-0.3937,50.8145],[-0.3938,50.8149],[-0.3941,50.8165],[-0.3945,50.8183],[-0.3919,50.8185],[-0.3899,50.8185],[-0.3873,50.8186],[-0.3869,50.8183],[-0.3836,50.8181],[-0.3833,50.8177],[-0.3832,50.8168],[-0.383,50.8153],[-0.3829,50.8149],[-0.3822,50.8148],[-0.3811,50.8155],[-0.3802,50.8152],[-0.3803,50.8144],[-0.3799,50.8143],[-0.3792,50.8146],[-0.3782,50.8143],[-0.3781,50.8149],[-0.3786,50.8152],[-0.3782,50.8155],[-0.3783,50.8157],[-0.3774,50.8168],[-0.378,50.8169],[-0.378,50.8173],[-0.3775,50.8176],[-0.3764,50.8174],[-0.3762,50.8174],[-0.3749,50.8177],[-0.3745,50.8186],[-0.3727,50.8187],[-0.3727,50.8176]]]]}},{"type":"Feature","properties":{"FID":6383,"MSOA21CD":"E02006631","MSOA21NM":"Worthing 011","MSOA21NMW":" ","BNG_E":515262,"BNG_N":102875,"LAT":50.814,"LONG":-0.3653,"Shape__Area":1500436.9101,"Shape__Length":10232.4703,"GlobalID":"d94f5a81-84c5-4318-a5ff-19bb578f1ed4","msoa21hclnm":"Worthing Central","localauthorityname":"Worthing","type":"Present in 2011","Life_expectancy_at_birth_male":77.158,"Life_expectancy_at_birth_female":81.3256,"Healthy_life_expectancy_male":62.4,"Healthy_life_expectancy_female":65.3,"Area_Name":"Worthing Central","Life_expectancy_at_birth_male_compared_to_england":"Worse","Life_expectancy_at_birth_female_compared_to_england":"Worse","Healthy_life_expectancy_male_compared_to_england":"Worse","Healthy_life_expectancy_female_compared_to_england":"Similar"},"geometry":{"type":"MultiPolygon","coordinates":[[[[-0.364,50.8201],[-0.3639,50.8196],[-0.363,50.8198],[-0.3626,50.8194],[-0.3629,50.8193],[-0.3634,50.8192],[-0.3616,50.8158],[-0.3616,50.8158],[-0.3613,50.8158],[-0.359,50.8162],[-0.3583,50.8163],[-0.3579,50.8164],[-0.3577,50.816],[-0.3568,50.8163],[-0.3562,50.8161],[-0.3559,50.8153],[-0.3566,50.815],[-0.3565,50.8147],[-0.356,50.8147],[-0.3557,50.8144],[-0.3549,50.8146],[-0.3547,50.8129],[-0.3529,50.813],[-0.353,50.8152],[-0.3526,50.8153],[-0.3522,50.8146],[-0.3516,50.8151],[-0.3516,50.8136],[-0.3509,50.8141],[-0.3489,50.8143],[-0.3483,50.8143],[-0.3483,50.814],[-0.3474,50.8141],[-0.3435,50.8149],[-0.3418,50.8154],[-0.3392,50.8159],[-0.339,50.8155],[-0.3437,50.8144],[-0.3485,50.8136],[-0.352,50.8127],[-0.3523,50.8126],[-0.3573,50.812],[-0.36,50.8113],[-0.36,50.8113],[-0.3634,50.8104],[-0.3638,50.81],[-0.3725,50.8086],[-0.3746,50.8086],[-0.3751,50.8083],[-0.3782,50.808],[-0.3782,50.808],[-0.3783,50.8085],[-0.3801,50.8082],[-0.3804,50.8084],[-0.381,50.8085],[-0.3811,50.8088],[-0.382,50.8088],[-0.3821,50.8093],[-0.383,50.8092],[-0.383,50.809],[-0.3831,50.8092],[-0.3831,50.8093],[-0.3829,50.8095],[-0.3831,50.8099],[-0.3851,50.8099],[-0.3841,50.8108],[-0.3838,50.8114],[-0.3831,50.8113],[-0.3825,50.8113],[-0.3817,50.8119],[-0.3792,50.8119],[-0.3791,50.8115],[-0.378,50.8115],[-0.3765,50.8116],[-0.3765,50.8119],[-0.3765,50.8122],[-0.3757,50.8126],[-0.3757,50.8128],[-0.3767,50.8128],[-0.3764,50.8136],[-0.3758,50.8136],[-0.3757,50.8142],[-0.375,50.8144],[-0.3745,50.8144],[-0.3746,50.8148],[-0.3731,50.815],[-0.3717,50.8158],[-0.371,50.8158],[-0.3716,50.8166],[-0.3724,50.8168],[-0.3725,50.8169],[-0.3721,50.816],[-0.3726,50.8156],[-0.3742,50.8155],[-0.3746,50.8171],[-0.3727,50.8171],[-0.3727,50.8176],[-0.3727,50.8187],[-0.3716,50.8188],[-0.3694,50.8191],[-0.3689,50.8192],[-0.364,50.8201]]]]}},{"type":"Feature","properties":{"FID":6384,"MSOA21CD":"E02006632","MSOA21NM":"Worthing 012","MSOA21NMW":" ","BNG_E":512874,"BNG_N":102595,"LAT":50.8119,"LONG":-0.3992,"Shape__Area":1554420.2223,"Shape__Length":5391.9033,"GlobalID":"e6ab73be-ad77-4143-9f3d-981e19935c23","msoa21hclnm":"West Worthing","localauthorityname":"Worthing","type":"Present in 2011","Life_expectancy_at_birth_male":81.241,"Life_expectancy_at_birth_female":83.962,"Healthy_life_expectancy_male":68.5,"Healthy_life_expectancy_female":70,"Area_Name":"West Worthing","Life_expectancy_at_birth_male_compared_to_england":"Better","Life_expectancy_at_birth_female_compared_to_england":"Similar","Healthy_life_expectancy_male_compared_to_england":"Better","Healthy_life_expectancy_female_compared_to_england":"Better"},"geometry":{"type":"MultiPolygon","coordinates":[[[[-0.3937,50.8145],[-0.3936,50.8141],[-0.3909,50.8141],[-0.3907,50.8132],[-0.3907,50.8124],[-0.3905,50.811],[-0.3903,50.8102],[-0.3909,50.8102],[-0.3907,50.8093],[-0.3905,50.8084],[-0.3887,50.8085],[-0.3887,50.8083],[-0.3885,50.8072],[-0.3884,50.8068],[-0.3884,50.8068],[-0.3999,50.8057],[-0.4028,50.8057],[-0.4057,50.8056],[-0.4058,50.8056],[-0.4067,50.808],[-0.4069,50.8083],[-0.4073,50.8098],[-0.4076,50.8112],[-0.4076,50.8113],[-0.4078,50.8122],[-0.408,50.8129],[-0.409,50.8129],[-0.4091,50.8133],[-0.4091,50.8137],[-0.4095,50.8153],[-0.41,50.8174],[-0.41,50.8174],[-0.4076,50.8175],[-0.4051,50.8177],[-0.405,50.8177],[-0.4034,50.8178],[-0.4028,50.8178],[-0.3984,50.8181],[-0.3963,50.8182],[-0.3946,50.8183],[-0.3945,50.8183],[-0.3941,50.8165],[-0.3938,50.8149],[-0.3937,50.8145]]]]}},{"type":"Feature","properties":{"FID":6385,"MSOA21CD":"E02006633","MSOA21NM":"Worthing 013","MSOA21NMW":" ","BNG_E":511214,"BNG_N":102378,"LAT":50.8103,"LONG":-0.4228,"Shape__Area":3166325.5977,"Shape__Length":7518.8796,"GlobalID":"e0d7ce81-5bb5-4930-be9c-e84a9958cc39","msoa21hclnm":"Goring-by-Sea","localauthorityname":"Worthing","type":"Present in 2011","Life_expectancy_at_birth_male":78.9912,"Life_expectancy_at_birth_female":85.9471,"Healthy_life_expectancy_male":67.4,"Healthy_life_expectancy_female":70.4,"Area_Name":"Goring-by-Sea","Life_expectancy_at_birth_male_compared_to_england":"Similar","Life_expectancy_at_birth_female_compared_to_england":"Better","Healthy_life_expectancy_male_compared_to_england":"Better","Healthy_life_expectancy_female_compared_to_england":"Better"},"geometry":{"type":"MultiPolygon","coordinates":[[[[-0.41,50.8174],[-0.4095,50.8153],[-0.4091,50.8137],[-0.4091,50.8133],[-0.409,50.8129],[-0.408,50.8129],[-0.4078,50.8122],[-0.4076,50.8113],[-0.4076,50.8112],[-0.4073,50.8098],[-0.4069,50.8083],[-0.4067,50.808],[-0.4058,50.8056],[-0.4209,50.8051],[-0.4213,50.805],[-0.4224,50.8048],[-0.4226,50.8043],[-0.436,50.8031],[-0.4363,50.8038],[-0.4371,50.8063],[-0.4374,50.808],[-0.438,50.8095],[-0.4393,50.8125],[-0.4401,50.8125],[-0.4411,50.8147],[-0.4412,50.8151],[-0.4413,50.8155],[-0.4419,50.8173],[-0.4356,50.8177],[-0.4321,50.8176],[-0.4302,50.8176],[-0.4282,50.8176],[-0.4251,50.8176],[-0.4237,50.8175],[-0.4223,50.8175],[-0.4218,50.8175],[-0.4177,50.8175],[-0.4162,50.8175],[-0.4139,50.8174],[-0.41,50.8174]]]]}}]}